participantSlotId,cycle,sessionNo,candidateId,questionId,gameId
"pilot_slot_001","1","1","launch-candidate:phase5h:7:english-sentence-builder:order-if-finish-01-11i74e","phase5h:7:english-sentence-builder:order-if-finish-01-11i74e","english-sentence-builder"
"pilot_slot_001","1","1","launch-candidate:phase5h:5:english-vocabulary:g35-en-vocab-protect-01-18is450","phase5h:5:english-vocabulary:g35-en-vocab-protect-01-18is450","english-vocabulary"
"pilot_slot_001","1","1","launch-candidate:phase5h:6:error-detective:math-equation-error-01-nl452y","phase5h:6:error-detective:math-equation-error-01-nl452y","error-detective"
"pilot_slot_001","1","1","launch-candidate:phase5h:7:forbidden-story:story-forbidden-u-01-1ujd3uf","phase5h:7:forbidden-story:story-forbidden-u-01-1ujd3uf","forbidden-story"
"pilot_slot_001","1","1","launch-candidate:phase5h:5:geometry-lab:g35-geometry-composite-area-01-8grgur","phase5h:5:geometry-lab:g35-geometry-composite-area-01-8grgur","geometry-lab"
"pilot_slot_001","1","1","launch-candidate:phase5h:8:lgs-foundation:lgs-probability-bag-01-10u5ryk","phase5h:8:lgs-foundation:lgs-probability-bag-01-10u5ryk","lgs-foundation"
"pilot_slot_001","1","2","launch-candidate:phase5h:8:logic-station:logic-schedule-possible-01-mssrym","phase5h:8:logic-station:logic-schedule-possible-01-mssrym","logic-station"
"pilot_slot_001","1","2","launch-candidate:phase5h:8:meaning-hunt:meaning-isik-tutmak-01-aq5911","phase5h:8:meaning-hunt:meaning-isik-tutmak-01-aq5911","meaning-hunt"
"pilot_slot_001","1","2","launch-candidate:phase5h:7:olympiad-ladder:olympiad-pigeonhole-remainder-01-144voa7","phase5h:7:olympiad-ladder:olympiad-pigeonhole-remainder-01-144voa7","olympiad-ladder"
"pilot_slot_001","1","2","launch-candidate:phase5h:8:paragraph-detective:tr-main-idea-01-122remb","phase5h:8:paragraph-detective:tr-main-idea-01-122remb","paragraph-detective"
"pilot_slot_001","1","2","launch-candidate:phase5h:8:problem-hunter:g8-linear-tank-01","phase5h:8:problem-hunter:g8-linear-tank-01","problem-hunter"
"pilot_slot_001","1","2","launch-candidate:phase5h:5:religion-practice:g5-ihlas-meaning-01","phase5h:5:religion-practice:g5-ihlas-meaning-01","religion-practice"
"pilot_slot_001","1","3","launch-candidate:phase5h:7:science-lab:science-ecosystem-chain-01-1gv13n3","phase5h:7:science-lab:science-ecosystem-chain-01-1gv13n3","science-lab"
"pilot_slot_001","1","3","launch-candidate:phase5h:6:science-reasoning:g6-bulb-brightness-variable-01","phase5h:6:science-reasoning:g6-bulb-brightness-variable-01","science-reasoning"
"pilot_slot_001","1","3","launch-candidate:phase5h:7:social-citizenship:g7-accessibility-equality-01","phase5h:7:social-citizenship:g7-accessibility-equality-01","social-citizenship"
"pilot_slot_001","1","3","launch-candidate:phase5h:6:social-map-skills:g6-relative-location-01","phase5h:6:social-map-skills:g6-relative-location-01","social-map-skills"
"pilot_slot_001","1","3","launch-candidate:phase5h:5:social-time-travel:g5-first-settlements-evidence-01","phase5h:5:social-time-travel:g5-first-settlements-evidence-01","social-time-travel"
"pilot_slot_001","1","3","launch-candidate:phase5h:6:speed-math:speed-percent-sale-01-y9orlf","phase5h:6:speed-math:speed-percent-sale-01-y9orlf","speed-math"
"pilot_slot_001","1","4","launch-candidate:phase5h:6:word-ladder:ladder-nar-kol-01-1ti8nxf","phase5h:6:word-ladder:ladder-nar-kol-01-1ti8nxf","word-ladder"
"pilot_slot_001","1","4","launch-candidate:phase5h:8:english-vocabulary:english-vocab-context-12-1jd1pbt","phase5h:8:english-vocabulary:english-vocab-context-12-1jd1pbt","english-vocabulary"
"pilot_slot_001","1","4","launch-candidate:phase5h:6:religion-practice:g6-truthfulness-01","phase5h:6:religion-practice:g6-truthfulness-01","religion-practice"
"pilot_slot_001","1","4","launch-candidate:phase5h:8:science-reasoning:g8-photosynthesis-light-01","phase5h:8:science-reasoning:g8-photosynthesis-light-01","science-reasoning"
"pilot_slot_001","1","4","launch-candidate:phase5h:8:social-time-travel:g8-national-struggle-source-01","phase5h:8:social-time-travel:g8-national-struggle-source-01","social-time-travel"
"pilot_slot_001","1","4","launch-candidate:phase5h:7:religion-practice:g7-belief-behaviour-01","phase5h:7:religion-practice:g7-belief-behaviour-01","religion-practice"
"pilot_slot_002","1","1","launch-candidate:phase5h:6:english-cloze:eng-cloze-cause-result-01-19phl4r","phase5h:6:english-cloze:eng-cloze-cause-result-01-19phl4r","english-cloze"
"pilot_slot_002","1","1","launch-candidate:phase5h:7:english-sentence-builder:order-if-finish-01-11i74e","phase5h:7:english-sentence-builder:order-if-finish-01-11i74e","english-sentence-builder"
"pilot_slot_002","1","1","launch-candidate:phase5h:5:english-vocabulary:g35-en-vocab-protect-01-18is450","phase5h:5:english-vocabulary:g35-en-vocab-protect-01-18is450","english-vocabulary"
"pilot_slot_002","1","1","launch-candidate:phase5h:7:forbidden-story:story-forbidden-u-01-1ujd3uf","phase5h:7:forbidden-story:story-forbidden-u-01-1ujd3uf","forbidden-story"
"pilot_slot_002","1","1","launch-candidate:phase5h:5:geometry-lab:g35-geometry-composite-area-01-8grgur","phase5h:5:geometry-lab:g35-geometry-composite-area-01-8grgur","geometry-lab"
"pilot_slot_002","1","1","launch-candidate:phase5h:8:lgs-foundation:lgs-probability-bag-01-10u5ryk","phase5h:8:lgs-foundation:lgs-probability-bag-01-10u5ryk","lgs-foundation"
"pilot_slot_002","1","2","launch-candidate:phase5h:7:olympiad-ladder:olympiad-pigeonhole-remainder-01-144voa7","phase5h:7:olympiad-ladder:olympiad-pigeonhole-remainder-01-144voa7","olympiad-ladder"
"pilot_slot_002","1","2","launch-candidate:phase5h:8:paragraph-detective:tr-main-idea-01-122remb","phase5h:8:paragraph-detective:tr-main-idea-01-122remb","paragraph-detective"
"pilot_slot_002","1","2","launch-candidate:phase5h:7:pattern-lab:pattern-matchsticks-01-jmob3w","phase5h:7:pattern-lab:pattern-matchsticks-01-jmob3w","pattern-lab"
"pilot_slot_002","1","2","launch-candidate:phase5h:8:problem-hunter:g8-linear-tank-01","phase5h:8:problem-hunter:g8-linear-tank-01","problem-hunter"
"pilot_slot_002","1","2","launch-candidate:phase5h:5:religion-practice:g5-ihlas-meaning-01","phase5h:5:religion-practice:g5-ihlas-meaning-01","religion-practice"
"pilot_slot_002","1","2","launch-candidate:phase5h:5:science-lab:g5-conductor-evidence-01","phase5h:5:science-lab:g5-conductor-evidence-01","science-lab"
"pilot_slot_002","1","3","launch-candidate:phase5h:6:science-reasoning:g6-bulb-brightness-variable-01","phase5h:6:science-reasoning:g6-bulb-brightness-variable-01","science-reasoning"
"pilot_slot_002","1","3","launch-candidate:phase5h:6:social-map-skills:g6-relative-location-01","phase5h:6:social-map-skills:g6-relative-location-01","social-map-skills"
"pilot_slot_002","1","3","launch-candidate:phase5h:8:social-time-travel:g8-national-struggle-source-01","phase5h:8:social-time-travel:g8-national-struggle-source-01","social-time-travel"
"pilot_slot_002","1","3","launch-candidate:phase5h:6:speed-math:speed-percent-sale-01-y9orlf","phase5h:6:speed-math:speed-percent-sale-01-y9orlf","speed-math"
"pilot_slot_002","1","3","launch-candidate:phase5h:5:target-number:target-number-premium-03-287srg","phase5h:5:target-number:target-number-premium-03-287srg","target-number"
"pilot_slot_002","1","3","launch-candidate:phase5h:6:word-ladder:ladder-nar-kol-01-1ti8nxf","phase5h:6:word-ladder:ladder-nar-kol-01-1ti8nxf","word-ladder"
"pilot_slot_002","1","4","launch-candidate:phase5h:5:word-mine:word-mine-premium-05-scc0je","phase5h:5:word-mine:word-mine-premium-05-scc0je","word-mine"
"pilot_slot_002","1","4","launch-candidate:phase5h:8:english-vocabulary:english-vocab-context-12-1jd1pbt","phase5h:8:english-vocabulary:english-vocab-context-12-1jd1pbt","english-vocabulary"
"pilot_slot_002","1","4","launch-candidate:phase5h:7:religion-practice:g7-belief-behaviour-01","phase5h:7:religion-practice:g7-belief-behaviour-01","religion-practice"
"pilot_slot_002","1","4","launch-candidate:phase5h:7:science-lab:science-ecosystem-chain-01-1gv13n3","phase5h:7:science-lab:science-ecosystem-chain-01-1gv13n3","science-lab"
"pilot_slot_002","1","4","launch-candidate:phase5h:8:science-reasoning:g8-photosynthesis-light-01","phase5h:8:science-reasoning:g8-photosynthesis-light-01","science-reasoning"
"pilot_slot_002","1","4","launch-candidate:phase5h:8:religion-practice:religion-help-dignity-01-1sq4xqq","phase5h:8:religion-practice:religion-help-dignity-01-1sq4xqq","religion-practice"
"pilot_slot_003","1","1","launch-candidate:phase5h:6:english-cloze:eng-cloze-cause-result-01-19phl4r","phase5h:6:english-cloze:eng-cloze-cause-result-01-19phl4r","english-cloze"
"pilot_slot_003","1","1","launch-candidate:phase5h:5:english-vocabulary:g35-en-vocab-protect-01-18is450","phase5h:5:english-vocabulary:g35-en-vocab-protect-01-18is450","english-vocabulary"
"pilot_slot_003","1","1","launch-candidate:phase5h:6:error-detective:math-equation-error-01-nl452y","phase5h:6:error-detective:math-equation-error-01-nl452y","error-detective"
"pilot_slot_003","1","1","launch-candidate:phase5h:7:forbidden-story:story-forbidden-u-01-1ujd3uf","phase5h:7:forbidden-story:story-forbidden-u-01-1ujd3uf","forbidden-story"
"pilot_slot_003","1","1","launch-candidate:phase5h:5:geometry-lab:g35-geometry-composite-area-01-8grgur","phase5h:5:geometry-lab:g35-geometry-composite-area-01-8grgur","geometry-lab"
"pilot_slot_003","1","1","launch-candidate:phase5h:8:logic-station:logic-schedule-possible-01-mssrym","phase5h:8:logic-station:logic-schedule-possible-01-mssrym","logic-station"
"pilot_slot_003","1","2","launch-candidate:phase5h:8:meaning-hunt:meaning-isik-tutmak-01-aq5911","phase5h:8:meaning-hunt:meaning-isik-tutmak-01-aq5911","meaning-hunt"
"pilot_slot_003","1","2","launch-candidate:phase5h:7:olympiad-ladder:olympiad-pigeonhole-remainder-01-144voa7","phase5h:7:olympiad-ladder:olympiad-pigeonhole-remainder-01-144voa7","olympiad-ladder"
"pilot_slot_003","1","2","launch-candidate:phase5h:8:paragraph-detective:tr-main-idea-01-122remb","phase5h:8:paragraph-detective:tr-main-idea-01-122remb","paragraph-detective"
"pilot_slot_003","1","2","launch-candidate:phase5h:7:pattern-lab:pattern-matchsticks-01-jmob3w","phase5h:7:pattern-lab:pattern-matchsticks-01-jmob3w","pattern-lab"
"pilot_slot_003","1","2","launch-candidate:phase5h:5:religion-practice:g5-ihlas-meaning-01","phase5h:5:religion-practice:g5-ihlas-meaning-01","religion-practice"
"pilot_slot_003","1","2","launch-candidate:phase5h:5:science-lab:g5-conductor-evidence-01","phase5h:5:science-lab:g5-conductor-evidence-01","science-lab"
"pilot_slot_003","1","3","launch-candidate:phase5h:7:social-citizenship:g7-accessibility-equality-01","phase5h:7:social-citizenship:g7-accessibility-equality-01","social-citizenship"
"pilot_slot_003","1","3","launch-candidate:phase5h:6:social-map-skills:g6-relative-location-01","phase5h:6:social-map-skills:g6-relative-location-01","social-map-skills"
"pilot_slot_003","1","3","launch-candidate:phase5h:5:social-time-travel:g5-first-settlements-evidence-01","phase5h:5:social-time-travel:g5-first-settlements-evidence-01","social-time-travel"
"pilot_slot_003","1","3","launch-candidate:phase5h:6:speed-math:speed-percent-sale-01-y9orlf","phase5h:6:speed-math:speed-percent-sale-01-y9orlf","speed-math"
"pilot_slot_003","1","3","launch-candidate:phase5h:5:target-number:target-number-premium-03-287srg","phase5h:5:target-number:target-number-premium-03-287srg","target-number"
"pilot_slot_003","1","3","launch-candidate:phase5h:5:word-mine:word-mine-premium-05-scc0je","phase5h:5:word-mine:word-mine-premium-05-scc0je","word-mine"
"pilot_slot_003","1","4","launch-candidate:phase5h:8:english-vocabulary:english-vocab-context-12-1jd1pbt","phase5h:8:english-vocabulary:english-vocab-context-12-1jd1pbt","english-vocabulary"
"pilot_slot_003","1","4","launch-candidate:phase5h:6:religion-practice:g6-truthfulness-01","phase5h:6:religion-practice:g6-truthfulness-01","religion-practice"
"pilot_slot_003","1","4","launch-candidate:phase5h:7:science-lab:science-ecosystem-chain-01-1gv13n3","phase5h:7:science-lab:science-ecosystem-chain-01-1gv13n3","science-lab"
"pilot_slot_003","1","4","launch-candidate:phase5h:8:social-time-travel:g8-national-struggle-source-01","phase5h:8:social-time-travel:g8-national-struggle-source-01","social-time-travel"
"pilot_slot_003","1","4","launch-candidate:phase5h:7:religion-practice:g7-belief-behaviour-01","phase5h:7:religion-practice:g7-belief-behaviour-01","religion-practice"
"pilot_slot_003","1","4","launch-candidate:phase5h:8:religion-practice:religion-help-dignity-01-1sq4xqq","phase5h:8:religion-practice:religion-help-dignity-01-1sq4xqq","religion-practice"
"pilot_slot_004","1","1","launch-candidate:phase5h:6:english-cloze:eng-cloze-cause-result-01-19phl4r","phase5h:6:english-cloze:eng-cloze-cause-result-01-19phl4r","english-cloze"
"pilot_slot_004","1","1","launch-candidate:phase5h:7:english-sentence-builder:order-if-finish-01-11i74e","phase5h:7:english-sentence-builder:order-if-finish-01-11i74e","english-sentence-builder"
"pilot_slot_004","1","1","launch-candidate:phase5h:8:english-vocabulary:english-vocab-context-12-1jd1pbt","phase5h:8:english-vocabulary:english-vocab-context-12-1jd1pbt","english-vocabulary"
"pilot_slot_004","1","1","launch-candidate:phase5h:6:error-detective:math-equation-error-01-nl452y","phase5h:6:error-detective:math-equation-error-01-nl452y","error-detective"
"pilot_slot_004","1","1","launch-candidate:phase5h:7:forbidden-story:story-forbidden-u-01-1ujd3uf","phase5h:7:forbidden-story:story-forbidden-u-01-1ujd3uf","forbidden-story"
"pilot_slot_004","1","1","launch-candidate:phase5h:5:geometry-lab:g35-geometry-composite-area-01-8grgur","phase5h:5:geometry-lab:g35-geometry-composite-area-01-8grgur","geometry-lab"
"pilot_slot_004","1","2","launch-candidate:phase5h:8:lgs-foundation:lgs-probability-bag-01-10u5ryk","phase5h:8:lgs-foundation:lgs-probability-bag-01-10u5ryk","lgs-foundation"
"pilot_slot_004","1","2","launch-candidate:phase5h:8:logic-station:logic-schedule-possible-01-mssrym","phase5h:8:logic-station:logic-schedule-possible-01-mssrym","logic-station"
"pilot_slot_004","1","2","launch-candidate:phase5h:8:meaning-hunt:meaning-isik-tutmak-01-aq5911","phase5h:8:meaning-hunt:meaning-isik-tutmak-01-aq5911","meaning-hunt"
"pilot_slot_004","1","2","launch-candidate:phase5h:7:pattern-lab:pattern-matchsticks-01-jmob3w","phase5h:7:pattern-lab:pattern-matchsticks-01-jmob3w","pattern-lab"
"pilot_slot_004","1","2","launch-candidate:phase5h:8:problem-hunter:g8-linear-tank-01","phase5h:8:problem-hunter:g8-linear-tank-01","problem-hunter"
"pilot_slot_004","1","2","launch-candidate:phase5h:5:religion-practice:g5-ihlas-meaning-01","phase5h:5:religion-practice:g5-ihlas-meaning-01","religion-practice"
"pilot_slot_004","1","3","launch-candidate:phase5h:5:science-lab:g5-conductor-evidence-01","phase5h:5:science-lab:g5-conductor-evidence-01","science-lab"
"pilot_slot_004","1","3","launch-candidate:phase5h:6:science-reasoning:g6-bulb-brightness-variable-01","phase5h:6:science-reasoning:g6-bulb-brightness-variable-01","science-reasoning"
"pilot_slot_004","1","3","launch-candidate:phase5h:7:social-citizenship:g7-accessibility-equality-01","phase5h:7:social-citizenship:g7-accessibility-equality-01","social-citizenship"
"pilot_slot_004","1","3","launch-candidate:phase5h:6:social-map-skills:g6-relative-location-01","phase5h:6:social-map-skills:g6-relative-location-01","social-map-skills"
"pilot_slot_004","1","3","launch-candidate:phase5h:5:social-time-travel:g5-first-settlements-evidence-01","phase5h:5:social-time-travel:g5-first-settlements-evidence-01","social-time-travel"
"pilot_slot_004","1","3","launch-candidate:phase5h:5:target-number:target-number-premium-03-287srg","phase5h:5:target-number:target-number-premium-03-287srg","target-number"
"pilot_slot_004","1","4","launch-candidate:phase5h:6:word-ladder:ladder-nar-kol-01-1ti8nxf","phase5h:6:word-ladder:ladder-nar-kol-01-1ti8nxf","word-ladder"
"pilot_slot_004","1","4","launch-candidate:phase5h:5:word-mine:word-mine-premium-05-scc0je","phase5h:5:word-mine:word-mine-premium-05-scc0je","word-mine"
"pilot_slot_004","1","4","launch-candidate:phase5h:6:religion-practice:g6-truthfulness-01","phase5h:6:religion-practice:g6-truthfulness-01","religion-practice"
"pilot_slot_004","1","4","launch-candidate:phase5h:7:science-lab:science-ecosystem-chain-01-1gv13n3","phase5h:7:science-lab:science-ecosystem-chain-01-1gv13n3","science-lab"
"pilot_slot_004","1","4","launch-candidate:phase5h:8:science-reasoning:g8-photosynthesis-light-01","phase5h:8:science-reasoning:g8-photosynthesis-light-01","science-reasoning"
"pilot_slot_004","1","4","launch-candidate:phase5h:8:religion-practice:religion-help-dignity-01-1sq4xqq","phase5h:8:religion-practice:religion-help-dignity-01-1sq4xqq","religion-practice"
"pilot_slot_005","1","1","launch-candidate:phase5h:6:english-cloze:eng-cloze-cause-result-01-19phl4r","phase5h:6:english-cloze:eng-cloze-cause-result-01-19phl4r","english-cloze"
"pilot_slot_005","1","1","launch-candidate:phase5h:7:english-sentence-builder:order-if-finish-01-11i74e","phase5h:7:english-sentence-builder:order-if-finish-01-11i74e","english-sentence-builder"
"pilot_slot_005","1","1","launch-candidate:phase5h:5:english-vocabulary:g35-en-vocab-protect-01-18is450","phase5h:5:english-vocabulary:g35-en-vocab-protect-01-18is450","english-vocabulary"
"pilot_slot_005","1","1","launch-candidate:phase5h:6:error-detective:math-equation-error-01-nl452y","phase5h:6:error-detective:math-equation-error-01-nl452y","error-detective"
"pilot_slot_005","1","1","launch-candidate:phase5h:8:lgs-foundation:lgs-probability-bag-01-10u5ryk","phase5h:8:lgs-foundation:lgs-probability-bag-01-10u5ryk","lgs-foundation"
"pilot_slot_005","1","1","launch-candidate:phase5h:8:logic-station:logic-schedule-possible-01-mssrym","phase5h:8:logic-station:logic-schedule-possible-01-mssrym","logic-station"
"pilot_slot_005","1","2","launch-candidate:phase5h:8:meaning-hunt:meaning-isik-tutmak-01-aq5911","phase5h:8:meaning-hunt:meaning-isik-tutmak-01-aq5911","meaning-hunt"
"pilot_slot_005","1","2","launch-candidate:phase5h:7:olympiad-ladder:olympiad-pigeonhole-remainder-01-144voa7","phase5h:7:olympiad-ladder:olympiad-pigeonhole-remainder-01-144voa7","olympiad-ladder"
"pilot_slot_005","1","2","launch-candidate:phase5h:8:paragraph-detective:tr-main-idea-01-122remb","phase5h:8:paragraph-detective:tr-main-idea-01-122remb","paragraph-detective"
"pilot_slot_005","1","2","launch-candidate:phase5h:7:pattern-lab:pattern-matchsticks-01-jmob3w","phase5h:7:pattern-lab:pattern-matchsticks-01-jmob3w","pattern-lab"
"pilot_slot_005","1","2","launch-candidate:phase5h:8:problem-hunter:g8-linear-tank-01","phase5h:8:problem-hunter:g8-linear-tank-01","problem-hunter"
"pilot_slot_005","1","2","launch-candidate:phase5h:6:religion-practice:g6-truthfulness-01","phase5h:6:religion-practice:g6-truthfulness-01","religion-practice"
"pilot_slot_005","1","3","launch-candidate:phase5h:5:science-lab:g5-conductor-evidence-01","phase5h:5:science-lab:g5-conductor-evidence-01","science-lab"
"pilot_slot_005","1","3","launch-candidate:phase5h:6:science-reasoning:g6-bulb-brightness-variable-01","phase5h:6:science-reasoning:g6-bulb-brightness-variable-01","science-reasoning"
"pilot_slot_005","1","3","launch-candidate:phase5h:7:social-citizenship:g7-accessibility-equality-01","phase5h:7:social-citizenship:g7-accessibility-equality-01","social-citizenship"
"pilot_slot_005","1","3","launch-candidate:phase5h:5:social-time-travel:g5-first-settlements-evidence-01","phase5h:5:social-time-travel:g5-first-settlements-evidence-01","social-time-travel"
"pilot_slot_005","1","3","launch-candidate:phase5h:6:speed-math:speed-percent-sale-01-y9orlf","phase5h:6:speed-math:speed-percent-sale-01-y9orlf","speed-math"
"pilot_slot_005","1","3","launch-candidate:phase5h:5:target-number:target-number-premium-03-287srg","phase5h:5:target-number:target-number-premium-03-287srg","target-number"
"pilot_slot_005","1","4","launch-candidate:phase5h:6:word-ladder:ladder-nar-kol-01-1ti8nxf","phase5h:6:word-ladder:ladder-nar-kol-01-1ti8nxf","word-ladder"
"pilot_slot_005","1","4","launch-candidate:phase5h:5:word-mine:word-mine-premium-05-scc0je","phase5h:5:word-mine:word-mine-premium-05-scc0je","word-mine"
"pilot_slot_005","1","4","launch-candidate:phase5h:7:religion-practice:g7-belief-behaviour-01","phase5h:7:religion-practice:g7-belief-behaviour-01","religion-practice"
"pilot_slot_005","1","4","launch-candidate:phase5h:8:science-reasoning:g8-photosynthesis-light-01","phase5h:8:science-reasoning:g8-photosynthesis-light-01","science-reasoning"
"pilot_slot_005","1","4","launch-candidate:phase5h:8:social-time-travel:g8-national-struggle-source-01","phase5h:8:social-time-travel:g8-national-struggle-source-01","social-time-travel"
"pilot_slot_005","1","4","launch-candidate:phase5h:8:religion-practice:religion-help-dignity-01-1sq4xqq","phase5h:8:religion-practice:religion-help-dignity-01-1sq4xqq","religion-practice"
"pilot_slot_006","2","1","launch-candidate:phase5h:6:english-cloze:eng-cloze-cause-result-01-19phl4r","phase5h:6:english-cloze:eng-cloze-cause-result-01-19phl4r","english-cloze"
"pilot_slot_006","2","1","launch-candidate:phase5h:5:english-vocabulary:g35-en-vocab-protect-01-18is450","phase5h:5:english-vocabulary:g35-en-vocab-protect-01-18is450","english-vocabulary"
"pilot_slot_006","2","1","launch-candidate:phase5h:6:error-detective:math-equation-error-01-nl452y","phase5h:6:error-detective:math-equation-error-01-nl452y","error-detective"
"pilot_slot_006","2","1","launch-candidate:phase5h:7:forbidden-story:story-forbidden-u-01-1ujd3uf","phase5h:7:forbidden-story:story-forbidden-u-01-1ujd3uf","forbidden-story"
"pilot_slot_006","2","1","launch-candidate:phase5h:5:geometry-lab:g35-geometry-composite-area-01-8grgur","phase5h:5:geometry-lab:g35-geometry-composite-area-01-8grgur","geometry-lab"
"pilot_slot_006","2","1","launch-candidate:phase5h:8:logic-station:logic-schedule-possible-01-mssrym","phase5h:8:logic-station:logic-schedule-possible-01-mssrym","logic-station"
"pilot_slot_006","2","2","launch-candidate:phase5h:8:meaning-hunt:meaning-isik-tutmak-01-aq5911","phase5h:8:meaning-hunt:meaning-isik-tutmak-01-aq5911","meaning-hunt"
"pilot_slot_006","2","2","launch-candidate:phase5h:7:olympiad-ladder:olympiad-pigeonhole-remainder-01-144voa7","phase5h:7:olympiad-ladder:olympiad-pigeonhole-remainder-01-144voa7","olympiad-ladder"
"pilot_slot_006","2","2","launch-candidate:phase5h:8:paragraph-detective:tr-main-idea-01-122remb","phase5h:8:paragraph-detective:tr-main-idea-01-122remb","paragraph-detective"
"pilot_slot_006","2","2","launch-candidate:phase5h:7:pattern-lab:pattern-matchsticks-01-jmob3w","phase5h:7:pattern-lab:pattern-matchsticks-01-jmob3w","pattern-lab"
"pilot_slot_006","2","2","launch-candidate:phase5h:5:religion-practice:g5-ihlas-meaning-01","phase5h:5:religion-practice:g5-ihlas-meaning-01","religion-practice"
"pilot_slot_006","2","2","launch-candidate:phase5h:5:science-lab:g5-conductor-evidence-01","phase5h:5:science-lab:g5-conductor-evidence-01","science-lab"
"pilot_slot_006","2","3","launch-candidate:phase5h:8:science-reasoning:g8-photosynthesis-light-01","phase5h:8:science-reasoning:g8-photosynthesis-light-01","science-reasoning"
"pilot_slot_006","2","3","launch-candidate:phase5h:7:social-citizenship:g7-accessibility-equality-01","phase5h:7:social-citizenship:g7-accessibility-equality-01","social-citizenship"
"pilot_slot_006","2","3","launch-candidate:phase5h:6:social-map-skills:g6-relative-location-01","phase5h:6:social-map-skills:g6-relative-location-01","social-map-skills"
"pilot_slot_006","2","3","launch-candidate:phase5h:5:social-time-travel:g5-first-settlements-evidence-01","phase5h:5:social-time-travel:g5-first-settlements-evidence-01","social-time-travel"
"pilot_slot_006","2","3","launch-candidate:phase5h:5:target-number:target-number-premium-03-287srg","phase5h:5:target-number:target-number-premium-03-287srg","target-number"
"pilot_slot_006","2","3","launch-candidate:phase5h:5:word-mine:word-mine-premium-05-scc0je","phase5h:5:word-mine:word-mine-premium-05-scc0je","word-mine"
"pilot_slot_006","2","4","launch-candidate:phase5h:8:english-vocabulary:english-vocab-context-12-1jd1pbt","phase5h:8:english-vocabulary:english-vocab-context-12-1jd1pbt","english-vocabulary"
"pilot_slot_006","2","4","launch-candidate:phase5h:6:religion-practice:g6-truthfulness-01","phase5h:6:religion-practice:g6-truthfulness-01","religion-practice"
"pilot_slot_006","2","4","launch-candidate:phase5h:7:science-lab:science-ecosystem-chain-01-1gv13n3","phase5h:7:science-lab:science-ecosystem-chain-01-1gv13n3","science-lab"
"pilot_slot_006","2","4","launch-candidate:phase5h:8:social-time-travel:g8-national-struggle-source-01","phase5h:8:social-time-travel:g8-national-struggle-source-01","social-time-travel"
"pilot_slot_006","2","4","launch-candidate:phase5h:7:religion-practice:g7-belief-behaviour-01","phase5h:7:religion-practice:g7-belief-behaviour-01","religion-practice"
"pilot_slot_006","2","4","launch-candidate:phase5h:8:religion-practice:religion-help-dignity-01-1sq4xqq","phase5h:8:religion-practice:religion-help-dignity-01-1sq4xqq","religion-practice"
"pilot_slot_007","2","1","launch-candidate:phase5h:6:english-cloze:eng-cloze-cause-result-01-19phl4r","phase5h:6:english-cloze:eng-cloze-cause-result-01-19phl4r","english-cloze"
"pilot_slot_007","2","1","launch-candidate:phase5h:7:english-sentence-builder:order-if-finish-01-11i74e","phase5h:7:english-sentence-builder:order-if-finish-01-11i74e","english-sentence-builder"
"pilot_slot_007","2","1","launch-candidate:phase5h:8:english-vocabulary:english-vocab-context-12-1jd1pbt","phase5h:8:english-vocabulary:english-vocab-context-12-1jd1pbt","english-vocabulary"
"pilot_slot_007","2","1","launch-candidate:phase5h:6:error-detective:math-equation-error-01-nl452y","phase5h:6:error-detective:math-equation-error-01-nl452y","error-detective"
"pilot_slot_007","2","1","launch-candidate:phase5h:7:forbidden-story:story-forbidden-u-01-1ujd3uf","phase5h:7:forbidden-story:story-forbidden-u-01-1ujd3uf","forbidden-story"
"pilot_slot_007","2","1","launch-candidate:phase5h:5:geometry-lab:g35-geometry-composite-area-01-8grgur","phase5h:5:geometry-lab:g35-geometry-composite-area-01-8grgur","geometry-lab"
"pilot_slot_007","2","2","launch-candidate:phase5h:8:lgs-foundation:lgs-probability-bag-01-10u5ryk","phase5h:8:lgs-foundation:lgs-probability-bag-01-10u5ryk","lgs-foundation"
"pilot_slot_007","2","2","launch-candidate:phase5h:8:logic-station:logic-schedule-possible-01-mssrym","phase5h:8:logic-station:logic-schedule-possible-01-mssrym","logic-station"
"pilot_slot_007","2","2","launch-candidate:phase5h:8:meaning-hunt:meaning-isik-tutmak-01-aq5911","phase5h:8:meaning-hunt:meaning-isik-tutmak-01-aq5911","meaning-hunt"
"pilot_slot_007","2","2","launch-candidate:phase5h:7:pattern-lab:pattern-matchsticks-01-jmob3w","phase5h:7:pattern-lab:pattern-matchsticks-01-jmob3w","pattern-lab"
"pilot_slot_007","2","2","launch-candidate:phase5h:8:problem-hunter:g8-linear-tank-01","phase5h:8:problem-hunter:g8-linear-tank-01","problem-hunter"
"pilot_slot_007","2","2","launch-candidate:phase5h:5:religion-practice:g5-ihlas-meaning-01","phase5h:5:religion-practice:g5-ihlas-meaning-01","religion-practice"
"pilot_slot_007","2","3","launch-candidate:phase5h:5:science-lab:g5-conductor-evidence-01","phase5h:5:science-lab:g5-conductor-evidence-01","science-lab"
"pilot_slot_007","2","3","launch-candidate:phase5h:6:science-reasoning:g6-bulb-brightness-variable-01","phase5h:6:science-reasoning:g6-bulb-brightness-variable-01","science-reasoning"
"pilot_slot_007","2","3","launch-candidate:phase5h:7:social-citizenship:g7-accessibility-equality-01","phase5h:7:social-citizenship:g7-accessibility-equality-01","social-citizenship"
"pilot_slot_007","2","3","launch-candidate:phase5h:5:social-time-travel:g5-first-settlements-evidence-01","phase5h:5:social-time-travel:g5-first-settlements-evidence-01","social-time-travel"
"pilot_slot_007","2","3","launch-candidate:phase5h:6:speed-math:speed-percent-sale-01-y9orlf","phase5h:6:speed-math:speed-percent-sale-01-y9orlf","speed-math"
"pilot_slot_007","2","3","launch-candidate:phase5h:5:target-number:target-number-premium-03-287srg","phase5h:5:target-number:target-number-premium-03-287srg","target-number"
"pilot_slot_007","2","4","launch-candidate:phase5h:6:word-ladder:ladder-nar-kol-01-1ti8nxf","phase5h:6:word-ladder:ladder-nar-kol-01-1ti8nxf","word-ladder"
"pilot_slot_007","2","4","launch-candidate:phase5h:5:word-mine:word-mine-premium-05-scc0je","phase5h:5:word-mine:word-mine-premium-05-scc0je","word-mine"
"pilot_slot_007","2","4","launch-candidate:phase5h:6:religion-practice:g6-truthfulness-01","phase5h:6:religion-practice:g6-truthfulness-01","religion-practice"
"pilot_slot_007","2","4","launch-candidate:phase5h:7:science-lab:science-ecosystem-chain-01-1gv13n3","phase5h:7:science-lab:science-ecosystem-chain-01-1gv13n3","science-lab"
"pilot_slot_007","2","4","launch-candidate:phase5h:8:science-reasoning:g8-photosynthesis-light-01","phase5h:8:science-reasoning:g8-photosynthesis-light-01","science-reasoning"
"pilot_slot_007","2","4","launch-candidate:phase5h:8:religion-practice:religion-help-dignity-01-1sq4xqq","phase5h:8:religion-practice:religion-help-dignity-01-1sq4xqq","religion-practice"
"pilot_slot_008","2","1","launch-candidate:phase5h:6:english-cloze:eng-cloze-cause-result-01-19phl4r","phase5h:6:english-cloze:eng-cloze-cause-result-01-19phl4r","english-cloze"
"pilot_slot_008","2","1","launch-candidate:phase5h:7:english-sentence-builder:order-if-finish-01-11i74e","phase5h:7:english-sentence-builder:order-if-finish-01-11i74e","english-sentence-builder"
"pilot_slot_008","2","1","launch-candidate:phase5h:5:english-vocabulary:g35-en-vocab-protect-01-18is450","phase5h:5:english-vocabulary:g35-en-vocab-protect-01-18is450","english-vocabulary"
"pilot_slot_008","2","1","launch-candidate:phase5h:6:error-detective:math-equation-error-01-nl452y","phase5h:6:error-detective:math-equation-error-01-nl452y","error-detective"
"pilot_slot_008","2","1","launch-candidate:phase5h:8:lgs-foundation:lgs-probability-bag-01-10u5ryk","phase5h:8:lgs-foundation:lgs-probability-bag-01-10u5ryk","lgs-foundation"
"pilot_slot_008","2","1","launch-candidate:phase5h:8:logic-station:logic-schedule-possible-01-mssrym","phase5h:8:logic-station:logic-schedule-possible-01-mssrym","logic-station"
"pilot_slot_008","2","2","launch-candidate:phase5h:8:meaning-hunt:meaning-isik-tutmak-01-aq5911","phase5h:8:meaning-hunt:meaning-isik-tutmak-01-aq5911","meaning-hunt"
"pilot_slot_008","2","2","launch-candidate:phase5h:7:olympiad-ladder:olympiad-pigeonhole-remainder-01-144voa7","phase5h:7:olympiad-ladder:olympiad-pigeonhole-remainder-01-144voa7","olympiad-ladder"
"pilot_slot_008","2","2","launch-candidate:phase5h:8:paragraph-detective:tr-main-idea-01-122remb","phase5h:8:paragraph-detective:tr-main-idea-01-122remb","paragraph-detective"
"pilot_slot_008","2","2","launch-candidate:phase5h:7:pattern-lab:pattern-matchsticks-01-jmob3w","phase5h:7:pattern-lab:pattern-matchsticks-01-jmob3w","pattern-lab"
"pilot_slot_008","2","2","launch-candidate:phase5h:8:problem-hunter:g8-linear-tank-01","phase5h:8:problem-hunter:g8-linear-tank-01","problem-hunter"
"pilot_slot_008","2","2","launch-candidate:phase5h:6:religion-practice:g6-truthfulness-01","phase5h:6:religion-practice:g6-truthfulness-01","religion-practice"
"pilot_slot_008","2","3","launch-candidate:phase5h:5:science-lab:g5-conductor-evidence-01","phase5h:5:science-lab:g5-conductor-evidence-01","science-lab"
"pilot_slot_008","2","3","launch-candidate:phase5h:6:science-reasoning:g6-bulb-brightness-variable-01","phase5h:6:science-reasoning:g6-bulb-brightness-variable-01","science-reasoning"
"pilot_slot_008","2","3","launch-candidate:phase5h:7:social-citizenship:g7-accessibility-equality-01","phase5h:7:social-citizenship:g7-accessibility-equality-01","social-citizenship"
"pilot_slot_008","2","3","launch-candidate:phase5h:6:social-map-skills:g6-relative-location-01","phase5h:6:social-map-skills:g6-relative-location-01","social-map-skills"
"pilot_slot_008","2","3","launch-candidate:phase5h:5:social-time-travel:g5-first-settlements-evidence-01","phase5h:5:social-time-travel:g5-first-settlements-evidence-01","social-time-travel"
"pilot_slot_008","2","3","launch-candidate:phase5h:6:speed-math:speed-percent-sale-01-y9orlf","phase5h:6:speed-math:speed-percent-sale-01-y9orlf","speed-math"
"pilot_slot_008","2","4","launch-candidate:phase5h:5:target-number:target-number-premium-03-287srg","phase5h:5:target-number:target-number-premium-03-287srg","target-number"
"pilot_slot_008","2","4","launch-candidate:phase5h:6:word-ladder:ladder-nar-kol-01-1ti8nxf","phase5h:6:word-ladder:ladder-nar-kol-01-1ti8nxf","word-ladder"
"pilot_slot_008","2","4","launch-candidate:phase5h:7:religion-practice:g7-belief-behaviour-01","phase5h:7:religion-practice:g7-belief-behaviour-01","religion-practice"
"pilot_slot_008","2","4","launch-candidate:phase5h:8:science-reasoning:g8-photosynthesis-light-01","phase5h:8:science-reasoning:g8-photosynthesis-light-01","science-reasoning"
"pilot_slot_008","2","4","launch-candidate:phase5h:8:social-time-travel:g8-national-struggle-source-01","phase5h:8:social-time-travel:g8-national-struggle-source-01","social-time-travel"
"pilot_slot_008","2","4","launch-candidate:phase5h:8:religion-practice:religion-help-dignity-01-1sq4xqq","phase5h:8:religion-practice:religion-help-dignity-01-1sq4xqq","religion-practice"
"pilot_slot_009","2","1","launch-candidate:phase5h:7:english-sentence-builder:order-if-finish-01-11i74e","phase5h:7:english-sentence-builder:order-if-finish-01-11i74e","english-sentence-builder"
"pilot_slot_009","2","1","launch-candidate:phase5h:5:english-vocabulary:g35-en-vocab-protect-01-18is450","phase5h:5:english-vocabulary:g35-en-vocab-protect-01-18is450","english-vocabulary"
"pilot_slot_009","2","1","launch-candidate:phase5h:6:error-detective:math-equation-error-01-nl452y","phase5h:6:error-detective:math-equation-error-01-nl452y","error-detective"
"pilot_slot_009","2","1","launch-candidate:phase5h:7:forbidden-story:story-forbidden-u-01-1ujd3uf","phase5h:7:forbidden-story:story-forbidden-u-01-1ujd3uf","forbidden-story"
"pilot_slot_009","2","1","launch-candidate:phase5h:5:geometry-lab:g35-geometry-composite-area-01-8grgur","phase5h:5:geometry-lab:g35-geometry-composite-area-01-8grgur","geometry-lab"
"pilot_slot_009","2","1","launch-candidate:phase5h:8:lgs-foundation:lgs-probability-bag-01-10u5ryk","phase5h:8:lgs-foundation:lgs-probability-bag-01-10u5ryk","lgs-foundation"
"pilot_slot_009","2","2","launch-candidate:phase5h:8:meaning-hunt:meaning-isik-tutmak-01-aq5911","phase5h:8:meaning-hunt:meaning-isik-tutmak-01-aq5911","meaning-hunt"
"pilot_slot_009","2","2","launch-candidate:phase5h:7:olympiad-ladder:olympiad-pigeonhole-remainder-01-144voa7","phase5h:7:olympiad-ladder:olympiad-pigeonhole-remainder-01-144voa7","olympiad-ladder"
"pilot_slot_009","2","2","launch-candidate:phase5h:8:paragraph-detective:tr-main-idea-01-122remb","phase5h:8:paragraph-detective:tr-main-idea-01-122remb","paragraph-detective"
"pilot_slot_009","2","2","launch-candidate:phase5h:8:problem-hunter:g8-linear-tank-01","phase5h:8:problem-hunter:g8-linear-tank-01","problem-hunter"
"pilot_slot_009","2","2","launch-candidate:phase5h:5:religion-practice:g5-ihlas-meaning-01","phase5h:5:religion-practice:g5-ihlas-meaning-01","religion-practice"
"pilot_slot_009","2","2","launch-candidate:phase5h:7:science-lab:science-ecosystem-chain-01-1gv13n3","phase5h:7:science-lab:science-ecosystem-chain-01-1gv13n3","science-lab"
"pilot_slot_009","2","3","launch-candidate:phase5h:6:science-reasoning:g6-bulb-brightness-variable-01","phase5h:6:science-reasoning:g6-bulb-brightness-variable-01","science-reasoning"
"pilot_slot_009","2","3","launch-candidate:phase5h:7:social-citizenship:g7-accessibility-equality-01","phase5h:7:social-citizenship:g7-accessibility-equality-01","social-citizenship"
"pilot_slot_009","2","3","launch-candidate:phase5h:6:social-map-skills:g6-relative-location-01","phase5h:6:social-map-skills:g6-relative-location-01","social-map-skills"
"pilot_slot_009","2","3","launch-candidate:phase5h:5:social-time-travel:g5-first-settlements-evidence-01","phase5h:5:social-time-travel:g5-first-settlements-evidence-01","social-time-travel"
"pilot_slot_009","2","3","launch-candidate:phase5h:6:speed-math:speed-percent-sale-01-y9orlf","phase5h:6:speed-math:speed-percent-sale-01-y9orlf","speed-math"
"pilot_slot_009","2","3","launch-candidate:phase5h:6:word-ladder:ladder-nar-kol-01-1ti8nxf","phase5h:6:word-ladder:ladder-nar-kol-01-1ti8nxf","word-ladder"
"pilot_slot_009","2","4","launch-candidate:phase5h:5:word-mine:word-mine-premium-05-scc0je","phase5h:5:word-mine:word-mine-premium-05-scc0je","word-mine"
"pilot_slot_009","2","4","launch-candidate:phase5h:8:english-vocabulary:english-vocab-context-12-1jd1pbt","phase5h:8:english-vocabulary:english-vocab-context-12-1jd1pbt","english-vocabulary"
"pilot_slot_009","2","4","launch-candidate:phase5h:6:religion-practice:g6-truthfulness-01","phase5h:6:religion-practice:g6-truthfulness-01","religion-practice"
"pilot_slot_009","2","4","launch-candidate:phase5h:8:science-reasoning:g8-photosynthesis-light-01","phase5h:8:science-reasoning:g8-photosynthesis-light-01","science-reasoning"
"pilot_slot_009","2","4","launch-candidate:phase5h:8:social-time-travel:g8-national-struggle-source-01","phase5h:8:social-time-travel:g8-national-struggle-source-01","social-time-travel"
"pilot_slot_009","2","4","launch-candidate:phase5h:7:religion-practice:g7-belief-behaviour-01","phase5h:7:religion-practice:g7-belief-behaviour-01","religion-practice"
"pilot_slot_010","2","1","launch-candidate:phase5h:6:english-cloze:eng-cloze-cause-result-01-19phl4r","phase5h:6:english-cloze:eng-cloze-cause-result-01-19phl4r","english-cloze"
"pilot_slot_010","2","1","launch-candidate:phase5h:7:english-sentence-builder:order-if-finish-01-11i74e","phase5h:7:english-sentence-builder:order-if-finish-01-11i74e","english-sentence-builder"
"pilot_slot_010","2","1","launch-candidate:phase5h:5:english-vocabulary:g35-en-vocab-protect-01-18is450","phase5h:5:english-vocabulary:g35-en-vocab-protect-01-18is450","english-vocabulary"
"pilot_slot_010","2","1","launch-candidate:phase5h:7:forbidden-story:story-forbidden-u-01-1ujd3uf","phase5h:7:forbidden-story:story-forbidden-u-01-1ujd3uf","forbidden-story"
"pilot_slot_010","2","1","launch-candidate:phase5h:5:geometry-lab:g35-geometry-composite-area-01-8grgur","phase5h:5:geometry-lab:g35-geometry-composite-area-01-8grgur","geometry-lab"
"pilot_slot_010","2","1","launch-candidate:phase5h:8:lgs-foundation:lgs-probability-bag-01-10u5ryk","phase5h:8:lgs-foundation:lgs-probability-bag-01-10u5ryk","lgs-foundation"
"pilot_slot_010","2","2","launch-candidate:phase5h:8:logic-station:logic-schedule-possible-01-mssrym","phase5h:8:logic-station:logic-schedule-possible-01-mssrym","logic-station"
"pilot_slot_010","2","2","launch-candidate:phase5h:7:olympiad-ladder:olympiad-pigeonhole-remainder-01-144voa7","phase5h:7:olympiad-ladder:olympiad-pigeonhole-remainder-01-144voa7","olympiad-ladder"
"pilot_slot_010","2","2","launch-candidate:phase5h:8:paragraph-detective:tr-main-idea-01-122remb","phase5h:8:paragraph-detective:tr-main-idea-01-122remb","paragraph-detective"
"pilot_slot_010","2","2","launch-candidate:phase5h:7:pattern-lab:pattern-matchsticks-01-jmob3w","phase5h:7:pattern-lab:pattern-matchsticks-01-jmob3w","pattern-lab"
"pilot_slot_010","2","2","launch-candidate:phase5h:8:problem-hunter:g8-linear-tank-01","phase5h:8:problem-hunter:g8-linear-tank-01","problem-hunter"
"pilot_slot_010","2","2","launch-candidate:phase5h:5:religion-practice:g5-ihlas-meaning-01","phase5h:5:religion-practice:g5-ihlas-meaning-01","religion-practice"
"pilot_slot_010","2","3","launch-candidate:phase5h:5:science-lab:g5-conductor-evidence-01","phase5h:5:science-lab:g5-conductor-evidence-01","science-lab"
"pilot_slot_010","2","3","launch-candidate:phase5h:6:science-reasoning:g6-bulb-brightness-variable-01","phase5h:6:science-reasoning:g6-bulb-brightness-variable-01","science-reasoning"
"pilot_slot_010","2","3","launch-candidate:phase5h:6:social-map-skills:g6-relative-location-01","phase5h:6:social-map-skills:g6-relative-location-01","social-map-skills"
"pilot_slot_010","2","3","launch-candidate:phase5h:8:social-time-travel:g8-national-struggle-source-01","phase5h:8:social-time-travel:g8-national-struggle-source-01","social-time-travel"
"pilot_slot_010","2","3","launch-candidate:phase5h:6:speed-math:speed-percent-sale-01-y9orlf","phase5h:6:speed-math:speed-percent-sale-01-y9orlf","speed-math"
"pilot_slot_010","2","3","launch-candidate:phase5h:5:target-number:target-number-premium-03-287srg","phase5h:5:target-number:target-number-premium-03-287srg","target-number"
"pilot_slot_010","2","4","launch-candidate:phase5h:6:word-ladder:ladder-nar-kol-01-1ti8nxf","phase5h:6:word-ladder:ladder-nar-kol-01-1ti8nxf","word-ladder"
"pilot_slot_010","2","4","launch-candidate:phase5h:5:word-mine:word-mine-premium-05-scc0je","phase5h:5:word-mine:word-mine-premium-05-scc0je","word-mine"
"pilot_slot_010","2","4","launch-candidate:phase5h:8:english-vocabulary:english-vocab-context-12-1jd1pbt","phase5h:8:english-vocabulary:english-vocab-context-12-1jd1pbt","english-vocabulary"
"pilot_slot_010","2","4","launch-candidate:phase5h:7:religion-practice:g7-belief-behaviour-01","phase5h:7:religion-practice:g7-belief-behaviour-01","religion-practice"
"pilot_slot_010","2","4","launch-candidate:phase5h:7:science-lab:science-ecosystem-chain-01-1gv13n3","phase5h:7:science-lab:science-ecosystem-chain-01-1gv13n3","science-lab"
"pilot_slot_010","2","4","launch-candidate:phase5h:8:religion-practice:religion-help-dignity-01-1sq4xqq","phase5h:8:religion-practice:religion-help-dignity-01-1sq4xqq","religion-practice"
"pilot_slot_011","3","1","launch-candidate:phase5h:6:english-cloze:eng-cloze-cause-result-01-19phl4r","phase5h:6:english-cloze:eng-cloze-cause-result-01-19phl4r","english-cloze"
"pilot_slot_011","3","1","launch-candidate:phase5h:7:english-sentence-builder:order-if-finish-01-11i74e","phase5h:7:english-sentence-builder:order-if-finish-01-11i74e","english-sentence-builder"
"pilot_slot_011","3","1","launch-candidate:phase5h:5:english-vocabulary:g35-en-vocab-protect-01-18is450","phase5h:5:english-vocabulary:g35-en-vocab-protect-01-18is450","english-vocabulary"
"pilot_slot_011","3","1","launch-candidate:phase5h:6:error-detective:math-equation-error-01-nl452y","phase5h:6:error-detective:math-equation-error-01-nl452y","error-detective"
"pilot_slot_011","3","1","launch-candidate:phase5h:8:lgs-foundation:lgs-probability-bag-01-10u5ryk","phase5h:8:lgs-foundation:lgs-probability-bag-01-10u5ryk","lgs-foundation"
"pilot_slot_011","3","1","launch-candidate:phase5h:8:logic-station:logic-schedule-possible-01-mssrym","phase5h:8:logic-station:logic-schedule-possible-01-mssrym","logic-station"
"pilot_slot_011","3","2","launch-candidate:phase5h:8:meaning-hunt:meaning-isik-tutmak-01-aq5911","phase5h:8:meaning-hunt:meaning-isik-tutmak-01-aq5911","meaning-hunt"
"pilot_slot_011","3","2","launch-candidate:phase5h:7:olympiad-ladder:olympiad-pigeonhole-remainder-01-144voa7","phase5h:7:olympiad-ladder:olympiad-pigeonhole-remainder-01-144voa7","olympiad-ladder"
"pilot_slot_011","3","2","launch-candidate:phase5h:8:paragraph-detective:tr-main-idea-01-122remb","phase5h:8:paragraph-detective:tr-main-idea-01-122remb","paragraph-detective"
"pilot_slot_011","3","2","launch-candidate:phase5h:8:problem-hunter:g8-linear-tank-01","phase5h:8:problem-hunter:g8-linear-tank-01","problem-hunter"
"pilot_slot_011","3","2","launch-candidate:phase5h:5:religion-practice:g5-ihlas-meaning-01","phase5h:5:religion-practice:g5-ihlas-meaning-01","religion-practice"
"pilot_slot_011","3","2","launch-candidate:phase5h:5:science-lab:g5-conductor-evidence-01","phase5h:5:science-lab:g5-conductor-evidence-01","science-lab"
"pilot_slot_011","3","3","launch-candidate:phase5h:6:science-reasoning:g6-bulb-brightness-variable-01","phase5h:6:science-reasoning:g6-bulb-brightness-variable-01","science-reasoning"
"pilot_slot_011","3","3","launch-candidate:phase5h:7:social-citizenship:g7-accessibility-equality-01","phase5h:7:social-citizenship:g7-accessibility-equality-01","social-citizenship"
"pilot_slot_011","3","3","launch-candidate:phase5h:6:social-map-skills:g6-relative-location-01","phase5h:6:social-map-skills:g6-relative-location-01","social-map-skills"
"pilot_slot_011","3","3","launch-candidate:phase5h:5:social-time-travel:g5-first-settlements-evidence-01","phase5h:5:social-time-travel:g5-first-settlements-evidence-01","social-time-travel"
"pilot_slot_011","3","3","launch-candidate:phase5h:6:speed-math:speed-percent-sale-01-y9orlf","phase5h:6:speed-math:speed-percent-sale-01-y9orlf","speed-math"
"pilot_slot_011","3","3","launch-candidate:phase5h:5:target-number:target-number-premium-03-287srg","phase5h:5:target-number:target-number-premium-03-287srg","target-number"
"pilot_slot_011","3","4","launch-candidate:phase5h:6:word-ladder:ladder-nar-kol-01-1ti8nxf","phase5h:6:word-ladder:ladder-nar-kol-01-1ti8nxf","word-ladder"
"pilot_slot_011","3","4","launch-candidate:phase5h:6:religion-practice:g6-truthfulness-01","phase5h:6:religion-practice:g6-truthfulness-01","religion-practice"
"pilot_slot_011","3","4","launch-candidate:phase5h:8:science-reasoning:g8-photosynthesis-light-01","phase5h:8:science-reasoning:g8-photosynthesis-light-01","science-reasoning"
"pilot_slot_011","3","4","launch-candidate:phase5h:8:social-time-travel:g8-national-struggle-source-01","phase5h:8:social-time-travel:g8-national-struggle-source-01","social-time-travel"
"pilot_slot_011","3","4","launch-candidate:phase5h:7:religion-practice:g7-belief-behaviour-01","phase5h:7:religion-practice:g7-belief-behaviour-01","religion-practice"
"pilot_slot_011","3","4","launch-candidate:phase5h:8:religion-practice:religion-help-dignity-01-1sq4xqq","phase5h:8:religion-practice:religion-help-dignity-01-1sq4xqq","religion-practice"
"pilot_slot_012","3","1","launch-candidate:phase5h:7:english-sentence-builder:order-if-finish-01-11i74e","phase5h:7:english-sentence-builder:order-if-finish-01-11i74e","english-sentence-builder"
"pilot_slot_012","3","1","launch-candidate:phase5h:5:english-vocabulary:g35-en-vocab-protect-01-18is450","phase5h:5:english-vocabulary:g35-en-vocab-protect-01-18is450","english-vocabulary"
"pilot_slot_012","3","1","launch-candidate:phase5h:6:error-detective:math-equation-error-01-nl452y","phase5h:6:error-detective:math-equation-error-01-nl452y","error-detective"
"pilot_slot_012","3","1","launch-candidate:phase5h:7:forbidden-story:story-forbidden-u-01-1ujd3uf","phase5h:7:forbidden-story:story-forbidden-u-01-1ujd3uf","forbidden-story"
"pilot_slot_012","3","1","launch-candidate:phase5h:5:geometry-lab:g35-geometry-composite-area-01-8grgur","phase5h:5:geometry-lab:g35-geometry-composite-area-01-8grgur","geometry-lab"
"pilot_slot_012","3","1","launch-candidate:phase5h:8:lgs-foundation:lgs-probability-bag-01-10u5ryk","phase5h:8:lgs-foundation:lgs-probability-bag-01-10u5ryk","lgs-foundation"
"pilot_slot_012","3","2","launch-candidate:phase5h:8:meaning-hunt:meaning-isik-tutmak-01-aq5911","phase5h:8:meaning-hunt:meaning-isik-tutmak-01-aq5911","meaning-hunt"
"pilot_slot_012","3","2","launch-candidate:phase5h:7:olympiad-ladder:olympiad-pigeonhole-remainder-01-144voa7","phase5h:7:olympiad-ladder:olympiad-pigeonhole-remainder-01-144voa7","olympiad-ladder"
"pilot_slot_012","3","2","launch-candidate:phase5h:8:paragraph-detective:tr-main-idea-01-122remb","phase5h:8:paragraph-detective:tr-main-idea-01-122remb","paragraph-detective"
"pilot_slot_012","3","2","launch-candidate:phase5h:7:pattern-lab:pattern-matchsticks-01-jmob3w","phase5h:7:pattern-lab:pattern-matchsticks-01-jmob3w","pattern-lab"
"pilot_slot_012","3","2","launch-candidate:phase5h:8:problem-hunter:g8-linear-tank-01","phase5h:8:problem-hunter:g8-linear-tank-01","problem-hunter"
"pilot_slot_012","3","2","launch-candidate:phase5h:5:religion-practice:g5-ihlas-meaning-01","phase5h:5:religion-practice:g5-ihlas-meaning-01","religion-practice"
"pilot_slot_012","3","3","launch-candidate:phase5h:7:science-lab:science-ecosystem-chain-01-1gv13n3","phase5h:7:science-lab:science-ecosystem-chain-01-1gv13n3","science-lab"
"pilot_slot_012","3","3","launch-candidate:phase5h:6:science-reasoning:g6-bulb-brightness-variable-01","phase5h:6:science-reasoning:g6-bulb-brightness-variable-01","science-reasoning"
"pilot_slot_012","3","3","launch-candidate:phase5h:6:social-map-skills:g6-relative-location-01","phase5h:6:social-map-skills:g6-relative-location-01","social-map-skills"
"pilot_slot_012","3","3","launch-candidate:phase5h:5:social-time-travel:g5-first-settlements-evidence-01","phase5h:5:social-time-travel:g5-first-settlements-evidence-01","social-time-travel"
"pilot_slot_012","3","3","launch-candidate:phase5h:6:speed-math:speed-percent-sale-01-y9orlf","phase5h:6:speed-math:speed-percent-sale-01-y9orlf","speed-math"
"pilot_slot_012","3","3","launch-candidate:phase5h:6:word-ladder:ladder-nar-kol-01-1ti8nxf","phase5h:6:word-ladder:ladder-nar-kol-01-1ti8nxf","word-ladder"
"pilot_slot_012","3","4","launch-candidate:phase5h:5:word-mine:word-mine-premium-05-scc0je","phase5h:5:word-mine:word-mine-premium-05-scc0je","word-mine"
"pilot_slot_012","3","4","launch-candidate:phase5h:8:english-vocabulary:english-vocab-context-12-1jd1pbt","phase5h:8:english-vocabulary:english-vocab-context-12-1jd1pbt","english-vocabulary"
"pilot_slot_012","3","4","launch-candidate:phase5h:6:religion-practice:g6-truthfulness-01","phase5h:6:religion-practice:g6-truthfulness-01","religion-practice"
"pilot_slot_012","3","4","launch-candidate:phase5h:8:science-reasoning:g8-photosynthesis-light-01","phase5h:8:science-reasoning:g8-photosynthesis-light-01","science-reasoning"
"pilot_slot_012","3","4","launch-candidate:phase5h:8:social-time-travel:g8-national-struggle-source-01","phase5h:8:social-time-travel:g8-national-struggle-source-01","social-time-travel"
"pilot_slot_012","3","4","launch-candidate:phase5h:7:religion-practice:g7-belief-behaviour-01","phase5h:7:religion-practice:g7-belief-behaviour-01","religion-practice"
"pilot_slot_013","3","1","launch-candidate:phase5h:6:english-cloze:eng-cloze-cause-result-01-19phl4r","phase5h:6:english-cloze:eng-cloze-cause-result-01-19phl4r","english-cloze"
"pilot_slot_013","3","1","launch-candidate:phase5h:7:english-sentence-builder:order-if-finish-01-11i74e","phase5h:7:english-sentence-builder:order-if-finish-01-11i74e","english-sentence-builder"
"pilot_slot_013","3","1","launch-candidate:phase5h:5:english-vocabulary:g35-en-vocab-protect-01-18is450","phase5h:5:english-vocabulary:g35-en-vocab-protect-01-18is450","english-vocabulary"
"pilot_slot_013","3","1","launch-candidate:phase5h:7:forbidden-story:story-forbidden-u-01-1ujd3uf","phase5h:7:forbidden-story:story-forbidden-u-01-1ujd3uf","forbidden-story"
"pilot_slot_013","3","1","launch-candidate:phase5h:5:geometry-lab:g35-geometry-composite-area-01-8grgur","phase5h:5:geometry-lab:g35-geometry-composite-area-01-8grgur","geometry-lab"
"pilot_slot_013","3","1","launch-candidate:phase5h:8:lgs-foundation:lgs-probability-bag-01-10u5ryk","phase5h:8:lgs-foundation:lgs-probability-bag-01-10u5ryk","lgs-foundation"
"pilot_slot_013","3","2","launch-candidate:phase5h:8:logic-station:logic-schedule-possible-01-mssrym","phase5h:8:logic-station:logic-schedule-possible-01-mssrym","logic-station"
"pilot_slot_013","3","2","launch-candidate:phase5h:7:olympiad-ladder:olympiad-pigeonhole-remainder-01-144voa7","phase5h:7:olympiad-ladder:olympiad-pigeonhole-remainder-01-144voa7","olympiad-ladder"
"pilot_slot_013","3","2","launch-candidate:phase5h:8:paragraph-detective:tr-main-idea-01-122remb","phase5h:8:paragraph-detective:tr-main-idea-01-122remb","paragraph-detective"
"pilot_slot_013","3","2","launch-candidate:phase5h:7:pattern-lab:pattern-matchsticks-01-jmob3w","phase5h:7:pattern-lab:pattern-matchsticks-01-jmob3w","pattern-lab"
"pilot_slot_013","3","2","launch-candidate:phase5h:8:problem-hunter:g8-linear-tank-01","phase5h:8:problem-hunter:g8-linear-tank-01","problem-hunter"
"pilot_slot_013","3","2","launch-candidate:phase5h:5:religion-practice:g5-ihlas-meaning-01","phase5h:5:religion-practice:g5-ihlas-meaning-01","religion-practice"
"pilot_slot_013","3","3","launch-candidate:phase5h:5:science-lab:g5-conductor-evidence-01","phase5h:5:science-lab:g5-conductor-evidence-01","science-lab"
"pilot_slot_013","3","3","launch-candidate:phase5h:6:science-reasoning:g6-bulb-brightness-variable-01","phase5h:6:science-reasoning:g6-bulb-brightness-variable-01","science-reasoning"
"pilot_slot_013","3","3","launch-candidate:phase5h:7:social-citizenship:g7-accessibility-equality-01","phase5h:7:social-citizenship:g7-accessibility-equality-01","social-citizenship"
"pilot_slot_013","3","3","launch-candidate:phase5h:6:social-map-skills:g6-relative-location-01","phase5h:6:social-map-skills:g6-relative-location-01","social-map-skills"
"pilot_slot_013","3","3","launch-candidate:phase5h:8:social-time-travel:g8-national-struggle-source-01","phase5h:8:social-time-travel:g8-national-struggle-source-01","social-time-travel"
"pilot_slot_013","3","3","launch-candidate:phase5h:6:speed-math:speed-percent-sale-01-y9orlf","phase5h:6:speed-math:speed-percent-sale-01-y9orlf","speed-math"
"pilot_slot_013","3","4","launch-candidate:phase5h:5:target-number:target-number-premium-03-287srg","phase5h:5:target-number:target-number-premium-03-287srg","target-number"
"pilot_slot_013","3","4","launch-candidate:phase5h:5:word-mine:word-mine-premium-05-scc0je","phase5h:5:word-mine:word-mine-premium-05-scc0je","word-mine"
"pilot_slot_013","3","4","launch-candidate:phase5h:8:english-vocabulary:english-vocab-context-12-1jd1pbt","phase5h:8:english-vocabulary:english-vocab-context-12-1jd1pbt","english-vocabulary"
"pilot_slot_013","3","4","launch-candidate:phase5h:7:religion-practice:g7-belief-behaviour-01","phase5h:7:religion-practice:g7-belief-behaviour-01","religion-practice"
"pilot_slot_013","3","4","launch-candidate:phase5h:7:science-lab:science-ecosystem-chain-01-1gv13n3","phase5h:7:science-lab:science-ecosystem-chain-01-1gv13n3","science-lab"
"pilot_slot_013","3","4","launch-candidate:phase5h:8:religion-practice:religion-help-dignity-01-1sq4xqq","phase5h:8:religion-practice:religion-help-dignity-01-1sq4xqq","religion-practice"
"pilot_slot_014","3","1","launch-candidate:phase5h:6:english-cloze:eng-cloze-cause-result-01-19phl4r","phase5h:6:english-cloze:eng-cloze-cause-result-01-19phl4r","english-cloze"
"pilot_slot_014","3","1","launch-candidate:phase5h:8:english-vocabulary:english-vocab-context-12-1jd1pbt","phase5h:8:english-vocabulary:english-vocab-context-12-1jd1pbt","english-vocabulary"
"pilot_slot_014","3","1","launch-candidate:phase5h:6:error-detective:math-equation-error-01-nl452y","phase5h:6:error-detective:math-equation-error-01-nl452y","error-detective"
"pilot_slot_014","3","1","launch-candidate:phase5h:7:forbidden-story:story-forbidden-u-01-1ujd3uf","phase5h:7:forbidden-story:story-forbidden-u-01-1ujd3uf","forbidden-story"
"pilot_slot_014","3","1","launch-candidate:phase5h:5:geometry-lab:g35-geometry-composite-area-01-8grgur","phase5h:5:geometry-lab:g35-geometry-composite-area-01-8grgur","geometry-lab"
"pilot_slot_014","3","1","launch-candidate:phase5h:8:logic-station:logic-schedule-possible-01-mssrym","phase5h:8:logic-station:logic-schedule-possible-01-mssrym","logic-station"
"pilot_slot_014","3","2","launch-candidate:phase5h:8:meaning-hunt:meaning-isik-tutmak-01-aq5911","phase5h:8:meaning-hunt:meaning-isik-tutmak-01-aq5911","meaning-hunt"
"pilot_slot_014","3","2","launch-candidate:phase5h:7:olympiad-ladder:olympiad-pigeonhole-remainder-01-144voa7","phase5h:7:olympiad-ladder:olympiad-pigeonhole-remainder-01-144voa7","olympiad-ladder"
"pilot_slot_014","3","2","launch-candidate:phase5h:8:paragraph-detective:tr-main-idea-01-122remb","phase5h:8:paragraph-detective:tr-main-idea-01-122remb","paragraph-detective"
"pilot_slot_014","3","2","launch-candidate:phase5h:7:pattern-lab:pattern-matchsticks-01-jmob3w","phase5h:7:pattern-lab:pattern-matchsticks-01-jmob3w","pattern-lab"
"pilot_slot_014","3","2","launch-candidate:phase5h:5:religion-practice:g5-ihlas-meaning-01","phase5h:5:religion-practice:g5-ihlas-meaning-01","religion-practice"
"pilot_slot_014","3","2","launch-candidate:phase5h:5:science-lab:g5-conductor-evidence-01","phase5h:5:science-lab:g5-conductor-evidence-01","science-lab"
"pilot_slot_014","3","3","launch-candidate:phase5h:8:science-reasoning:g8-photosynthesis-light-01","phase5h:8:science-reasoning:g8-photosynthesis-light-01","science-reasoning"
"pilot_slot_014","3","3","launch-candidate:phase5h:7:social-citizenship:g7-accessibility-equality-01","phase5h:7:social-citizenship:g7-accessibility-equality-01","social-citizenship"
"pilot_slot_014","3","3","launch-candidate:phase5h:6:social-map-skills:g6-relative-location-01","phase5h:6:social-map-skills:g6-relative-location-01","social-map-skills"
"pilot_slot_014","3","3","launch-candidate:phase5h:5:social-time-travel:g5-first-settlements-evidence-01","phase5h:5:social-time-travel:g5-first-settlements-evidence-01","social-time-travel"
"pilot_slot_014","3","3","launch-candidate:phase5h:5:target-number:target-number-premium-03-287srg","phase5h:5:target-number:target-number-premium-03-287srg","target-number"
"pilot_slot_014","3","3","launch-candidate:phase5h:6:word-ladder:ladder-nar-kol-01-1ti8nxf","phase5h:6:word-ladder:ladder-nar-kol-01-1ti8nxf","word-ladder"
"pilot_slot_014","3","4","launch-candidate:phase5h:5:word-mine:word-mine-premium-05-scc0je","phase5h:5:word-mine:word-mine-premium-05-scc0je","word-mine"
"pilot_slot_014","3","4","launch-candidate:phase5h:6:religion-practice:g6-truthfulness-01","phase5h:6:religion-practice:g6-truthfulness-01","religion-practice"
"pilot_slot_014","3","4","launch-candidate:phase5h:7:science-lab:science-ecosystem-chain-01-1gv13n3","phase5h:7:science-lab:science-ecosystem-chain-01-1gv13n3","science-lab"
"pilot_slot_014","3","4","launch-candidate:phase5h:8:social-time-travel:g8-national-struggle-source-01","phase5h:8:social-time-travel:g8-national-struggle-source-01","social-time-travel"
"pilot_slot_014","3","4","launch-candidate:phase5h:7:religion-practice:g7-belief-behaviour-01","phase5h:7:religion-practice:g7-belief-behaviour-01","religion-practice"
"pilot_slot_014","3","4","launch-candidate:phase5h:8:religion-practice:religion-help-dignity-01-1sq4xqq","phase5h:8:religion-practice:religion-help-dignity-01-1sq4xqq","religion-practice"
"pilot_slot_015","3","1","launch-candidate:phase5h:6:english-cloze:eng-cloze-cause-result-01-19phl4r","phase5h:6:english-cloze:eng-cloze-cause-result-01-19phl4r","english-cloze"
"pilot_slot_015","3","1","launch-candidate:phase5h:7:english-sentence-builder:order-if-finish-01-11i74e","phase5h:7:english-sentence-builder:order-if-finish-01-11i74e","english-sentence-builder"
"pilot_slot_015","3","1","launch-candidate:phase5h:5:english-vocabulary:g35-en-vocab-protect-01-18is450","phase5h:5:english-vocabulary:g35-en-vocab-protect-01-18is450","english-vocabulary"
"pilot_slot_015","3","1","launch-candidate:phase5h:6:error-detective:math-equation-error-01-nl452y","phase5h:6:error-detective:math-equation-error-01-nl452y","error-detective"
"pilot_slot_015","3","1","launch-candidate:phase5h:7:forbidden-story:story-forbidden-u-01-1ujd3uf","phase5h:7:forbidden-story:story-forbidden-u-01-1ujd3uf","forbidden-story"
"pilot_slot_015","3","1","launch-candidate:phase5h:5:geometry-lab:g35-geometry-composite-area-01-8grgur","phase5h:5:geometry-lab:g35-geometry-composite-area-01-8grgur","geometry-lab"
"pilot_slot_015","3","2","launch-candidate:phase5h:8:lgs-foundation:lgs-probability-bag-01-10u5ryk","phase5h:8:lgs-foundation:lgs-probability-bag-01-10u5ryk","lgs-foundation"
"pilot_slot_015","3","2","launch-candidate:phase5h:8:logic-station:logic-schedule-possible-01-mssrym","phase5h:8:logic-station:logic-schedule-possible-01-mssrym","logic-station"
"pilot_slot_015","3","2","launch-candidate:phase5h:8:meaning-hunt:meaning-isik-tutmak-01-aq5911","phase5h:8:meaning-hunt:meaning-isik-tutmak-01-aq5911","meaning-hunt"
"pilot_slot_015","3","2","launch-candidate:phase5h:7:pattern-lab:pattern-matchsticks-01-jmob3w","phase5h:7:pattern-lab:pattern-matchsticks-01-jmob3w","pattern-lab"
"pilot_slot_015","3","2","launch-candidate:phase5h:8:problem-hunter:g8-linear-tank-01","phase5h:8:problem-hunter:g8-linear-tank-01","problem-hunter"
"pilot_slot_015","3","2","launch-candidate:phase5h:6:religion-practice:g6-truthfulness-01","phase5h:6:religion-practice:g6-truthfulness-01","religion-practice"
"pilot_slot_015","3","3","launch-candidate:phase5h:5:science-lab:g5-conductor-evidence-01","phase5h:5:science-lab:g5-conductor-evidence-01","science-lab"
"pilot_slot_015","3","3","launch-candidate:phase5h:6:science-reasoning:g6-bulb-brightness-variable-01","phase5h:6:science-reasoning:g6-bulb-brightness-variable-01","science-reasoning"
"pilot_slot_015","3","3","launch-candidate:phase5h:7:social-citizenship:g7-accessibility-equality-01","phase5h:7:social-citizenship:g7-accessibility-equality-01","social-citizenship"
"pilot_slot_015","3","3","launch-candidate:phase5h:5:social-time-travel:g5-first-settlements-evidence-01","phase5h:5:social-time-travel:g5-first-settlements-evidence-01","social-time-travel"
"pilot_slot_015","3","3","launch-candidate:phase5h:6:speed-math:speed-percent-sale-01-y9orlf","phase5h:6:speed-math:speed-percent-sale-01-y9orlf","speed-math"
"pilot_slot_015","3","3","launch-candidate:phase5h:5:target-number:target-number-premium-03-287srg","phase5h:5:target-number:target-number-premium-03-287srg","target-number"
"pilot_slot_015","3","4","launch-candidate:phase5h:6:word-ladder:ladder-nar-kol-01-1ti8nxf","phase5h:6:word-ladder:ladder-nar-kol-01-1ti8nxf","word-ladder"
"pilot_slot_015","3","4","launch-candidate:phase5h:5:word-mine:word-mine-premium-05-scc0je","phase5h:5:word-mine:word-mine-premium-05-scc0je","word-mine"
"pilot_slot_015","3","4","launch-candidate:phase5h:8:english-vocabulary:english-vocab-context-12-1jd1pbt","phase5h:8:english-vocabulary:english-vocab-context-12-1jd1pbt","english-vocabulary"
"pilot_slot_015","3","4","launch-candidate:phase5h:8:religion-practice:religion-help-dignity-01-1sq4xqq","phase5h:8:religion-practice:religion-help-dignity-01-1sq4xqq","religion-practice"
"pilot_slot_015","3","4","launch-candidate:phase5h:7:science-lab:science-ecosystem-chain-01-1gv13n3","phase5h:7:science-lab:science-ecosystem-chain-01-1gv13n3","science-lab"
"pilot_slot_015","3","4","launch-candidate:phase5h:8:science-reasoning:g8-photosynthesis-light-01","phase5h:8:science-reasoning:g8-photosynthesis-light-01","science-reasoning"
"pilot_slot_016","4","1","launch-candidate:phase5h:6:english-cloze:eng-cloze-cause-result-01-19phl4r","phase5h:6:english-cloze:eng-cloze-cause-result-01-19phl4r","english-cloze"
"pilot_slot_016","4","1","launch-candidate:phase5h:7:english-sentence-builder:order-if-finish-01-11i74e","phase5h:7:english-sentence-builder:order-if-finish-01-11i74e","english-sentence-builder"
"pilot_slot_016","4","1","launch-candidate:phase5h:5:english-vocabulary:g35-en-vocab-protect-01-18is450","phase5h:5:english-vocabulary:g35-en-vocab-protect-01-18is450","english-vocabulary"
"pilot_slot_016","4","1","launch-candidate:phase5h:7:forbidden-story:story-forbidden-u-01-1ujd3uf","phase5h:7:forbidden-story:story-forbidden-u-01-1ujd3uf","forbidden-story"
"pilot_slot_016","4","1","launch-candidate:phase5h:5:geometry-lab:g35-geometry-composite-area-01-8grgur","phase5h:5:geometry-lab:g35-geometry-composite-area-01-8grgur","geometry-lab"
"pilot_slot_016","4","1","launch-candidate:phase5h:8:lgs-foundation:lgs-probability-bag-01-10u5ryk","phase5h:8:lgs-foundation:lgs-probability-bag-01-10u5ryk","lgs-foundation"
"pilot_slot_016","4","2","launch-candidate:phase5h:8:logic-station:logic-schedule-possible-01-mssrym","phase5h:8:logic-station:logic-schedule-possible-01-mssrym","logic-station"
"pilot_slot_016","4","2","launch-candidate:phase5h:7:olympiad-ladder:olympiad-pigeonhole-remainder-01-144voa7","phase5h:7:olympiad-ladder:olympiad-pigeonhole-remainder-01-144voa7","olympiad-ladder"
"pilot_slot_016","4","2","launch-candidate:phase5h:8:paragraph-detective:tr-main-idea-01-122remb","phase5h:8:paragraph-detective:tr-main-idea-01-122remb","paragraph-detective"
"pilot_slot_016","4","2","launch-candidate:phase5h:7:pattern-lab:pattern-matchsticks-01-jmob3w","phase5h:7:pattern-lab:pattern-matchsticks-01-jmob3w","pattern-lab"
"pilot_slot_016","4","2","launch-candidate:phase5h:5:religion-practice:g5-ihlas-meaning-01","phase5h:5:religion-practice:g5-ihlas-meaning-01","religion-practice"
"pilot_slot_016","4","2","launch-candidate:phase5h:5:science-lab:g5-conductor-evidence-01","phase5h:5:science-lab:g5-conductor-evidence-01","science-lab"
"pilot_slot_016","4","3","launch-candidate:phase5h:6:science-reasoning:g6-bulb-brightness-variable-01","phase5h:6:science-reasoning:g6-bulb-brightness-variable-01","science-reasoning"
"pilot_slot_016","4","3","launch-candidate:phase5h:7:social-citizenship:g7-accessibility-equality-01","phase5h:7:social-citizenship:g7-accessibility-equality-01","social-citizenship"
"pilot_slot_016","4","3","launch-candidate:phase5h:6:social-map-skills:g6-relative-location-01","phase5h:6:social-map-skills:g6-relative-location-01","social-map-skills"
"pilot_slot_016","4","3","launch-candidate:phase5h:8:social-time-travel:g8-national-struggle-source-01","phase5h:8:social-time-travel:g8-national-struggle-source-01","social-time-travel"
"pilot_slot_016","4","3","launch-candidate:phase5h:6:speed-math:speed-percent-sale-01-y9orlf","phase5h:6:speed-math:speed-percent-sale-01-y9orlf","speed-math"
"pilot_slot_016","4","3","launch-candidate:phase5h:5:target-number:target-number-premium-03-287srg","phase5h:5:target-number:target-number-premium-03-287srg","target-number"
"pilot_slot_016","4","4","launch-candidate:phase5h:5:word-mine:word-mine-premium-05-scc0je","phase5h:5:word-mine:word-mine-premium-05-scc0je","word-mine"
"pilot_slot_016","4","4","launch-candidate:phase5h:8:english-vocabulary:english-vocab-context-12-1jd1pbt","phase5h:8:english-vocabulary:english-vocab-context-12-1jd1pbt","english-vocabulary"
"pilot_slot_016","4","4","launch-candidate:phase5h:6:religion-practice:g6-truthfulness-01","phase5h:6:religion-practice:g6-truthfulness-01","religion-practice"
"pilot_slot_016","4","4","launch-candidate:phase5h:7:science-lab:science-ecosystem-chain-01-1gv13n3","phase5h:7:science-lab:science-ecosystem-chain-01-1gv13n3","science-lab"
"pilot_slot_016","4","4","launch-candidate:phase5h:7:religion-practice:g7-belief-behaviour-01","phase5h:7:religion-practice:g7-belief-behaviour-01","religion-practice"
"pilot_slot_016","4","4","launch-candidate:phase5h:8:religion-practice:religion-help-dignity-01-1sq4xqq","phase5h:8:religion-practice:religion-help-dignity-01-1sq4xqq","religion-practice"
"pilot_slot_017","4","1","launch-candidate:phase5h:6:english-cloze:eng-cloze-cause-result-01-19phl4r","phase5h:6:english-cloze:eng-cloze-cause-result-01-19phl4r","english-cloze"
"pilot_slot_017","4","1","launch-candidate:phase5h:8:english-vocabulary:english-vocab-context-12-1jd1pbt","phase5h:8:english-vocabulary:english-vocab-context-12-1jd1pbt","english-vocabulary"
"pilot_slot_017","4","1","launch-candidate:phase5h:6:error-detective:math-equation-error-01-nl452y","phase5h:6:error-detective:math-equation-error-01-nl452y","error-detective"
"pilot_slot_017","4","1","launch-candidate:phase5h:7:forbidden-story:story-forbidden-u-01-1ujd3uf","phase5h:7:forbidden-story:story-forbidden-u-01-1ujd3uf","forbidden-story"
"pilot_slot_017","4","1","launch-candidate:phase5h:5:geometry-lab:g35-geometry-composite-area-01-8grgur","phase5h:5:geometry-lab:g35-geometry-composite-area-01-8grgur","geometry-lab"
"pilot_slot_017","4","1","launch-candidate:phase5h:8:logic-station:logic-schedule-possible-01-mssrym","phase5h:8:logic-station:logic-schedule-possible-01-mssrym","logic-station"
"pilot_slot_017","4","2","launch-candidate:phase5h:8:meaning-hunt:meaning-isik-tutmak-01-aq5911","phase5h:8:meaning-hunt:meaning-isik-tutmak-01-aq5911","meaning-hunt"
"pilot_slot_017","4","2","launch-candidate:phase5h:7:olympiad-ladder:olympiad-pigeonhole-remainder-01-144voa7","phase5h:7:olympiad-ladder:olympiad-pigeonhole-remainder-01-144voa7","olympiad-ladder"
"pilot_slot_017","4","2","launch-candidate:phase5h:8:paragraph-detective:tr-main-idea-01-122remb","phase5h:8:paragraph-detective:tr-main-idea-01-122remb","paragraph-detective"
"pilot_slot_017","4","2","launch-candidate:phase5h:7:pattern-lab:pattern-matchsticks-01-jmob3w","phase5h:7:pattern-lab:pattern-matchsticks-01-jmob3w","pattern-lab"
"pilot_slot_017","4","2","launch-candidate:phase5h:8:problem-hunter:g8-linear-tank-01","phase5h:8:problem-hunter:g8-linear-tank-01","problem-hunter"
"pilot_slot_017","4","2","launch-candidate:phase5h:5:religion-practice:g5-ihlas-meaning-01","phase5h:5:religion-practice:g5-ihlas-meaning-01","religion-practice"
"pilot_slot_017","4","3","launch-candidate:phase5h:5:science-lab:g5-conductor-evidence-01","phase5h:5:science-lab:g5-conductor-evidence-01","science-lab"
"pilot_slot_017","4","3","launch-candidate:phase5h:8:science-reasoning:g8-photosynthesis-light-01","phase5h:8:science-reasoning:g8-photosynthesis-light-01","science-reasoning"
"pilot_slot_017","4","3","launch-candidate:phase5h:7:social-citizenship:g7-accessibility-equality-01","phase5h:7:social-citizenship:g7-accessibility-equality-01","social-citizenship"
"pilot_slot_017","4","3","launch-candidate:phase5h:6:social-map-skills:g6-relative-location-01","phase5h:6:social-map-skills:g6-relative-location-01","social-map-skills"
"pilot_slot_017","4","3","launch-candidate:phase5h:5:social-time-travel:g5-first-settlements-evidence-01","phase5h:5:social-time-travel:g5-first-settlements-evidence-01","social-time-travel"
"pilot_slot_017","4","3","launch-candidate:phase5h:5:target-number:target-number-premium-03-287srg","phase5h:5:target-number:target-number-premium-03-287srg","target-number"
"pilot_slot_017","4","4","launch-candidate:phase5h:6:word-ladder:ladder-nar-kol-01-1ti8nxf","phase5h:6:word-ladder:ladder-nar-kol-01-1ti8nxf","word-ladder"
"pilot_slot_017","4","4","launch-candidate:phase5h:5:word-mine:word-mine-premium-05-scc0je","phase5h:5:word-mine:word-mine-premium-05-scc0je","word-mine"
"pilot_slot_017","4","4","launch-candidate:phase5h:6:religion-practice:g6-truthfulness-01","phase5h:6:religion-practice:g6-truthfulness-01","religion-practice"
"pilot_slot_017","4","4","launch-candidate:phase5h:7:science-lab:science-ecosystem-chain-01-1gv13n3","phase5h:7:science-lab:science-ecosystem-chain-01-1gv13n3","science-lab"
"pilot_slot_017","4","4","launch-candidate:phase5h:7:religion-practice:g7-belief-behaviour-01","phase5h:7:religion-practice:g7-belief-behaviour-01","religion-practice"
"pilot_slot_017","4","4","launch-candidate:phase5h:8:religion-practice:religion-help-dignity-01-1sq4xqq","phase5h:8:religion-practice:religion-help-dignity-01-1sq4xqq","religion-practice"
"pilot_slot_018","4","1","launch-candidate:phase5h:6:english-cloze:eng-cloze-cause-result-01-19phl4r","phase5h:6:english-cloze:eng-cloze-cause-result-01-19phl4r","english-cloze"
"pilot_slot_018","4","1","launch-candidate:phase5h:7:english-sentence-builder:order-if-finish-01-11i74e","phase5h:7:english-sentence-builder:order-if-finish-01-11i74e","english-sentence-builder"
"pilot_slot_018","4","1","launch-candidate:phase5h:5:english-vocabulary:g35-en-vocab-protect-01-18is450","phase5h:5:english-vocabulary:g35-en-vocab-protect-01-18is450","english-vocabulary"
"pilot_slot_018","4","1","launch-candidate:phase5h:6:error-detective:math-equation-error-01-nl452y","phase5h:6:error-detective:math-equation-error-01-nl452y","error-detective"
"pilot_slot_018","4","1","launch-candidate:phase5h:5:geometry-lab:g35-geometry-composite-area-01-8grgur","phase5h:5:geometry-lab:g35-geometry-composite-area-01-8grgur","geometry-lab"
"pilot_slot_018","4","1","launch-candidate:phase5h:8:lgs-foundation:lgs-probability-bag-01-10u5ryk","phase5h:8:lgs-foundation:lgs-probability-bag-01-10u5ryk","lgs-foundation"
"pilot_slot_018","4","2","launch-candidate:phase5h:8:logic-station:logic-schedule-possible-01-mssrym","phase5h:8:logic-station:logic-schedule-possible-01-mssrym","logic-station"
"pilot_slot_018","4","2","launch-candidate:phase5h:8:meaning-hunt:meaning-isik-tutmak-01-aq5911","phase5h:8:meaning-hunt:meaning-isik-tutmak-01-aq5911","meaning-hunt"
"pilot_slot_018","4","2","launch-candidate:phase5h:7:pattern-lab:pattern-matchsticks-01-jmob3w","phase5h:7:pattern-lab:pattern-matchsticks-01-jmob3w","pattern-lab"
"pilot_slot_018","4","2","launch-candidate:phase5h:8:problem-hunter:g8-linear-tank-01","phase5h:8:problem-hunter:g8-linear-tank-01","problem-hunter"
"pilot_slot_018","4","2","launch-candidate:phase5h:6:religion-practice:g6-truthfulness-01","phase5h:6:religion-practice:g6-truthfulness-01","religion-practice"
"pilot_slot_018","4","2","launch-candidate:phase5h:5:science-lab:g5-conductor-evidence-01","phase5h:5:science-lab:g5-conductor-evidence-01","science-lab"
"pilot_slot_018","4","3","launch-candidate:phase5h:6:science-reasoning:g6-bulb-brightness-variable-01","phase5h:6:science-reasoning:g6-bulb-brightness-variable-01","science-reasoning"
"pilot_slot_018","4","3","launch-candidate:phase5h:7:social-citizenship:g7-accessibility-equality-01","phase5h:7:social-citizenship:g7-accessibility-equality-01","social-citizenship"
"pilot_slot_018","4","3","launch-candidate:phase5h:5:social-time-travel:g5-first-settlements-evidence-01","phase5h:5:social-time-travel:g5-first-settlements-evidence-01","social-time-travel"
"pilot_slot_018","4","3","launch-candidate:phase5h:6:speed-math:speed-percent-sale-01-y9orlf","phase5h:6:speed-math:speed-percent-sale-01-y9orlf","speed-math"
"pilot_slot_018","4","3","launch-candidate:phase5h:5:target-number:target-number-premium-03-287srg","phase5h:5:target-number:target-number-premium-03-287srg","target-number"
"pilot_slot_018","4","3","launch-candidate:phase5h:6:word-ladder:ladder-nar-kol-01-1ti8nxf","phase5h:6:word-ladder:ladder-nar-kol-01-1ti8nxf","word-ladder"
"pilot_slot_018","4","4","launch-candidate:phase5h:5:word-mine:word-mine-premium-05-scc0je","phase5h:5:word-mine:word-mine-premium-05-scc0je","word-mine"
"pilot_slot_018","4","4","launch-candidate:phase5h:8:english-vocabulary:english-vocab-context-12-1jd1pbt","phase5h:8:english-vocabulary:english-vocab-context-12-1jd1pbt","english-vocabulary"
"pilot_slot_018","4","4","launch-candidate:phase5h:8:religion-practice:religion-help-dignity-01-1sq4xqq","phase5h:8:religion-practice:religion-help-dignity-01-1sq4xqq","religion-practice"
"pilot_slot_018","4","4","launch-candidate:phase5h:7:science-lab:science-ecosystem-chain-01-1gv13n3","phase5h:7:science-lab:science-ecosystem-chain-01-1gv13n3","science-lab"
"pilot_slot_018","4","4","launch-candidate:phase5h:8:science-reasoning:g8-photosynthesis-light-01","phase5h:8:science-reasoning:g8-photosynthesis-light-01","science-reasoning"
"pilot_slot_018","4","4","launch-candidate:phase5h:8:social-time-travel:g8-national-struggle-source-01","phase5h:8:social-time-travel:g8-national-struggle-source-01","social-time-travel"
"pilot_slot_019","4","1","launch-candidate:phase5h:7:english-sentence-builder:order-if-finish-01-11i74e","phase5h:7:english-sentence-builder:order-if-finish-01-11i74e","english-sentence-builder"
"pilot_slot_019","4","1","launch-candidate:phase5h:5:english-vocabulary:g35-en-vocab-protect-01-18is450","phase5h:5:english-vocabulary:g35-en-vocab-protect-01-18is450","english-vocabulary"
"pilot_slot_019","4","1","launch-candidate:phase5h:6:error-detective:math-equation-error-01-nl452y","phase5h:6:error-detective:math-equation-error-01-nl452y","error-detective"
"pilot_slot_019","4","1","launch-candidate:phase5h:7:forbidden-story:story-forbidden-u-01-1ujd3uf","phase5h:7:forbidden-story:story-forbidden-u-01-1ujd3uf","forbidden-story"
"pilot_slot_019","4","1","launch-candidate:phase5h:8:lgs-foundation:lgs-probability-bag-01-10u5ryk","phase5h:8:lgs-foundation:lgs-probability-bag-01-10u5ryk","lgs-foundation"
"pilot_slot_019","4","1","launch-candidate:phase5h:8:logic-station:logic-schedule-possible-01-mssrym","phase5h:8:logic-station:logic-schedule-possible-01-mssrym","logic-station"
"pilot_slot_019","4","2","launch-candidate:phase5h:8:meaning-hunt:meaning-isik-tutmak-01-aq5911","phase5h:8:meaning-hunt:meaning-isik-tutmak-01-aq5911","meaning-hunt"
"pilot_slot_019","4","2","launch-candidate:phase5h:7:olympiad-ladder:olympiad-pigeonhole-remainder-01-144voa7","phase5h:7:olympiad-ladder:olympiad-pigeonhole-remainder-01-144voa7","olympiad-ladder"
"pilot_slot_019","4","2","launch-candidate:phase5h:8:paragraph-detective:tr-main-idea-01-122remb","phase5h:8:paragraph-detective:tr-main-idea-01-122remb","paragraph-detective"
"pilot_slot_019","4","2","launch-candidate:phase5h:8:problem-hunter:g8-linear-tank-01","phase5h:8:problem-hunter:g8-linear-tank-01","problem-hunter"
"pilot_slot_019","4","2","launch-candidate:phase5h:5:religion-practice:g5-ihlas-meaning-01","phase5h:5:religion-practice:g5-ihlas-meaning-01","religion-practice"
"pilot_slot_019","4","2","launch-candidate:phase5h:5:science-lab:g5-conductor-evidence-01","phase5h:5:science-lab:g5-conductor-evidence-01","science-lab"
"pilot_slot_019","4","3","launch-candidate:phase5h:6:science-reasoning:g6-bulb-brightness-variable-01","phase5h:6:science-reasoning:g6-bulb-brightness-variable-01","science-reasoning"
"pilot_slot_019","4","3","launch-candidate:phase5h:7:social-citizenship:g7-accessibility-equality-01","phase5h:7:social-citizenship:g7-accessibility-equality-01","social-citizenship"
"pilot_slot_019","4","3","launch-candidate:phase5h:6:social-map-skills:g6-relative-location-01","phase5h:6:social-map-skills:g6-relative-location-01","social-map-skills"
"pilot_slot_019","4","3","launch-candidate:phase5h:5:social-time-travel:g5-first-settlements-evidence-01","phase5h:5:social-time-travel:g5-first-settlements-evidence-01","social-time-travel"
"pilot_slot_019","4","3","launch-candidate:phase5h:6:speed-math:speed-percent-sale-01-y9orlf","phase5h:6:speed-math:speed-percent-sale-01-y9orlf","speed-math"
"pilot_slot_019","4","3","launch-candidate:phase5h:5:target-number:target-number-premium-03-287srg","phase5h:5:target-number:target-number-premium-03-287srg","target-number"
"pilot_slot_019","4","4","launch-candidate:phase5h:6:word-ladder:ladder-nar-kol-01-1ti8nxf","phase5h:6:word-ladder:ladder-nar-kol-01-1ti8nxf","word-ladder"
"pilot_slot_019","4","4","launch-candidate:phase5h:6:religion-practice:g6-truthfulness-01","phase5h:6:religion-practice:g6-truthfulness-01","religion-practice"
"pilot_slot_019","4","4","launch-candidate:phase5h:8:science-reasoning:g8-photosynthesis-light-01","phase5h:8:science-reasoning:g8-photosynthesis-light-01","science-reasoning"
"pilot_slot_019","4","4","launch-candidate:phase5h:8:social-time-travel:g8-national-struggle-source-01","phase5h:8:social-time-travel:g8-national-struggle-source-01","social-time-travel"
"pilot_slot_019","4","4","launch-candidate:phase5h:7:religion-practice:g7-belief-behaviour-01","phase5h:7:religion-practice:g7-belief-behaviour-01","religion-practice"
"pilot_slot_019","4","4","launch-candidate:phase5h:8:religion-practice:religion-help-dignity-01-1sq4xqq","phase5h:8:religion-practice:religion-help-dignity-01-1sq4xqq","religion-practice"
"pilot_slot_020","4","1","launch-candidate:phase5h:6:english-cloze:eng-cloze-cause-result-01-19phl4r","phase5h:6:english-cloze:eng-cloze-cause-result-01-19phl4r","english-cloze"
"pilot_slot_020","4","1","launch-candidate:phase5h:7:english-sentence-builder:order-if-finish-01-11i74e","phase5h:7:english-sentence-builder:order-if-finish-01-11i74e","english-sentence-builder"
"pilot_slot_020","4","1","launch-candidate:phase5h:5:english-vocabulary:g35-en-vocab-protect-01-18is450","phase5h:5:english-vocabulary:g35-en-vocab-protect-01-18is450","english-vocabulary"
"pilot_slot_020","4","1","launch-candidate:phase5h:6:error-detective:math-equation-error-01-nl452y","phase5h:6:error-detective:math-equation-error-01-nl452y","error-detective"
"pilot_slot_020","4","1","launch-candidate:phase5h:7:forbidden-story:story-forbidden-u-01-1ujd3uf","phase5h:7:forbidden-story:story-forbidden-u-01-1ujd3uf","forbidden-story"
"pilot_slot_020","4","1","launch-candidate:phase5h:5:geometry-lab:g35-geometry-composite-area-01-8grgur","phase5h:5:geometry-lab:g35-geometry-composite-area-01-8grgur","geometry-lab"
"pilot_slot_020","4","2","launch-candidate:phase5h:8:lgs-foundation:lgs-probability-bag-01-10u5ryk","phase5h:8:lgs-foundation:lgs-probability-bag-01-10u5ryk","lgs-foundation"
"pilot_slot_020","4","2","launch-candidate:phase5h:8:meaning-hunt:meaning-isik-tutmak-01-aq5911","phase5h:8:meaning-hunt:meaning-isik-tutmak-01-aq5911","meaning-hunt"
"pilot_slot_020","4","2","launch-candidate:phase5h:7:olympiad-ladder:olympiad-pigeonhole-remainder-01-144voa7","phase5h:7:olympiad-ladder:olympiad-pigeonhole-remainder-01-144voa7","olympiad-ladder"
"pilot_slot_020","4","2","launch-candidate:phase5h:8:paragraph-detective:tr-main-idea-01-122remb","phase5h:8:paragraph-detective:tr-main-idea-01-122remb","paragraph-detective"
"pilot_slot_020","4","2","launch-candidate:phase5h:7:pattern-lab:pattern-matchsticks-01-jmob3w","phase5h:7:pattern-lab:pattern-matchsticks-01-jmob3w","pattern-lab"
"pilot_slot_020","4","2","launch-candidate:phase5h:8:problem-hunter:g8-linear-tank-01","phase5h:8:problem-hunter:g8-linear-tank-01","problem-hunter"
"pilot_slot_020","4","3","launch-candidate:phase5h:5:religion-practice:g5-ihlas-meaning-01","phase5h:5:religion-practice:g5-ihlas-meaning-01","religion-practice"
"pilot_slot_020","4","3","launch-candidate:phase5h:7:science-lab:science-ecosystem-chain-01-1gv13n3","phase5h:7:science-lab:science-ecosystem-chain-01-1gv13n3","science-lab"
"pilot_slot_020","4","3","launch-candidate:phase5h:6:science-reasoning:g6-bulb-brightness-variable-01","phase5h:6:science-reasoning:g6-bulb-brightness-variable-01","science-reasoning"
"pilot_slot_020","4","3","launch-candidate:phase5h:6:social-map-skills:g6-relative-location-01","phase5h:6:social-map-skills:g6-relative-location-01","social-map-skills"
"pilot_slot_020","4","3","launch-candidate:phase5h:5:social-time-travel:g5-first-settlements-evidence-01","phase5h:5:social-time-travel:g5-first-settlements-evidence-01","social-time-travel"
"pilot_slot_020","4","3","launch-candidate:phase5h:6:speed-math:speed-percent-sale-01-y9orlf","phase5h:6:speed-math:speed-percent-sale-01-y9orlf","speed-math"
"pilot_slot_020","4","4","launch-candidate:phase5h:6:word-ladder:ladder-nar-kol-01-1ti8nxf","phase5h:6:word-ladder:ladder-nar-kol-01-1ti8nxf","word-ladder"
"pilot_slot_020","4","4","launch-candidate:phase5h:5:word-mine:word-mine-premium-05-scc0je","phase5h:5:word-mine:word-mine-premium-05-scc0je","word-mine"
"pilot_slot_020","4","4","launch-candidate:phase5h:8:english-vocabulary:english-vocab-context-12-1jd1pbt","phase5h:8:english-vocabulary:english-vocab-context-12-1jd1pbt","english-vocabulary"
"pilot_slot_020","4","4","launch-candidate:phase5h:7:religion-practice:g7-belief-behaviour-01","phase5h:7:religion-practice:g7-belief-behaviour-01","religion-practice"
"pilot_slot_020","4","4","launch-candidate:phase5h:8:science-reasoning:g8-photosynthesis-light-01","phase5h:8:science-reasoning:g8-photosynthesis-light-01","science-reasoning"
"pilot_slot_020","4","4","launch-candidate:phase5h:8:social-time-travel:g8-national-struggle-source-01","phase5h:8:social-time-travel:g8-national-struggle-source-01","social-time-travel"
"pilot_slot_021","5","1","launch-candidate:phase5h:6:english-cloze:eng-cloze-cause-result-01-19phl4r","phase5h:6:english-cloze:eng-cloze-cause-result-01-19phl4r","english-cloze"
"pilot_slot_021","5","1","launch-candidate:phase5h:7:english-sentence-builder:order-if-finish-01-11i74e","phase5h:7:english-sentence-builder:order-if-finish-01-11i74e","english-sentence-builder"
"pilot_slot_021","5","1","launch-candidate:phase5h:5:english-vocabulary:g35-en-vocab-protect-01-18is450","phase5h:5:english-vocabulary:g35-en-vocab-protect-01-18is450","english-vocabulary"
"pilot_slot_021","5","1","launch-candidate:phase5h:6:error-detective:math-equation-error-01-nl452y","phase5h:6:error-detective:math-equation-error-01-nl452y","error-detective"
"pilot_slot_021","5","1","launch-candidate:phase5h:8:lgs-foundation:lgs-probability-bag-01-10u5ryk","phase5h:8:lgs-foundation:lgs-probability-bag-01-10u5ryk","lgs-foundation"
"pilot_slot_021","5","1","launch-candidate:phase5h:8:logic-station:logic-schedule-possible-01-mssrym","phase5h:8:logic-station:logic-schedule-possible-01-mssrym","logic-station"
"pilot_slot_021","5","2","launch-candidate:phase5h:8:meaning-hunt:meaning-isik-tutmak-01-aq5911","phase5h:8:meaning-hunt:meaning-isik-tutmak-01-aq5911","meaning-hunt"
"pilot_slot_021","5","2","launch-candidate:phase5h:7:pattern-lab:pattern-matchsticks-01-jmob3w","phase5h:7:pattern-lab:pattern-matchsticks-01-jmob3w","pattern-lab"
"pilot_slot_021","5","2","launch-candidate:phase5h:8:problem-hunter:g8-linear-tank-01","phase5h:8:problem-hunter:g8-linear-tank-01","problem-hunter"
"pilot_slot_021","5","2","launch-candidate:phase5h:6:religion-practice:g6-truthfulness-01","phase5h:6:religion-practice:g6-truthfulness-01","religion-practice"
"pilot_slot_021","5","2","launch-candidate:phase5h:5:science-lab:g5-conductor-evidence-01","phase5h:5:science-lab:g5-conductor-evidence-01","science-lab"
"pilot_slot_021","5","2","launch-candidate:phase5h:6:science-reasoning:g6-bulb-brightness-variable-01","phase5h:6:science-reasoning:g6-bulb-brightness-variable-01","science-reasoning"
"pilot_slot_021","5","3","launch-candidate:phase5h:7:social-citizenship:g7-accessibility-equality-01","phase5h:7:social-citizenship:g7-accessibility-equality-01","social-citizenship"
"pilot_slot_021","5","3","launch-candidate:phase5h:5:social-time-travel:g5-first-settlements-evidence-01","phase5h:5:social-time-travel:g5-first-settlements-evidence-01","social-time-travel"
"pilot_slot_021","5","3","launch-candidate:phase5h:6:speed-math:speed-percent-sale-01-y9orlf","phase5h:6:speed-math:speed-percent-sale-01-y9orlf","speed-math"
"pilot_slot_021","5","3","launch-candidate:phase5h:5:target-number:target-number-premium-03-287srg","phase5h:5:target-number:target-number-premium-03-287srg","target-number"
"pilot_slot_021","5","3","launch-candidate:phase5h:6:word-ladder:ladder-nar-kol-01-1ti8nxf","phase5h:6:word-ladder:ladder-nar-kol-01-1ti8nxf","word-ladder"
"pilot_slot_021","5","3","launch-candidate:phase5h:5:word-mine:word-mine-premium-05-scc0je","phase5h:5:word-mine:word-mine-premium-05-scc0je","word-mine"
"pilot_slot_021","5","4","launch-candidate:phase5h:8:english-vocabulary:english-vocab-context-12-1jd1pbt","phase5h:8:english-vocabulary:english-vocab-context-12-1jd1pbt","english-vocabulary"
"pilot_slot_021","5","4","launch-candidate:phase5h:7:religion-practice:g7-belief-behaviour-01","phase5h:7:religion-practice:g7-belief-behaviour-01","religion-practice"
"pilot_slot_021","5","4","launch-candidate:phase5h:7:science-lab:science-ecosystem-chain-01-1gv13n3","phase5h:7:science-lab:science-ecosystem-chain-01-1gv13n3","science-lab"
"pilot_slot_021","5","4","launch-candidate:phase5h:8:science-reasoning:g8-photosynthesis-light-01","phase5h:8:science-reasoning:g8-photosynthesis-light-01","science-reasoning"
"pilot_slot_021","5","4","launch-candidate:phase5h:8:social-time-travel:g8-national-struggle-source-01","phase5h:8:social-time-travel:g8-national-struggle-source-01","social-time-travel"
"pilot_slot_021","5","4","launch-candidate:phase5h:8:religion-practice:religion-help-dignity-01-1sq4xqq","phase5h:8:religion-practice:religion-help-dignity-01-1sq4xqq","religion-practice"
"pilot_slot_022","5","1","launch-candidate:phase5h:7:english-sentence-builder:order-if-finish-01-11i74e","phase5h:7:english-sentence-builder:order-if-finish-01-11i74e","english-sentence-builder"
"pilot_slot_022","5","1","launch-candidate:phase5h:5:english-vocabulary:g35-en-vocab-protect-01-18is450","phase5h:5:english-vocabulary:g35-en-vocab-protect-01-18is450","english-vocabulary"
"pilot_slot_022","5","1","launch-candidate:phase5h:6:error-detective:math-equation-error-01-nl452y","phase5h:6:error-detective:math-equation-error-01-nl452y","error-detective"
"pilot_slot_022","5","1","launch-candidate:phase5h:7:forbidden-story:story-forbidden-u-01-1ujd3uf","phase5h:7:forbidden-story:story-forbidden-u-01-1ujd3uf","forbidden-story"
"pilot_slot_022","5","1","launch-candidate:phase5h:5:geometry-lab:g35-geometry-composite-area-01-8grgur","phase5h:5:geometry-lab:g35-geometry-composite-area-01-8grgur","geometry-lab"
"pilot_slot_022","5","1","launch-candidate:phase5h:8:lgs-foundation:lgs-probability-bag-01-10u5ryk","phase5h:8:lgs-foundation:lgs-probability-bag-01-10u5ryk","lgs-foundation"
"pilot_slot_022","5","2","launch-candidate:phase5h:8:logic-station:logic-schedule-possible-01-mssrym","phase5h:8:logic-station:logic-schedule-possible-01-mssrym","logic-station"
"pilot_slot_022","5","2","launch-candidate:phase5h:8:meaning-hunt:meaning-isik-tutmak-01-aq5911","phase5h:8:meaning-hunt:meaning-isik-tutmak-01-aq5911","meaning-hunt"
"pilot_slot_022","5","2","launch-candidate:phase5h:7:olympiad-ladder:olympiad-pigeonhole-remainder-01-144voa7","phase5h:7:olympiad-ladder:olympiad-pigeonhole-remainder-01-144voa7","olympiad-ladder"
"pilot_slot_022","5","2","launch-candidate:phase5h:8:paragraph-detective:tr-main-idea-01-122remb","phase5h:8:paragraph-detective:tr-main-idea-01-122remb","paragraph-detective"
"pilot_slot_022","5","2","launch-candidate:phase5h:8:problem-hunter:g8-linear-tank-01","phase5h:8:problem-hunter:g8-linear-tank-01","problem-hunter"
"pilot_slot_022","5","2","launch-candidate:phase5h:5:religion-practice:g5-ihlas-meaning-01","phase5h:5:religion-practice:g5-ihlas-meaning-01","religion-practice"
"pilot_slot_022","5","3","launch-candidate:phase5h:6:science-reasoning:g6-bulb-brightness-variable-01","phase5h:6:science-reasoning:g6-bulb-brightness-variable-01","science-reasoning"
"pilot_slot_022","5","3","launch-candidate:phase5h:7:social-citizenship:g7-accessibility-equality-01","phase5h:7:social-citizenship:g7-accessibility-equality-01","social-citizenship"
"pilot_slot_022","5","3","launch-candidate:phase5h:6:social-map-skills:g6-relative-location-01","phase5h:6:social-map-skills:g6-relative-location-01","social-map-skills"
"pilot_slot_022","5","3","launch-candidate:phase5h:5:social-time-travel:g5-first-settlements-evidence-01","phase5h:5:social-time-travel:g5-first-settlements-evidence-01","social-time-travel"
"pilot_slot_022","5","3","launch-candidate:phase5h:6:speed-math:speed-percent-sale-01-y9orlf","phase5h:6:speed-math:speed-percent-sale-01-y9orlf","speed-math"
"pilot_slot_022","5","3","launch-candidate:phase5h:5:target-number:target-number-premium-03-287srg","phase5h:5:target-number:target-number-premium-03-287srg","target-number"
"pilot_slot_022","5","4","launch-candidate:phase5h:6:word-ladder:ladder-nar-kol-01-1ti8nxf","phase5h:6:word-ladder:ladder-nar-kol-01-1ti8nxf","word-ladder"
"pilot_slot_022","5","4","launch-candidate:phase5h:6:religion-practice:g6-truthfulness-01","phase5h:6:religion-practice:g6-truthfulness-01","religion-practice"
"pilot_slot_022","5","4","launch-candidate:phase5h:8:science-reasoning:g8-photosynthesis-light-01","phase5h:8:science-reasoning:g8-photosynthesis-light-01","science-reasoning"
"pilot_slot_022","5","4","launch-candidate:phase5h:8:social-time-travel:g8-national-struggle-source-01","phase5h:8:social-time-travel:g8-national-struggle-source-01","social-time-travel"
"pilot_slot_022","5","4","launch-candidate:phase5h:7:religion-practice:g7-belief-behaviour-01","phase5h:7:religion-practice:g7-belief-behaviour-01","religion-practice"
"pilot_slot_022","5","4","launch-candidate:phase5h:8:religion-practice:religion-help-dignity-01-1sq4xqq","phase5h:8:religion-practice:religion-help-dignity-01-1sq4xqq","religion-practice"
"pilot_slot_023","5","1","launch-candidate:phase5h:6:english-cloze:eng-cloze-cause-result-01-19phl4r","phase5h:6:english-cloze:eng-cloze-cause-result-01-19phl4r","english-cloze"
"pilot_slot_023","5","1","launch-candidate:phase5h:7:english-sentence-builder:order-if-finish-01-11i74e","phase5h:7:english-sentence-builder:order-if-finish-01-11i74e","english-sentence-builder"
"pilot_slot_023","5","1","launch-candidate:phase5h:5:english-vocabulary:g35-en-vocab-protect-01-18is450","phase5h:5:english-vocabulary:g35-en-vocab-protect-01-18is450","english-vocabulary"
"pilot_slot_023","5","1","launch-candidate:phase5h:6:error-detective:math-equation-error-01-nl452y","phase5h:6:error-detective:math-equation-error-01-nl452y","error-detective"
"pilot_slot_023","5","1","launch-candidate:phase5h:7:forbidden-story:story-forbidden-u-01-1ujd3uf","phase5h:7:forbidden-story:story-forbidden-u-01-1ujd3uf","forbidden-story"
"pilot_slot_023","5","1","launch-candidate:phase5h:5:geometry-lab:g35-geometry-composite-area-01-8grgur","phase5h:5:geometry-lab:g35-geometry-composite-area-01-8grgur","geometry-lab"
"pilot_slot_023","5","2","launch-candidate:phase5h:8:lgs-foundation:lgs-probability-bag-01-10u5ryk","phase5h:8:lgs-foundation:lgs-probability-bag-01-10u5ryk","lgs-foundation"
"pilot_slot_023","5","2","launch-candidate:phase5h:7:olympiad-ladder:olympiad-pigeonhole-remainder-01-144voa7","phase5h:7:olympiad-ladder:olympiad-pigeonhole-remainder-01-144voa7","olympiad-ladder"
"pilot_slot_023","5","2","launch-candidate:phase5h:8:paragraph-detective:tr-main-idea-01-122remb","phase5h:8:paragraph-detective:tr-main-idea-01-122remb","paragraph-detective"
"pilot_slot_023","5","2","launch-candidate:phase5h:7:pattern-lab:pattern-matchsticks-01-jmob3w","phase5h:7:pattern-lab:pattern-matchsticks-01-jmob3w","pattern-lab"
"pilot_slot_023","5","2","launch-candidate:phase5h:8:problem-hunter:g8-linear-tank-01","phase5h:8:problem-hunter:g8-linear-tank-01","problem-hunter"
"pilot_slot_023","5","2","launch-candidate:phase5h:5:religion-practice:g5-ihlas-meaning-01","phase5h:5:religion-practice:g5-ihlas-meaning-01","religion-practice"
"pilot_slot_023","5","3","launch-candidate:phase5h:5:science-lab:g5-conductor-evidence-01","phase5h:5:science-lab:g5-conductor-evidence-01","science-lab"
"pilot_slot_023","5","3","launch-candidate:phase5h:6:science-reasoning:g6-bulb-brightness-variable-01","phase5h:6:science-reasoning:g6-bulb-brightness-variable-01","science-reasoning"
"pilot_slot_023","5","3","launch-candidate:phase5h:6:social-map-skills:g6-relative-location-01","phase5h:6:social-map-skills:g6-relative-location-01","social-map-skills"
"pilot_slot_023","5","3","launch-candidate:phase5h:5:social-time-travel:g5-first-settlements-evidence-01","phase5h:5:social-time-travel:g5-first-settlements-evidence-01","social-time-travel"
"pilot_slot_023","5","3","launch-candidate:phase5h:6:speed-math:speed-percent-sale-01-y9orlf","phase5h:6:speed-math:speed-percent-sale-01-y9orlf","speed-math"
"pilot_slot_023","5","3","launch-candidate:phase5h:6:word-ladder:ladder-nar-kol-01-1ti8nxf","phase5h:6:word-ladder:ladder-nar-kol-01-1ti8nxf","word-ladder"
"pilot_slot_023","5","4","launch-candidate:phase5h:5:word-mine:word-mine-premium-05-scc0je","phase5h:5:word-mine:word-mine-premium-05-scc0je","word-mine"
"pilot_slot_023","5","4","launch-candidate:phase5h:8:english-vocabulary:english-vocab-context-12-1jd1pbt","phase5h:8:english-vocabulary:english-vocab-context-12-1jd1pbt","english-vocabulary"
"pilot_slot_023","5","4","launch-candidate:phase5h:7:religion-practice:g7-belief-behaviour-01","phase5h:7:religion-practice:g7-belief-behaviour-01","religion-practice"
"pilot_slot_023","5","4","launch-candidate:phase5h:7:science-lab:science-ecosystem-chain-01-1gv13n3","phase5h:7:science-lab:science-ecosystem-chain-01-1gv13n3","science-lab"
"pilot_slot_023","5","4","launch-candidate:phase5h:8:science-reasoning:g8-photosynthesis-light-01","phase5h:8:science-reasoning:g8-photosynthesis-light-01","science-reasoning"
"pilot_slot_023","5","4","launch-candidate:phase5h:8:social-time-travel:g8-national-struggle-source-01","phase5h:8:social-time-travel:g8-national-struggle-source-01","social-time-travel"
"pilot_slot_024","5","1","launch-candidate:phase5h:6:english-cloze:eng-cloze-cause-result-01-19phl4r","phase5h:6:english-cloze:eng-cloze-cause-result-01-19phl4r","english-cloze"
"pilot_slot_024","5","1","launch-candidate:phase5h:5:english-vocabulary:g35-en-vocab-protect-01-18is450","phase5h:5:english-vocabulary:g35-en-vocab-protect-01-18is450","english-vocabulary"
"pilot_slot_024","5","1","launch-candidate:phase5h:7:forbidden-story:story-forbidden-u-01-1ujd3uf","phase5h:7:forbidden-story:story-forbidden-u-01-1ujd3uf","forbidden-story"
"pilot_slot_024","5","1","launch-candidate:phase5h:5:geometry-lab:g35-geometry-composite-area-01-8grgur","phase5h:5:geometry-lab:g35-geometry-composite-area-01-8grgur","geometry-lab"
"pilot_slot_024","5","1","launch-candidate:phase5h:8:lgs-foundation:lgs-probability-bag-01-10u5ryk","phase5h:8:lgs-foundation:lgs-probability-bag-01-10u5ryk","lgs-foundation"
"pilot_slot_024","5","1","launch-candidate:phase5h:8:logic-station:logic-schedule-possible-01-mssrym","phase5h:8:logic-station:logic-schedule-possible-01-mssrym","logic-station"
"pilot_slot_024","5","2","launch-candidate:phase5h:8:meaning-hunt:meaning-isik-tutmak-01-aq5911","phase5h:8:meaning-hunt:meaning-isik-tutmak-01-aq5911","meaning-hunt"
"pilot_slot_024","5","2","launch-candidate:phase5h:7:olympiad-ladder:olympiad-pigeonhole-remainder-01-144voa7","phase5h:7:olympiad-ladder:olympiad-pigeonhole-remainder-01-144voa7","olympiad-ladder"
"pilot_slot_024","5","2","launch-candidate:phase5h:8:paragraph-detective:tr-main-idea-01-122remb","phase5h:8:paragraph-detective:tr-main-idea-01-122remb","paragraph-detective"
"pilot_slot_024","5","2","launch-candidate:phase5h:7:pattern-lab:pattern-matchsticks-01-jmob3w","phase5h:7:pattern-lab:pattern-matchsticks-01-jmob3w","pattern-lab"
"pilot_slot_024","5","2","launch-candidate:phase5h:5:religion-practice:g5-ihlas-meaning-01","phase5h:5:religion-practice:g5-ihlas-meaning-01","religion-practice"
"pilot_slot_024","5","2","launch-candidate:phase5h:5:science-lab:g5-conductor-evidence-01","phase5h:5:science-lab:g5-conductor-evidence-01","science-lab"
"pilot_slot_024","5","3","launch-candidate:phase5h:6:science-reasoning:g6-bulb-brightness-variable-01","phase5h:6:science-reasoning:g6-bulb-brightness-variable-01","science-reasoning"
"pilot_slot_024","5","3","launch-candidate:phase5h:7:social-citizenship:g7-accessibility-equality-01","phase5h:7:social-citizenship:g7-accessibility-equality-01","social-citizenship"
"pilot_slot_024","5","3","launch-candidate:phase5h:6:social-map-skills:g6-relative-location-01","phase5h:6:social-map-skills:g6-relative-location-01","social-map-skills"
"pilot_slot_024","5","3","launch-candidate:phase5h:8:social-time-travel:g8-national-struggle-source-01","phase5h:8:social-time-travel:g8-national-struggle-source-01","social-time-travel"
"pilot_slot_024","5","3","launch-candidate:phase5h:6:speed-math:speed-percent-sale-01-y9orlf","phase5h:6:speed-math:speed-percent-sale-01-y9orlf","speed-math"
"pilot_slot_024","5","3","launch-candidate:phase5h:5:target-number:target-number-premium-03-287srg","phase5h:5:target-number:target-number-premium-03-287srg","target-number"
"pilot_slot_024","5","4","launch-candidate:phase5h:5:word-mine:word-mine-premium-05-scc0je","phase5h:5:word-mine:word-mine-premium-05-scc0je","word-mine"
"pilot_slot_024","5","4","launch-candidate:phase5h:8:english-vocabulary:english-vocab-context-12-1jd1pbt","phase5h:8:english-vocabulary:english-vocab-context-12-1jd1pbt","english-vocabulary"
"pilot_slot_024","5","4","launch-candidate:phase5h:6:religion-practice:g6-truthfulness-01","phase5h:6:religion-practice:g6-truthfulness-01","religion-practice"
"pilot_slot_024","5","4","launch-candidate:phase5h:7:science-lab:science-ecosystem-chain-01-1gv13n3","phase5h:7:science-lab:science-ecosystem-chain-01-1gv13n3","science-lab"
"pilot_slot_024","5","4","launch-candidate:phase5h:7:religion-practice:g7-belief-behaviour-01","phase5h:7:religion-practice:g7-belief-behaviour-01","religion-practice"
"pilot_slot_024","5","4","launch-candidate:phase5h:8:religion-practice:religion-help-dignity-01-1sq4xqq","phase5h:8:religion-practice:religion-help-dignity-01-1sq4xqq","religion-practice"
"pilot_slot_025","5","1","launch-candidate:phase5h:6:english-cloze:eng-cloze-cause-result-01-19phl4r","phase5h:6:english-cloze:eng-cloze-cause-result-01-19phl4r","english-cloze"
"pilot_slot_025","5","1","launch-candidate:phase5h:7:english-sentence-builder:order-if-finish-01-11i74e","phase5h:7:english-sentence-builder:order-if-finish-01-11i74e","english-sentence-builder"
"pilot_slot_025","5","1","launch-candidate:phase5h:8:english-vocabulary:english-vocab-context-12-1jd1pbt","phase5h:8:english-vocabulary:english-vocab-context-12-1jd1pbt","english-vocabulary"
"pilot_slot_025","5","1","launch-candidate:phase5h:6:error-detective:math-equation-error-01-nl452y","phase5h:6:error-detective:math-equation-error-01-nl452y","error-detective"
"pilot_slot_025","5","1","launch-candidate:phase5h:7:forbidden-story:story-forbidden-u-01-1ujd3uf","phase5h:7:forbidden-story:story-forbidden-u-01-1ujd3uf","forbidden-story"
"pilot_slot_025","5","1","launch-candidate:phase5h:5:geometry-lab:g35-geometry-composite-area-01-8grgur","phase5h:5:geometry-lab:g35-geometry-composite-area-01-8grgur","geometry-lab"
"pilot_slot_025","5","2","launch-candidate:phase5h:8:logic-station:logic-schedule-possible-01-mssrym","phase5h:8:logic-station:logic-schedule-possible-01-mssrym","logic-station"
"pilot_slot_025","5","2","launch-candidate:phase5h:8:meaning-hunt:meaning-isik-tutmak-01-aq5911","phase5h:8:meaning-hunt:meaning-isik-tutmak-01-aq5911","meaning-hunt"
"pilot_slot_025","5","2","launch-candidate:phase5h:7:olympiad-ladder:olympiad-pigeonhole-remainder-01-144voa7","phase5h:7:olympiad-ladder:olympiad-pigeonhole-remainder-01-144voa7","olympiad-ladder"
"pilot_slot_025","5","2","launch-candidate:phase5h:8:paragraph-detective:tr-main-idea-01-122remb","phase5h:8:paragraph-detective:tr-main-idea-01-122remb","paragraph-detective"
"pilot_slot_025","5","2","launch-candidate:phase5h:7:pattern-lab:pattern-matchsticks-01-jmob3w","phase5h:7:pattern-lab:pattern-matchsticks-01-jmob3w","pattern-lab"
"pilot_slot_025","5","2","launch-candidate:phase5h:8:problem-hunter:g8-linear-tank-01","phase5h:8:problem-hunter:g8-linear-tank-01","problem-hunter"
"pilot_slot_025","5","3","launch-candidate:phase5h:5:religion-practice:g5-ihlas-meaning-01","phase5h:5:religion-practice:g5-ihlas-meaning-01","religion-practice"
"pilot_slot_025","5","3","launch-candidate:phase5h:5:science-lab:g5-conductor-evidence-01","phase5h:5:science-lab:g5-conductor-evidence-01","science-lab"
"pilot_slot_025","5","3","launch-candidate:phase5h:8:science-reasoning:g8-photosynthesis-light-01","phase5h:8:science-reasoning:g8-photosynthesis-light-01","science-reasoning"
"pilot_slot_025","5","3","launch-candidate:phase5h:7:social-citizenship:g7-accessibility-equality-01","phase5h:7:social-citizenship:g7-accessibility-equality-01","social-citizenship"
"pilot_slot_025","5","3","launch-candidate:phase5h:6:social-map-skills:g6-relative-location-01","phase5h:6:social-map-skills:g6-relative-location-01","social-map-skills"
"pilot_slot_025","5","3","launch-candidate:phase5h:5:social-time-travel:g5-first-settlements-evidence-01","phase5h:5:social-time-travel:g5-first-settlements-evidence-01","social-time-travel"
"pilot_slot_025","5","4","launch-candidate:phase5h:5:target-number:target-number-premium-03-287srg","phase5h:5:target-number:target-number-premium-03-287srg","target-number"
"pilot_slot_025","5","4","launch-candidate:phase5h:6:word-ladder:ladder-nar-kol-01-1ti8nxf","phase5h:6:word-ladder:ladder-nar-kol-01-1ti8nxf","word-ladder"
"pilot_slot_025","5","4","launch-candidate:phase5h:5:word-mine:word-mine-premium-05-scc0je","phase5h:5:word-mine:word-mine-premium-05-scc0je","word-mine"
"pilot_slot_025","5","4","launch-candidate:phase5h:6:religion-practice:g6-truthfulness-01","phase5h:6:religion-practice:g6-truthfulness-01","religion-practice"
"pilot_slot_025","5","4","launch-candidate:phase5h:7:science-lab:science-ecosystem-chain-01-1gv13n3","phase5h:7:science-lab:science-ecosystem-chain-01-1gv13n3","science-lab"
"pilot_slot_025","5","4","launch-candidate:phase5h:8:religion-practice:religion-help-dignity-01-1sq4xqq","phase5h:8:religion-practice:religion-help-dignity-01-1sq4xqq","religion-practice"
"pilot_slot_026","6","1","launch-candidate:phase5h:6:english-cloze:eng-cloze-cause-result-01-19phl4r","phase5h:6:english-cloze:eng-cloze-cause-result-01-19phl4r","english-cloze"
"pilot_slot_026","6","1","launch-candidate:phase5h:7:english-sentence-builder:order-if-finish-01-11i74e","phase5h:7:english-sentence-builder:order-if-finish-01-11i74e","english-sentence-builder"
"pilot_slot_026","6","1","launch-candidate:phase5h:5:english-vocabulary:g35-en-vocab-protect-01-18is450","phase5h:5:english-vocabulary:g35-en-vocab-protect-01-18is450","english-vocabulary"
"pilot_slot_026","6","1","launch-candidate:phase5h:7:forbidden-story:story-forbidden-u-01-1ujd3uf","phase5h:7:forbidden-story:story-forbidden-u-01-1ujd3uf","forbidden-story"
"pilot_slot_026","6","1","launch-candidate:phase5h:5:geometry-lab:g35-geometry-composite-area-01-8grgur","phase5h:5:geometry-lab:g35-geometry-composite-area-01-8grgur","geometry-lab"
"pilot_slot_026","6","1","launch-candidate:phase5h:8:lgs-foundation:lgs-probability-bag-01-10u5ryk","phase5h:8:lgs-foundation:lgs-probability-bag-01-10u5ryk","lgs-foundation"
"pilot_slot_026","6","2","launch-candidate:phase5h:7:olympiad-ladder:olympiad-pigeonhole-remainder-01-144voa7","phase5h:7:olympiad-ladder:olympiad-pigeonhole-remainder-01-144voa7","olympiad-ladder"
"pilot_slot_026","6","2","launch-candidate:phase5h:8:paragraph-detective:tr-main-idea-01-122remb","phase5h:8:paragraph-detective:tr-main-idea-01-122remb","paragraph-detective"
"pilot_slot_026","6","2","launch-candidate:phase5h:7:pattern-lab:pattern-matchsticks-01-jmob3w","phase5h:7:pattern-lab:pattern-matchsticks-01-jmob3w","pattern-lab"
"pilot_slot_026","6","2","launch-candidate:phase5h:8:problem-hunter:g8-linear-tank-01","phase5h:8:problem-hunter:g8-linear-tank-01","problem-hunter"
"pilot_slot_026","6","2","launch-candidate:phase5h:5:religion-practice:g5-ihlas-meaning-01","phase5h:5:religion-practice:g5-ihlas-meaning-01","religion-practice"
"pilot_slot_026","6","2","launch-candidate:phase5h:5:science-lab:g5-conductor-evidence-01","phase5h:5:science-lab:g5-conductor-evidence-01","science-lab"
"pilot_slot_026","6","3","launch-candidate:phase5h:6:science-reasoning:g6-bulb-brightness-variable-01","phase5h:6:science-reasoning:g6-bulb-brightness-variable-01","science-reasoning"
"pilot_slot_026","6","3","launch-candidate:phase5h:6:social-map-skills:g6-relative-location-01","phase5h:6:social-map-skills:g6-relative-location-01","social-map-skills"
"pilot_slot_026","6","3","launch-candidate:phase5h:5:social-time-travel:g5-first-settlements-evidence-01","phase5h:5:social-time-travel:g5-first-settlements-evidence-01","social-time-travel"
"pilot_slot_026","6","3","launch-candidate:phase5h:6:speed-math:speed-percent-sale-01-y9orlf","phase5h:6:speed-math:speed-percent-sale-01-y9orlf","speed-math"
"pilot_slot_026","6","3","launch-candidate:phase5h:6:word-ladder:ladder-nar-kol-01-1ti8nxf","phase5h:6:word-ladder:ladder-nar-kol-01-1ti8nxf","word-ladder"
"pilot_slot_026","6","3","launch-candidate:phase5h:5:word-mine:word-mine-premium-05-scc0je","phase5h:5:word-mine:word-mine-premium-05-scc0je","word-mine"
"pilot_slot_026","6","4","launch-candidate:phase5h:8:english-vocabulary:english-vocab-context-12-1jd1pbt","phase5h:8:english-vocabulary:english-vocab-context-12-1jd1pbt","english-vocabulary"
"pilot_slot_026","6","4","launch-candidate:phase5h:7:religion-practice:g7-belief-behaviour-01","phase5h:7:religion-practice:g7-belief-behaviour-01","religion-practice"
"pilot_slot_026","6","4","launch-candidate:phase5h:7:science-lab:science-ecosystem-chain-01-1gv13n3","phase5h:7:science-lab:science-ecosystem-chain-01-1gv13n3","science-lab"
"pilot_slot_026","6","4","launch-candidate:phase5h:8:science-reasoning:g8-photosynthesis-light-01","phase5h:8:science-reasoning:g8-photosynthesis-light-01","science-reasoning"
"pilot_slot_026","6","4","launch-candidate:phase5h:8:social-time-travel:g8-national-struggle-source-01","phase5h:8:social-time-travel:g8-national-struggle-source-01","social-time-travel"
"pilot_slot_026","6","4","launch-candidate:phase5h:8:religion-practice:religion-help-dignity-01-1sq4xqq","phase5h:8:religion-practice:religion-help-dignity-01-1sq4xqq","religion-practice"
"pilot_slot_027","6","1","launch-candidate:phase5h:6:english-cloze:eng-cloze-cause-result-01-19phl4r","phase5h:6:english-cloze:eng-cloze-cause-result-01-19phl4r","english-cloze"
"pilot_slot_027","6","1","launch-candidate:phase5h:5:english-vocabulary:g35-en-vocab-protect-01-18is450","phase5h:5:english-vocabulary:g35-en-vocab-protect-01-18is450","english-vocabulary"
"pilot_slot_027","6","1","launch-candidate:phase5h:6:error-detective:math-equation-error-01-nl452y","phase5h:6:error-detective:math-equation-error-01-nl452y","error-detective"
"pilot_slot_027","6","1","launch-candidate:phase5h:7:forbidden-story:story-forbidden-u-01-1ujd3uf","phase5h:7:forbidden-story:story-forbidden-u-01-1ujd3uf","forbidden-story"
"pilot_slot_027","6","1","launch-candidate:phase5h:5:geometry-lab:g35-geometry-composite-area-01-8grgur","phase5h:5:geometry-lab:g35-geometry-composite-area-01-8grgur","geometry-lab"
"pilot_slot_027","6","1","launch-candidate:phase5h:8:lgs-foundation:lgs-probability-bag-01-10u5ryk","phase5h:8:lgs-foundation:lgs-probability-bag-01-10u5ryk","lgs-foundation"
"pilot_slot_027","6","2","launch-candidate:phase5h:8:logic-station:logic-schedule-possible-01-mssrym","phase5h:8:logic-station:logic-schedule-possible-01-mssrym","logic-station"
"pilot_slot_027","6","2","launch-candidate:phase5h:8:meaning-hunt:meaning-isik-tutmak-01-aq5911","phase5h:8:meaning-hunt:meaning-isik-tutmak-01-aq5911","meaning-hunt"
"pilot_slot_027","6","2","launch-candidate:phase5h:7:olympiad-ladder:olympiad-pigeonhole-remainder-01-144voa7","phase5h:7:olympiad-ladder:olympiad-pigeonhole-remainder-01-144voa7","olympiad-ladder"
"pilot_slot_027","6","2","launch-candidate:phase5h:8:paragraph-detective:tr-main-idea-01-122remb","phase5h:8:paragraph-detective:tr-main-idea-01-122remb","paragraph-detective"
"pilot_slot_027","6","2","launch-candidate:phase5h:7:pattern-lab:pattern-matchsticks-01-jmob3w","phase5h:7:pattern-lab:pattern-matchsticks-01-jmob3w","pattern-lab"
"pilot_slot_027","6","2","launch-candidate:phase5h:5:religion-practice:g5-ihlas-meaning-01","phase5h:5:religion-practice:g5-ihlas-meaning-01","religion-practice"
"pilot_slot_027","6","3","launch-candidate:phase5h:5:science-lab:g5-conductor-evidence-01","phase5h:5:science-lab:g5-conductor-evidence-01","science-lab"
"pilot_slot_027","6","3","launch-candidate:phase5h:7:social-citizenship:g7-accessibility-equality-01","phase5h:7:social-citizenship:g7-accessibility-equality-01","social-citizenship"
"pilot_slot_027","6","3","launch-candidate:phase5h:6:social-map-skills:g6-relative-location-01","phase5h:6:social-map-skills:g6-relative-location-01","social-map-skills"
"pilot_slot_027","6","3","launch-candidate:phase5h:8:social-time-travel:g8-national-struggle-source-01","phase5h:8:social-time-travel:g8-national-struggle-source-01","social-time-travel"
"pilot_slot_027","6","3","launch-candidate:phase5h:6:speed-math:speed-percent-sale-01-y9orlf","phase5h:6:speed-math:speed-percent-sale-01-y9orlf","speed-math"
"pilot_slot_027","6","3","launch-candidate:phase5h:5:target-number:target-number-premium-03-287srg","phase5h:5:target-number:target-number-premium-03-287srg","target-number"
"pilot_slot_027","6","4","launch-candidate:phase5h:5:word-mine:word-mine-premium-05-scc0je","phase5h:5:word-mine:word-mine-premium-05-scc0je","word-mine"
"pilot_slot_027","6","4","launch-candidate:phase5h:8:english-vocabulary:english-vocab-context-12-1jd1pbt","phase5h:8:english-vocabulary:english-vocab-context-12-1jd1pbt","english-vocabulary"
"pilot_slot_027","6","4","launch-candidate:phase5h:6:religion-practice:g6-truthfulness-01","phase5h:6:religion-practice:g6-truthfulness-01","religion-practice"
"pilot_slot_027","6","4","launch-candidate:phase5h:7:science-lab:science-ecosystem-chain-01-1gv13n3","phase5h:7:science-lab:science-ecosystem-chain-01-1gv13n3","science-lab"
"pilot_slot_027","6","4","launch-candidate:phase5h:7:religion-practice:g7-belief-behaviour-01","phase5h:7:religion-practice:g7-belief-behaviour-01","religion-practice"
"pilot_slot_027","6","4","launch-candidate:phase5h:8:religion-practice:religion-help-dignity-01-1sq4xqq","phase5h:8:religion-practice:religion-help-dignity-01-1sq4xqq","religion-practice"
"pilot_slot_028","6","1","launch-candidate:phase5h:6:english-cloze:eng-cloze-cause-result-01-19phl4r","phase5h:6:english-cloze:eng-cloze-cause-result-01-19phl4r","english-cloze"
"pilot_slot_028","6","1","launch-candidate:phase5h:7:english-sentence-builder:order-if-finish-01-11i74e","phase5h:7:english-sentence-builder:order-if-finish-01-11i74e","english-sentence-builder"
"pilot_slot_028","6","1","launch-candidate:phase5h:8:english-vocabulary:english-vocab-context-12-1jd1pbt","phase5h:8:english-vocabulary:english-vocab-context-12-1jd1pbt","english-vocabulary"
"pilot_slot_028","6","1","launch-candidate:phase5h:6:error-detective:math-equation-error-01-nl452y","phase5h:6:error-detective:math-equation-error-01-nl452y","error-detective"
"pilot_slot_028","6","1","launch-candidate:phase5h:7:forbidden-story:story-forbidden-u-01-1ujd3uf","phase5h:7:forbidden-story:story-forbidden-u-01-1ujd3uf","forbidden-story"
"pilot_slot_028","6","1","launch-candidate:phase5h:5:geometry-lab:g35-geometry-composite-area-01-8grgur","phase5h:5:geometry-lab:g35-geometry-composite-area-01-8grgur","geometry-lab"
"pilot_slot_028","6","2","launch-candidate:phase5h:8:logic-station:logic-schedule-possible-01-mssrym","phase5h:8:logic-station:logic-schedule-possible-01-mssrym","logic-station"
"pilot_slot_028","6","2","launch-candidate:phase5h:8:meaning-hunt:meaning-isik-tutmak-01-aq5911","phase5h:8:meaning-hunt:meaning-isik-tutmak-01-aq5911","meaning-hunt"
"pilot_slot_028","6","2","launch-candidate:phase5h:7:olympiad-ladder:olympiad-pigeonhole-remainder-01-144voa7","phase5h:7:olympiad-ladder:olympiad-pigeonhole-remainder-01-144voa7","olympiad-ladder"
"pilot_slot_028","6","2","launch-candidate:phase5h:7:pattern-lab:pattern-matchsticks-01-jmob3w","phase5h:7:pattern-lab:pattern-matchsticks-01-jmob3w","pattern-lab"
"pilot_slot_028","6","2","launch-candidate:phase5h:8:problem-hunter:g8-linear-tank-01","phase5h:8:problem-hunter:g8-linear-tank-01","problem-hunter"
"pilot_slot_028","6","2","launch-candidate:phase5h:5:religion-practice:g5-ihlas-meaning-01","phase5h:5:religion-practice:g5-ihlas-meaning-01","religion-practice"
"pilot_slot_028","6","3","launch-candidate:phase5h:5:science-lab:g5-conductor-evidence-01","phase5h:5:science-lab:g5-conductor-evidence-01","science-lab"
"pilot_slot_028","6","3","launch-candidate:phase5h:6:science-reasoning:g6-bulb-brightness-variable-01","phase5h:6:science-reasoning:g6-bulb-brightness-variable-01","science-reasoning"
"pilot_slot_028","6","3","launch-candidate:phase5h:7:social-citizenship:g7-accessibility-equality-01","phase5h:7:social-citizenship:g7-accessibility-equality-01","social-citizenship"
"pilot_slot_028","6","3","launch-candidate:phase5h:6:social-map-skills:g6-relative-location-01","phase5h:6:social-map-skills:g6-relative-location-01","social-map-skills"
"pilot_slot_028","6","3","launch-candidate:phase5h:5:social-time-travel:g5-first-settlements-evidence-01","phase5h:5:social-time-travel:g5-first-settlements-evidence-01","social-time-travel"
"pilot_slot_028","6","3","launch-candidate:phase5h:5:target-number:target-number-premium-03-287srg","phase5h:5:target-number:target-number-premium-03-287srg","target-number"
"pilot_slot_028","6","4","launch-candidate:phase5h:6:word-ladder:ladder-nar-kol-01-1ti8nxf","phase5h:6:word-ladder:ladder-nar-kol-01-1ti8nxf","word-ladder"
"pilot_slot_028","6","4","launch-candidate:phase5h:5:word-mine:word-mine-premium-05-scc0je","phase5h:5:word-mine:word-mine-premium-05-scc0je","word-mine"
"pilot_slot_028","6","4","launch-candidate:phase5h:6:religion-practice:g6-truthfulness-01","phase5h:6:religion-practice:g6-truthfulness-01","religion-practice"
"pilot_slot_028","6","4","launch-candidate:phase5h:7:science-lab:science-ecosystem-chain-01-1gv13n3","phase5h:7:science-lab:science-ecosystem-chain-01-1gv13n3","science-lab"
"pilot_slot_028","6","4","launch-candidate:phase5h:8:science-reasoning:g8-photosynthesis-light-01","phase5h:8:science-reasoning:g8-photosynthesis-light-01","science-reasoning"
"pilot_slot_028","6","4","launch-candidate:phase5h:8:religion-practice:religion-help-dignity-01-1sq4xqq","phase5h:8:religion-practice:religion-help-dignity-01-1sq4xqq","religion-practice"
"pilot_slot_029","6","1","launch-candidate:phase5h:6:english-cloze:eng-cloze-cause-result-01-19phl4r","phase5h:6:english-cloze:eng-cloze-cause-result-01-19phl4r","english-cloze"
"pilot_slot_029","6","1","launch-candidate:phase5h:7:english-sentence-builder:order-if-finish-01-11i74e","phase5h:7:english-sentence-builder:order-if-finish-01-11i74e","english-sentence-builder"
"pilot_slot_029","6","1","launch-candidate:phase5h:5:english-vocabulary:g35-en-vocab-protect-01-18is450","phase5h:5:english-vocabulary:g35-en-vocab-protect-01-18is450","english-vocabulary"
"pilot_slot_029","6","1","launch-candidate:phase5h:6:error-detective:math-equation-error-01-nl452y","phase5h:6:error-detective:math-equation-error-01-nl452y","error-detective"
"pilot_slot_029","6","1","launch-candidate:phase5h:8:lgs-foundation:lgs-probability-bag-01-10u5ryk","phase5h:8:lgs-foundation:lgs-probability-bag-01-10u5ryk","lgs-foundation"
"pilot_slot_029","6","1","launch-candidate:phase5h:8:logic-station:logic-schedule-possible-01-mssrym","phase5h:8:logic-station:logic-schedule-possible-01-mssrym","logic-station"
"pilot_slot_029","6","2","launch-candidate:phase5h:8:meaning-hunt:meaning-isik-tutmak-01-aq5911","phase5h:8:meaning-hunt:meaning-isik-tutmak-01-aq5911","meaning-hunt"
"pilot_slot_029","6","2","launch-candidate:phase5h:8:paragraph-detective:tr-main-idea-01-122remb","phase5h:8:paragraph-detective:tr-main-idea-01-122remb","paragraph-detective"
"pilot_slot_029","6","2","launch-candidate:phase5h:7:pattern-lab:pattern-matchsticks-01-jmob3w","phase5h:7:pattern-lab:pattern-matchsticks-01-jmob3w","pattern-lab"
"pilot_slot_029","6","2","launch-candidate:phase5h:8:problem-hunter:g8-linear-tank-01","phase5h:8:problem-hunter:g8-linear-tank-01","problem-hunter"
"pilot_slot_029","6","2","launch-candidate:phase5h:6:religion-practice:g6-truthfulness-01","phase5h:6:religion-practice:g6-truthfulness-01","religion-practice"
"pilot_slot_029","6","2","launch-candidate:phase5h:5:science-lab:g5-conductor-evidence-01","phase5h:5:science-lab:g5-conductor-evidence-01","science-lab"
"pilot_slot_029","6","3","launch-candidate:phase5h:6:science-reasoning:g6-bulb-brightness-variable-01","phase5h:6:science-reasoning:g6-bulb-brightness-variable-01","science-reasoning"
"pilot_slot_029","6","3","launch-candidate:phase5h:7:social-citizenship:g7-accessibility-equality-01","phase5h:7:social-citizenship:g7-accessibility-equality-01","social-citizenship"
"pilot_slot_029","6","3","launch-candidate:phase5h:5:social-time-travel:g5-first-settlements-evidence-01","phase5h:5:social-time-travel:g5-first-settlements-evidence-01","social-time-travel"
"pilot_slot_029","6","3","launch-candidate:phase5h:6:speed-math:speed-percent-sale-01-y9orlf","phase5h:6:speed-math:speed-percent-sale-01-y9orlf","speed-math"
"pilot_slot_029","6","3","launch-candidate:phase5h:5:target-number:target-number-premium-03-287srg","phase5h:5:target-number:target-number-premium-03-287srg","target-number"
"pilot_slot_029","6","3","launch-candidate:phase5h:6:word-ladder:ladder-nar-kol-01-1ti8nxf","phase5h:6:word-ladder:ladder-nar-kol-01-1ti8nxf","word-ladder"
"pilot_slot_029","6","4","launch-candidate:phase5h:5:word-mine:word-mine-premium-05-scc0je","phase5h:5:word-mine:word-mine-premium-05-scc0je","word-mine"
"pilot_slot_029","6","4","launch-candidate:phase5h:7:religion-practice:g7-belief-behaviour-01","phase5h:7:religion-practice:g7-belief-behaviour-01","religion-practice"
"pilot_slot_029","6","4","launch-candidate:phase5h:7:science-lab:science-ecosystem-chain-01-1gv13n3","phase5h:7:science-lab:science-ecosystem-chain-01-1gv13n3","science-lab"
"pilot_slot_029","6","4","launch-candidate:phase5h:8:science-reasoning:g8-photosynthesis-light-01","phase5h:8:science-reasoning:g8-photosynthesis-light-01","science-reasoning"
"pilot_slot_029","6","4","launch-candidate:phase5h:8:social-time-travel:g8-national-struggle-source-01","phase5h:8:social-time-travel:g8-national-struggle-source-01","social-time-travel"
"pilot_slot_029","6","4","launch-candidate:phase5h:8:religion-practice:religion-help-dignity-01-1sq4xqq","phase5h:8:religion-practice:religion-help-dignity-01-1sq4xqq","religion-practice"
"pilot_slot_030","6","1","launch-candidate:phase5h:7:english-sentence-builder:order-if-finish-01-11i74e","phase5h:7:english-sentence-builder:order-if-finish-01-11i74e","english-sentence-builder"
"pilot_slot_030","6","1","launch-candidate:phase5h:5:english-vocabulary:g35-en-vocab-protect-01-18is450","phase5h:5:english-vocabulary:g35-en-vocab-protect-01-18is450","english-vocabulary"
"pilot_slot_030","6","1","launch-candidate:phase5h:6:error-detective:math-equation-error-01-nl452y","phase5h:6:error-detective:math-equation-error-01-nl452y","error-detective"
"pilot_slot_030","6","1","launch-candidate:phase5h:7:forbidden-story:story-forbidden-u-01-1ujd3uf","phase5h:7:forbidden-story:story-forbidden-u-01-1ujd3uf","forbidden-story"
"pilot_slot_030","6","1","launch-candidate:phase5h:5:geometry-lab:g35-geometry-composite-area-01-8grgur","phase5h:5:geometry-lab:g35-geometry-composite-area-01-8grgur","geometry-lab"
"pilot_slot_030","6","1","launch-candidate:phase5h:8:lgs-foundation:lgs-probability-bag-01-10u5ryk","phase5h:8:lgs-foundation:lgs-probability-bag-01-10u5ryk","lgs-foundation"
"pilot_slot_030","6","2","launch-candidate:phase5h:8:logic-station:logic-schedule-possible-01-mssrym","phase5h:8:logic-station:logic-schedule-possible-01-mssrym","logic-station"
"pilot_slot_030","6","2","launch-candidate:phase5h:8:meaning-hunt:meaning-isik-tutmak-01-aq5911","phase5h:8:meaning-hunt:meaning-isik-tutmak-01-aq5911","meaning-hunt"
"pilot_slot_030","6","2","launch-candidate:phase5h:7:olympiad-ladder:olympiad-pigeonhole-remainder-01-144voa7","phase5h:7:olympiad-ladder:olympiad-pigeonhole-remainder-01-144voa7","olympiad-ladder"
"pilot_slot_030","6","2","launch-candidate:phase5h:8:paragraph-detective:tr-main-idea-01-122remb","phase5h:8:paragraph-detective:tr-main-idea-01-122remb","paragraph-detective"
"pilot_slot_030","6","2","launch-candidate:phase5h:8:problem-hunter:g8-linear-tank-01","phase5h:8:problem-hunter:g8-linear-tank-01","problem-hunter"
"pilot_slot_030","6","2","launch-candidate:phase5h:5:religion-practice:g5-ihlas-meaning-01","phase5h:5:religion-practice:g5-ihlas-meaning-01","religion-practice"
"pilot_slot_030","6","3","launch-candidate:phase5h:6:science-reasoning:g6-bulb-brightness-variable-01","phase5h:6:science-reasoning:g6-bulb-brightness-variable-01","science-reasoning"
"pilot_slot_030","6","3","launch-candidate:phase5h:7:social-citizenship:g7-accessibility-equality-01","phase5h:7:social-citizenship:g7-accessibility-equality-01","social-citizenship"
"pilot_slot_030","6","3","launch-candidate:phase5h:6:social-map-skills:g6-relative-location-01","phase5h:6:social-map-skills:g6-relative-location-01","social-map-skills"
"pilot_slot_030","6","3","launch-candidate:phase5h:5:social-time-travel:g5-first-settlements-evidence-01","phase5h:5:social-time-travel:g5-first-settlements-evidence-01","social-time-travel"
"pilot_slot_030","6","3","launch-candidate:phase5h:6:speed-math:speed-percent-sale-01-y9orlf","phase5h:6:speed-math:speed-percent-sale-01-y9orlf","speed-math"
"pilot_slot_030","6","3","launch-candidate:phase5h:5:target-number:target-number-premium-03-287srg","phase5h:5:target-number:target-number-premium-03-287srg","target-number"
"pilot_slot_030","6","4","launch-candidate:phase5h:6:word-ladder:ladder-nar-kol-01-1ti8nxf","phase5h:6:word-ladder:ladder-nar-kol-01-1ti8nxf","word-ladder"
"pilot_slot_030","6","4","launch-candidate:phase5h:8:english-vocabulary:english-vocab-context-12-1jd1pbt","phase5h:8:english-vocabulary:english-vocab-context-12-1jd1pbt","english-vocabulary"
"pilot_slot_030","6","4","launch-candidate:phase5h:6:religion-practice:g6-truthfulness-01","phase5h:6:religion-practice:g6-truthfulness-01","religion-practice"
"pilot_slot_030","6","4","launch-candidate:phase5h:8:science-reasoning:g8-photosynthesis-light-01","phase5h:8:science-reasoning:g8-photosynthesis-light-01","science-reasoning"
"pilot_slot_030","6","4","launch-candidate:phase5h:8:social-time-travel:g8-national-struggle-source-01","phase5h:8:social-time-travel:g8-national-struggle-source-01","social-time-travel"
"pilot_slot_030","6","4","launch-candidate:phase5h:7:religion-practice:g7-belief-behaviour-01","phase5h:7:religion-practice:g7-belief-behaviour-01","religion-practice"
"pilot_slot_031","7","1","launch-candidate:phase5h:6:english-cloze:eng-cloze-cause-result-01-19phl4r","phase5h:6:english-cloze:eng-cloze-cause-result-01-19phl4r","english-cloze"
"pilot_slot_031","7","1","launch-candidate:phase5h:7:english-sentence-builder:order-if-finish-01-11i74e","phase5h:7:english-sentence-builder:order-if-finish-01-11i74e","english-sentence-builder"
"pilot_slot_031","7","1","launch-candidate:phase5h:8:english-vocabulary:english-vocab-context-12-1jd1pbt","phase5h:8:english-vocabulary:english-vocab-context-12-1jd1pbt","english-vocabulary"
"pilot_slot_031","7","1","launch-candidate:phase5h:6:error-detective:math-equation-error-01-nl452y","phase5h:6:error-detective:math-equation-error-01-nl452y","error-detective"
"pilot_slot_031","7","1","launch-candidate:phase5h:7:forbidden-story:story-forbidden-u-01-1ujd3uf","phase5h:7:forbidden-story:story-forbidden-u-01-1ujd3uf","forbidden-story"
"pilot_slot_031","7","1","launch-candidate:phase5h:5:geometry-lab:g35-geometry-composite-area-01-8grgur","phase5h:5:geometry-lab:g35-geometry-composite-area-01-8grgur","geometry-lab"
"pilot_slot_031","7","2","launch-candidate:phase5h:8:lgs-foundation:lgs-probability-bag-01-10u5ryk","phase5h:8:lgs-foundation:lgs-probability-bag-01-10u5ryk","lgs-foundation"
"pilot_slot_031","7","2","launch-candidate:phase5h:8:logic-station:logic-schedule-possible-01-mssrym","phase5h:8:logic-station:logic-schedule-possible-01-mssrym","logic-station"
"pilot_slot_031","7","2","launch-candidate:phase5h:8:meaning-hunt:meaning-isik-tutmak-01-aq5911","phase5h:8:meaning-hunt:meaning-isik-tutmak-01-aq5911","meaning-hunt"
"pilot_slot_031","7","2","launch-candidate:phase5h:7:pattern-lab:pattern-matchsticks-01-jmob3w","phase5h:7:pattern-lab:pattern-matchsticks-01-jmob3w","pattern-lab"
"pilot_slot_031","7","2","launch-candidate:phase5h:8:problem-hunter:g8-linear-tank-01","phase5h:8:problem-hunter:g8-linear-tank-01","problem-hunter"
"pilot_slot_031","7","2","launch-candidate:phase5h:5:religion-practice:g5-ihlas-meaning-01","phase5h:5:religion-practice:g5-ihlas-meaning-01","religion-practice"
"pilot_slot_031","7","3","launch-candidate:phase5h:5:science-lab:g5-conductor-evidence-01","phase5h:5:science-lab:g5-conductor-evidence-01","science-lab"
"pilot_slot_031","7","3","launch-candidate:phase5h:6:science-reasoning:g6-bulb-brightness-variable-01","phase5h:6:science-reasoning:g6-bulb-brightness-variable-01","science-reasoning"
"pilot_slot_031","7","3","launch-candidate:phase5h:7:social-citizenship:g7-accessibility-equality-01","phase5h:7:social-citizenship:g7-accessibility-equality-01","social-citizenship"
"pilot_slot_031","7","3","launch-candidate:phase5h:6:social-map-skills:g6-relative-location-01","phase5h:6:social-map-skills:g6-relative-location-01","social-map-skills"
"pilot_slot_031","7","3","launch-candidate:phase5h:5:social-time-travel:g5-first-settlements-evidence-01","phase5h:5:social-time-travel:g5-first-settlements-evidence-01","social-time-travel"
"pilot_slot_031","7","3","launch-candidate:phase5h:5:target-number:target-number-premium-03-287srg","phase5h:5:target-number:target-number-premium-03-287srg","target-number"
"pilot_slot_031","7","4","launch-candidate:phase5h:6:word-ladder:ladder-nar-kol-01-1ti8nxf","phase5h:6:word-ladder:ladder-nar-kol-01-1ti8nxf","word-ladder"
"pilot_slot_031","7","4","launch-candidate:phase5h:5:word-mine:word-mine-premium-05-scc0je","phase5h:5:word-mine:word-mine-premium-05-scc0je","word-mine"
"pilot_slot_031","7","4","launch-candidate:phase5h:6:religion-practice:g6-truthfulness-01","phase5h:6:religion-practice:g6-truthfulness-01","religion-practice"
"pilot_slot_031","7","4","launch-candidate:phase5h:7:science-lab:science-ecosystem-chain-01-1gv13n3","phase5h:7:science-lab:science-ecosystem-chain-01-1gv13n3","science-lab"
"pilot_slot_031","7","4","launch-candidate:phase5h:8:science-reasoning:g8-photosynthesis-light-01","phase5h:8:science-reasoning:g8-photosynthesis-light-01","science-reasoning"
"pilot_slot_031","7","4","launch-candidate:phase5h:8:religion-practice:religion-help-dignity-01-1sq4xqq","phase5h:8:religion-practice:religion-help-dignity-01-1sq4xqq","religion-practice"
"pilot_slot_032","7","1","launch-candidate:phase5h:6:english-cloze:eng-cloze-cause-result-01-19phl4r","phase5h:6:english-cloze:eng-cloze-cause-result-01-19phl4r","english-cloze"
"pilot_slot_032","7","1","launch-candidate:phase5h:7:english-sentence-builder:order-if-finish-01-11i74e","phase5h:7:english-sentence-builder:order-if-finish-01-11i74e","english-sentence-builder"
"pilot_slot_032","7","1","launch-candidate:phase5h:5:english-vocabulary:g35-en-vocab-protect-01-18is450","phase5h:5:english-vocabulary:g35-en-vocab-protect-01-18is450","english-vocabulary"
"pilot_slot_032","7","1","launch-candidate:phase5h:6:error-detective:math-equation-error-01-nl452y","phase5h:6:error-detective:math-equation-error-01-nl452y","error-detective"
"pilot_slot_032","7","1","launch-candidate:phase5h:8:lgs-foundation:lgs-probability-bag-01-10u5ryk","phase5h:8:lgs-foundation:lgs-probability-bag-01-10u5ryk","lgs-foundation"
"pilot_slot_032","7","1","launch-candidate:phase5h:8:logic-station:logic-schedule-possible-01-mssrym","phase5h:8:logic-station:logic-schedule-possible-01-mssrym","logic-station"
"pilot_slot_032","7","2","launch-candidate:phase5h:8:meaning-hunt:meaning-isik-tutmak-01-aq5911","phase5h:8:meaning-hunt:meaning-isik-tutmak-01-aq5911","meaning-hunt"
"pilot_slot_032","7","2","launch-candidate:phase5h:7:olympiad-ladder:olympiad-pigeonhole-remainder-01-144voa7","phase5h:7:olympiad-ladder:olympiad-pigeonhole-remainder-01-144voa7","olympiad-ladder"
"pilot_slot_032","7","2","launch-candidate:phase5h:8:paragraph-detective:tr-main-idea-01-122remb","phase5h:8:paragraph-detective:tr-main-idea-01-122remb","paragraph-detective"
"pilot_slot_032","7","2","launch-candidate:phase5h:7:pattern-lab:pattern-matchsticks-01-jmob3w","phase5h:7:pattern-lab:pattern-matchsticks-01-jmob3w","pattern-lab"
"pilot_slot_032","7","2","launch-candidate:phase5h:8:problem-hunter:g8-linear-tank-01","phase5h:8:problem-hunter:g8-linear-tank-01","problem-hunter"
"pilot_slot_032","7","2","launch-candidate:phase5h:6:religion-practice:g6-truthfulness-01","phase5h:6:religion-practice:g6-truthfulness-01","religion-practice"
"pilot_slot_032","7","3","launch-candidate:phase5h:5:science-lab:g5-conductor-evidence-01","phase5h:5:science-lab:g5-conductor-evidence-01","science-lab"
"pilot_slot_032","7","3","launch-candidate:phase5h:6:science-reasoning:g6-bulb-brightness-variable-01","phase5h:6:science-reasoning:g6-bulb-brightness-variable-01","science-reasoning"
"pilot_slot_032","7","3","launch-candidate:phase5h:7:social-citizenship:g7-accessibility-equality-01","phase5h:7:social-citizenship:g7-accessibility-equality-01","social-citizenship"
"pilot_slot_032","7","3","launch-candidate:phase5h:5:social-time-travel:g5-first-settlements-evidence-01","phase5h:5:social-time-travel:g5-first-settlements-evidence-01","social-time-travel"
"pilot_slot_032","7","3","launch-candidate:phase5h:6:speed-math:speed-percent-sale-01-y9orlf","phase5h:6:speed-math:speed-percent-sale-01-y9orlf","speed-math"
"pilot_slot_032","7","3","launch-candidate:phase5h:5:target-number:target-number-premium-03-287srg","phase5h:5:target-number:target-number-premium-03-287srg","target-number"
"pilot_slot_032","7","4","launch-candidate:phase5h:6:word-ladder:ladder-nar-kol-01-1ti8nxf","phase5h:6:word-ladder:ladder-nar-kol-01-1ti8nxf","word-ladder"
"pilot_slot_032","7","4","launch-candidate:phase5h:5:word-mine:word-mine-premium-05-scc0je","phase5h:5:word-mine:word-mine-premium-05-scc0je","word-mine"
"pilot_slot_032","7","4","launch-candidate:phase5h:7:religion-practice:g7-belief-behaviour-01","phase5h:7:religion-practice:g7-belief-behaviour-01","religion-practice"
"pilot_slot_032","7","4","launch-candidate:phase5h:8:science-reasoning:g8-photosynthesis-light-01","phase5h:8:science-reasoning:g8-photosynthesis-light-01","science-reasoning"
"pilot_slot_032","7","4","launch-candidate:phase5h:8:social-time-travel:g8-national-struggle-source-01","phase5h:8:social-time-travel:g8-national-struggle-source-01","social-time-travel"
"pilot_slot_032","7","4","launch-candidate:phase5h:8:religion-practice:religion-help-dignity-01-1sq4xqq","phase5h:8:religion-practice:religion-help-dignity-01-1sq4xqq","religion-practice"
"pilot_slot_033","7","1","launch-candidate:phase5h:7:english-sentence-builder:order-if-finish-01-11i74e","phase5h:7:english-sentence-builder:order-if-finish-01-11i74e","english-sentence-builder"
"pilot_slot_033","7","1","launch-candidate:phase5h:5:english-vocabulary:g35-en-vocab-protect-01-18is450","phase5h:5:english-vocabulary:g35-en-vocab-protect-01-18is450","english-vocabulary"
"pilot_slot_033","7","1","launch-candidate:phase5h:6:error-detective:math-equation-error-01-nl452y","phase5h:6:error-detective:math-equation-error-01-nl452y","error-detective"
"pilot_slot_033","7","1","launch-candidate:phase5h:7:forbidden-story:story-forbidden-u-01-1ujd3uf","phase5h:7:forbidden-story:story-forbidden-u-01-1ujd3uf","forbidden-story"
"pilot_slot_033","7","1","launch-candidate:phase5h:5:geometry-lab:g35-geometry-composite-area-01-8grgur","phase5h:5:geometry-lab:g35-geometry-composite-area-01-8grgur","geometry-lab"
"pilot_slot_033","7","1","launch-candidate:phase5h:8:lgs-foundation:lgs-probability-bag-01-10u5ryk","phase5h:8:lgs-foundation:lgs-probability-bag-01-10u5ryk","lgs-foundation"
"pilot_slot_033","7","2","launch-candidate:phase5h:8:logic-station:logic-schedule-possible-01-mssrym","phase5h:8:logic-station:logic-schedule-possible-01-mssrym","logic-station"
"pilot_slot_033","7","2","launch-candidate:phase5h:8:meaning-hunt:meaning-isik-tutmak-01-aq5911","phase5h:8:meaning-hunt:meaning-isik-tutmak-01-aq5911","meaning-hunt"
"pilot_slot_033","7","2","launch-candidate:phase5h:7:olympiad-ladder:olympiad-pigeonhole-remainder-01-144voa7","phase5h:7:olympiad-ladder:olympiad-pigeonhole-remainder-01-144voa7","olympiad-ladder"
"pilot_slot_033","7","2","launch-candidate:phase5h:8:paragraph-detective:tr-main-idea-01-122remb","phase5h:8:paragraph-detective:tr-main-idea-01-122remb","paragraph-detective"
"pilot_slot_033","7","2","launch-candidate:phase5h:8:problem-hunter:g8-linear-tank-01","phase5h:8:problem-hunter:g8-linear-tank-01","problem-hunter"
"pilot_slot_033","7","2","launch-candidate:phase5h:5:religion-practice:g5-ihlas-meaning-01","phase5h:5:religion-practice:g5-ihlas-meaning-01","religion-practice"
"pilot_slot_033","7","3","launch-candidate:phase5h:7:science-lab:science-ecosystem-chain-01-1gv13n3","phase5h:7:science-lab:science-ecosystem-chain-01-1gv13n3","science-lab"
"pilot_slot_033","7","3","launch-candidate:phase5h:6:science-reasoning:g6-bulb-brightness-variable-01","phase5h:6:science-reasoning:g6-bulb-brightness-variable-01","science-reasoning"
"pilot_slot_033","7","3","launch-candidate:phase5h:7:social-citizenship:g7-accessibility-equality-01","phase5h:7:social-citizenship:g7-accessibility-equality-01","social-citizenship"
"pilot_slot_033","7","3","launch-candidate:phase5h:6:social-map-skills:g6-relative-location-01","phase5h:6:social-map-skills:g6-relative-location-01","social-map-skills"
"pilot_slot_033","7","3","launch-candidate:phase5h:5:social-time-travel:g5-first-settlements-evidence-01","phase5h:5:social-time-travel:g5-first-settlements-evidence-01","social-time-travel"
"pilot_slot_033","7","3","launch-candidate:phase5h:6:speed-math:speed-percent-sale-01-y9orlf","phase5h:6:speed-math:speed-percent-sale-01-y9orlf","speed-math"
"pilot_slot_033","7","4","launch-candidate:phase5h:6:word-ladder:ladder-nar-kol-01-1ti8nxf","phase5h:6:word-ladder:ladder-nar-kol-01-1ti8nxf","word-ladder"
"pilot_slot_033","7","4","launch-candidate:phase5h:8:english-vocabulary:english-vocab-context-12-1jd1pbt","phase5h:8:english-vocabulary:english-vocab-context-12-1jd1pbt","english-vocabulary"
"pilot_slot_033","7","4","launch-candidate:phase5h:6:religion-practice:g6-truthfulness-01","phase5h:6:religion-practice:g6-truthfulness-01","religion-practice"
"pilot_slot_033","7","4","launch-candidate:phase5h:8:science-reasoning:g8-photosynthesis-light-01","phase5h:8:science-reasoning:g8-photosynthesis-light-01","science-reasoning"
"pilot_slot_033","7","4","launch-candidate:phase5h:8:social-time-travel:g8-national-struggle-source-01","phase5h:8:social-time-travel:g8-national-struggle-source-01","social-time-travel"
"pilot_slot_033","7","4","launch-candidate:phase5h:7:religion-practice:g7-belief-behaviour-01","phase5h:7:religion-practice:g7-belief-behaviour-01","religion-practice"
"pilot_slot_034","7","1","launch-candidate:phase5h:6:english-cloze:eng-cloze-cause-result-01-19phl4r","phase5h:6:english-cloze:eng-cloze-cause-result-01-19phl4r","english-cloze"
"pilot_slot_034","7","1","launch-candidate:phase5h:7:english-sentence-builder:order-if-finish-01-11i74e","phase5h:7:english-sentence-builder:order-if-finish-01-11i74e","english-sentence-builder"
"pilot_slot_034","7","1","launch-candidate:phase5h:5:english-vocabulary:g35-en-vocab-protect-01-18is450","phase5h:5:english-vocabulary:g35-en-vocab-protect-01-18is450","english-vocabulary"
"pilot_slot_034","7","1","launch-candidate:phase5h:7:forbidden-story:story-forbidden-u-01-1ujd3uf","phase5h:7:forbidden-story:story-forbidden-u-01-1ujd3uf","forbidden-story"
"pilot_slot_034","7","1","launch-candidate:phase5h:5:geometry-lab:g35-geometry-composite-area-01-8grgur","phase5h:5:geometry-lab:g35-geometry-composite-area-01-8grgur","geometry-lab"
"pilot_slot_034","7","1","launch-candidate:phase5h:8:lgs-foundation:lgs-probability-bag-01-10u5ryk","phase5h:8:lgs-foundation:lgs-probability-bag-01-10u5ryk","lgs-foundation"
"pilot_slot_034","7","2","launch-candidate:phase5h:7:olympiad-ladder:olympiad-pigeonhole-remainder-01-144voa7","phase5h:7:olympiad-ladder:olympiad-pigeonhole-remainder-01-144voa7","olympiad-ladder"
"pilot_slot_034","7","2","launch-candidate:phase5h:8:paragraph-detective:tr-main-idea-01-122remb","phase5h:8:paragraph-detective:tr-main-idea-01-122remb","paragraph-detective"
"pilot_slot_034","7","2","launch-candidate:phase5h:7:pattern-lab:pattern-matchsticks-01-jmob3w","phase5h:7:pattern-lab:pattern-matchsticks-01-jmob3w","pattern-lab"
"pilot_slot_034","7","2","launch-candidate:phase5h:8:problem-hunter:g8-linear-tank-01","phase5h:8:problem-hunter:g8-linear-tank-01","problem-hunter"
"pilot_slot_034","7","2","launch-candidate:phase5h:5:religion-practice:g5-ihlas-meaning-01","phase5h:5:religion-practice:g5-ihlas-meaning-01","religion-practice"
"pilot_slot_034","7","2","launch-candidate:phase5h:5:science-lab:g5-conductor-evidence-01","phase5h:5:science-lab:g5-conductor-evidence-01","science-lab"
"pilot_slot_034","7","3","launch-candidate:phase5h:6:science-reasoning:g6-bulb-brightness-variable-01","phase5h:6:science-reasoning:g6-bulb-brightness-variable-01","science-reasoning"
"pilot_slot_034","7","3","launch-candidate:phase5h:6:social-map-skills:g6-relative-location-01","phase5h:6:social-map-skills:g6-relative-location-01","social-map-skills"
"pilot_slot_034","7","3","launch-candidate:phase5h:8:social-time-travel:g8-national-struggle-source-01","phase5h:8:social-time-travel:g8-national-struggle-source-01","social-time-travel"
"pilot_slot_034","7","3","launch-candidate:phase5h:6:speed-math:speed-percent-sale-01-y9orlf","phase5h:6:speed-math:speed-percent-sale-01-y9orlf","speed-math"
"pilot_slot_034","7","3","launch-candidate:phase5h:5:target-number:target-number-premium-03-287srg","phase5h:5:target-number:target-number-premium-03-287srg","target-number"
"pilot_slot_034","7","3","launch-candidate:phase5h:6:word-ladder:ladder-nar-kol-01-1ti8nxf","phase5h:6:word-ladder:ladder-nar-kol-01-1ti8nxf","word-ladder"
"pilot_slot_034","7","4","launch-candidate:phase5h:5:word-mine:word-mine-premium-05-scc0je","phase5h:5:word-mine:word-mine-premium-05-scc0je","word-mine"
"pilot_slot_034","7","4","launch-candidate:phase5h:8:english-vocabulary:english-vocab-context-12-1jd1pbt","phase5h:8:english-vocabulary:english-vocab-context-12-1jd1pbt","english-vocabulary"
"pilot_slot_034","7","4","launch-candidate:phase5h:7:religion-practice:g7-belief-behaviour-01","phase5h:7:religion-practice:g7-belief-behaviour-01","religion-practice"
"pilot_slot_034","7","4","launch-candidate:phase5h:7:science-lab:science-ecosystem-chain-01-1gv13n3","phase5h:7:science-lab:science-ecosystem-chain-01-1gv13n3","science-lab"
"pilot_slot_034","7","4","launch-candidate:phase5h:8:science-reasoning:g8-photosynthesis-light-01","phase5h:8:science-reasoning:g8-photosynthesis-light-01","science-reasoning"
"pilot_slot_034","7","4","launch-candidate:phase5h:8:religion-practice:religion-help-dignity-01-1sq4xqq","phase5h:8:religion-practice:religion-help-dignity-01-1sq4xqq","religion-practice"
"pilot_slot_035","7","1","launch-candidate:phase5h:6:english-cloze:eng-cloze-cause-result-01-19phl4r","phase5h:6:english-cloze:eng-cloze-cause-result-01-19phl4r","english-cloze"
"pilot_slot_035","7","1","launch-candidate:phase5h:5:english-vocabulary:g35-en-vocab-protect-01-18is450","phase5h:5:english-vocabulary:g35-en-vocab-protect-01-18is450","english-vocabulary"
"pilot_slot_035","7","1","launch-candidate:phase5h:6:error-detective:math-equation-error-01-nl452y","phase5h:6:error-detective:math-equation-error-01-nl452y","error-detective"
"pilot_slot_035","7","1","launch-candidate:phase5h:7:forbidden-story:story-forbidden-u-01-1ujd3uf","phase5h:7:forbidden-story:story-forbidden-u-01-1ujd3uf","forbidden-story"
"pilot_slot_035","7","1","launch-candidate:phase5h:5:geometry-lab:g35-geometry-composite-area-01-8grgur","phase5h:5:geometry-lab:g35-geometry-composite-area-01-8grgur","geometry-lab"
"pilot_slot_035","7","1","launch-candidate:phase5h:8:logic-station:logic-schedule-possible-01-mssrym","phase5h:8:logic-station:logic-schedule-possible-01-mssrym","logic-station"
"pilot_slot_035","7","2","launch-candidate:phase5h:8:meaning-hunt:meaning-isik-tutmak-01-aq5911","phase5h:8:meaning-hunt:meaning-isik-tutmak-01-aq5911","meaning-hunt"
"pilot_slot_035","7","2","launch-candidate:phase5h:7:olympiad-ladder:olympiad-pigeonhole-remainder-01-144voa7","phase5h:7:olympiad-ladder:olympiad-pigeonhole-remainder-01-144voa7","olympiad-ladder"
"pilot_slot_035","7","2","launch-candidate:phase5h:8:paragraph-detective:tr-main-idea-01-122remb","phase5h:8:paragraph-detective:tr-main-idea-01-122remb","paragraph-detective"
"pilot_slot_035","7","2","launch-candidate:phase5h:7:pattern-lab:pattern-matchsticks-01-jmob3w","phase5h:7:pattern-lab:pattern-matchsticks-01-jmob3w","pattern-lab"
"pilot_slot_035","7","2","launch-candidate:phase5h:5:religion-practice:g5-ihlas-meaning-01","phase5h:5:religion-practice:g5-ihlas-meaning-01","religion-practice"
"pilot_slot_035","7","2","launch-candidate:phase5h:5:science-lab:g5-conductor-evidence-01","phase5h:5:science-lab:g5-conductor-evidence-01","science-lab"
"pilot_slot_035","7","3","launch-candidate:phase5h:7:social-citizenship:g7-accessibility-equality-01","phase5h:7:social-citizenship:g7-accessibility-equality-01","social-citizenship"
"pilot_slot_035","7","3","launch-candidate:phase5h:6:social-map-skills:g6-relative-location-01","phase5h:6:social-map-skills:g6-relative-location-01","social-map-skills"
"pilot_slot_035","7","3","launch-candidate:phase5h:5:social-time-travel:g5-first-settlements-evidence-01","phase5h:5:social-time-travel:g5-first-settlements-evidence-01","social-time-travel"
"pilot_slot_035","7","3","launch-candidate:phase5h:6:speed-math:speed-percent-sale-01-y9orlf","phase5h:6:speed-math:speed-percent-sale-01-y9orlf","speed-math"
"pilot_slot_035","7","3","launch-candidate:phase5h:5:target-number:target-number-premium-03-287srg","phase5h:5:target-number:target-number-premium-03-287srg","target-number"
"pilot_slot_035","7","3","launch-candidate:phase5h:5:word-mine:word-mine-premium-05-scc0je","phase5h:5:word-mine:word-mine-premium-05-scc0je","word-mine"
"pilot_slot_035","7","4","launch-candidate:phase5h:8:english-vocabulary:english-vocab-context-12-1jd1pbt","phase5h:8:english-vocabulary:english-vocab-context-12-1jd1pbt","english-vocabulary"
"pilot_slot_035","7","4","launch-candidate:phase5h:6:religion-practice:g6-truthfulness-01","phase5h:6:religion-practice:g6-truthfulness-01","religion-practice"
"pilot_slot_035","7","4","launch-candidate:phase5h:7:science-lab:science-ecosystem-chain-01-1gv13n3","phase5h:7:science-lab:science-ecosystem-chain-01-1gv13n3","science-lab"
"pilot_slot_035","7","4","launch-candidate:phase5h:8:social-time-travel:g8-national-struggle-source-01","phase5h:8:social-time-travel:g8-national-struggle-source-01","social-time-travel"
"pilot_slot_035","7","4","launch-candidate:phase5h:7:religion-practice:g7-belief-behaviour-01","phase5h:7:religion-practice:g7-belief-behaviour-01","religion-practice"
"pilot_slot_035","7","4","launch-candidate:phase5h:8:religion-practice:religion-help-dignity-01-1sq4xqq","phase5h:8:religion-practice:religion-help-dignity-01-1sq4xqq","religion-practice"
"pilot_slot_036","8","1","launch-candidate:phase5h:7:english-sentence-builder:order-if-finish-01-11i74e","phase5h:7:english-sentence-builder:order-if-finish-01-11i74e","english-sentence-builder"
"pilot_slot_036","8","1","launch-candidate:phase5h:5:english-vocabulary:g35-en-vocab-protect-01-18is450","phase5h:5:english-vocabulary:g35-en-vocab-protect-01-18is450","english-vocabulary"
"pilot_slot_036","8","1","launch-candidate:phase5h:6:error-detective:math-equation-error-01-nl452y","phase5h:6:error-detective:math-equation-error-01-nl452y","error-detective"
"pilot_slot_036","8","1","launch-candidate:phase5h:7:forbidden-story:story-forbidden-u-01-1ujd3uf","phase5h:7:forbidden-story:story-forbidden-u-01-1ujd3uf","forbidden-story"
"pilot_slot_036","8","1","launch-candidate:phase5h:5:geometry-lab:g35-geometry-composite-area-01-8grgur","phase5h:5:geometry-lab:g35-geometry-composite-area-01-8grgur","geometry-lab"
"pilot_slot_036","8","1","launch-candidate:phase5h:8:lgs-foundation:lgs-probability-bag-01-10u5ryk","phase5h:8:lgs-foundation:lgs-probability-bag-01-10u5ryk","lgs-foundation"
"pilot_slot_036","8","2","launch-candidate:phase5h:8:meaning-hunt:meaning-isik-tutmak-01-aq5911","phase5h:8:meaning-hunt:meaning-isik-tutmak-01-aq5911","meaning-hunt"
"pilot_slot_036","8","2","launch-candidate:phase5h:7:olympiad-ladder:olympiad-pigeonhole-remainder-01-144voa7","phase5h:7:olympiad-ladder:olympiad-pigeonhole-remainder-01-144voa7","olympiad-ladder"
"pilot_slot_036","8","2","launch-candidate:phase5h:8:paragraph-detective:tr-main-idea-01-122remb","phase5h:8:paragraph-detective:tr-main-idea-01-122remb","paragraph-detective"
"pilot_slot_036","8","2","launch-candidate:phase5h:8:problem-hunter:g8-linear-tank-01","phase5h:8:problem-hunter:g8-linear-tank-01","problem-hunter"
"pilot_slot_036","8","2","launch-candidate:phase5h:5:religion-practice:g5-ihlas-meaning-01","phase5h:5:religion-practice:g5-ihlas-meaning-01","religion-practice"
"pilot_slot_036","8","2","launch-candidate:phase5h:7:science-lab:science-ecosystem-chain-01-1gv13n3","phase5h:7:science-lab:science-ecosystem-chain-01-1gv13n3","science-lab"
"pilot_slot_036","8","3","launch-candidate:phase5h:6:science-reasoning:g6-bulb-brightness-variable-01","phase5h:6:science-reasoning:g6-bulb-brightness-variable-01","science-reasoning"
"pilot_slot_036","8","3","launch-candidate:phase5h:7:social-citizenship:g7-accessibility-equality-01","phase5h:7:social-citizenship:g7-accessibility-equality-01","social-citizenship"
"pilot_slot_036","8","3","launch-candidate:phase5h:6:social-map-skills:g6-relative-location-01","phase5h:6:social-map-skills:g6-relative-location-01","social-map-skills"
"pilot_slot_036","8","3","launch-candidate:phase5h:5:social-time-travel:g5-first-settlements-evidence-01","phase5h:5:social-time-travel:g5-first-settlements-evidence-01","social-time-travel"
"pilot_slot_036","8","3","launch-candidate:phase5h:6:speed-math:speed-percent-sale-01-y9orlf","phase5h:6:speed-math:speed-percent-sale-01-y9orlf","speed-math"
"pilot_slot_036","8","3","launch-candidate:phase5h:6:word-ladder:ladder-nar-kol-01-1ti8nxf","phase5h:6:word-ladder:ladder-nar-kol-01-1ti8nxf","word-ladder"
"pilot_slot_036","8","4","launch-candidate:phase5h:5:word-mine:word-mine-premium-05-scc0je","phase5h:5:word-mine:word-mine-premium-05-scc0je","word-mine"
"pilot_slot_036","8","4","launch-candidate:phase5h:8:english-vocabulary:english-vocab-context-12-1jd1pbt","phase5h:8:english-vocabulary:english-vocab-context-12-1jd1pbt","english-vocabulary"
"pilot_slot_036","8","4","launch-candidate:phase5h:6:religion-practice:g6-truthfulness-01","phase5h:6:religion-practice:g6-truthfulness-01","religion-practice"
"pilot_slot_036","8","4","launch-candidate:phase5h:8:science-reasoning:g8-photosynthesis-light-01","phase5h:8:science-reasoning:g8-photosynthesis-light-01","science-reasoning"
"pilot_slot_036","8","4","launch-candidate:phase5h:8:social-time-travel:g8-national-struggle-source-01","phase5h:8:social-time-travel:g8-national-struggle-source-01","social-time-travel"
"pilot_slot_036","8","4","launch-candidate:phase5h:7:religion-practice:g7-belief-behaviour-01","phase5h:7:religion-practice:g7-belief-behaviour-01","religion-practice"
"pilot_slot_037","8","1","launch-candidate:phase5h:6:english-cloze:eng-cloze-cause-result-01-19phl4r","phase5h:6:english-cloze:eng-cloze-cause-result-01-19phl4r","english-cloze"
"pilot_slot_037","8","1","launch-candidate:phase5h:7:english-sentence-builder:order-if-finish-01-11i74e","phase5h:7:english-sentence-builder:order-if-finish-01-11i74e","english-sentence-builder"
"pilot_slot_037","8","1","launch-candidate:phase5h:5:english-vocabulary:g35-en-vocab-protect-01-18is450","phase5h:5:english-vocabulary:g35-en-vocab-protect-01-18is450","english-vocabulary"
"pilot_slot_037","8","1","launch-candidate:phase5h:7:forbidden-story:story-forbidden-u-01-1ujd3uf","phase5h:7:forbidden-story:story-forbidden-u-01-1ujd3uf","forbidden-story"
"pilot_slot_037","8","1","launch-candidate:phase5h:5:geometry-lab:g35-geometry-composite-area-01-8grgur","phase5h:5:geometry-lab:g35-geometry-composite-area-01-8grgur","geometry-lab"
"pilot_slot_037","8","1","launch-candidate:phase5h:8:lgs-foundation:lgs-probability-bag-01-10u5ryk","phase5h:8:lgs-foundation:lgs-probability-bag-01-10u5ryk","lgs-foundation"
"pilot_slot_037","8","2","launch-candidate:phase5h:8:logic-station:logic-schedule-possible-01-mssrym","phase5h:8:logic-station:logic-schedule-possible-01-mssrym","logic-station"
"pilot_slot_037","8","2","launch-candidate:phase5h:7:olympiad-ladder:olympiad-pigeonhole-remainder-01-144voa7","phase5h:7:olympiad-ladder:olympiad-pigeonhole-remainder-01-144voa7","olympiad-ladder"
"pilot_slot_037","8","2","launch-candidate:phase5h:8:paragraph-detective:tr-main-idea-01-122remb","phase5h:8:paragraph-detective:tr-main-idea-01-122remb","paragraph-detective"
"pilot_slot_037","8","2","launch-candidate:phase5h:7:pattern-lab:pattern-matchsticks-01-jmob3w","phase5h:7:pattern-lab:pattern-matchsticks-01-jmob3w","pattern-lab"
"pilot_slot_037","8","2","launch-candidate:phase5h:8:problem-hunter:g8-linear-tank-01","phase5h:8:problem-hunter:g8-linear-tank-01","problem-hunter"
"pilot_slot_037","8","2","launch-candidate:phase5h:5:religion-practice:g5-ihlas-meaning-01","phase5h:5:religion-practice:g5-ihlas-meaning-01","religion-practice"
"pilot_slot_037","8","3","launch-candidate:phase5h:5:science-lab:g5-conductor-evidence-01","phase5h:5:science-lab:g5-conductor-evidence-01","science-lab"
"pilot_slot_037","8","3","launch-candidate:phase5h:6:science-reasoning:g6-bulb-brightness-variable-01","phase5h:6:science-reasoning:g6-bulb-brightness-variable-01","science-reasoning"
"pilot_slot_037","8","3","launch-candidate:phase5h:6:social-map-skills:g6-relative-location-01","phase5h:6:social-map-skills:g6-relative-location-01","social-map-skills"
"pilot_slot_037","8","3","launch-candidate:phase5h:8:social-time-travel:g8-national-struggle-source-01","phase5h:8:social-time-travel:g8-national-struggle-source-01","social-time-travel"
"pilot_slot_037","8","3","launch-candidate:phase5h:6:speed-math:speed-percent-sale-01-y9orlf","phase5h:6:speed-math:speed-percent-sale-01-y9orlf","speed-math"
"pilot_slot_037","8","3","launch-candidate:phase5h:5:target-number:target-number-premium-03-287srg","phase5h:5:target-number:target-number-premium-03-287srg","target-number"
"pilot_slot_037","8","4","launch-candidate:phase5h:6:word-ladder:ladder-nar-kol-01-1ti8nxf","phase5h:6:word-ladder:ladder-nar-kol-01-1ti8nxf","word-ladder"
"pilot_slot_037","8","4","launch-candidate:phase5h:5:word-mine:word-mine-premium-05-scc0je","phase5h:5:word-mine:word-mine-premium-05-scc0je","word-mine"
"pilot_slot_037","8","4","launch-candidate:phase5h:8:english-vocabulary:english-vocab-context-12-1jd1pbt","phase5h:8:english-vocabulary:english-vocab-context-12-1jd1pbt","english-vocabulary"
"pilot_slot_037","8","4","launch-candidate:phase5h:7:religion-practice:g7-belief-behaviour-01","phase5h:7:religion-practice:g7-belief-behaviour-01","religion-practice"
"pilot_slot_037","8","4","launch-candidate:phase5h:7:science-lab:science-ecosystem-chain-01-1gv13n3","phase5h:7:science-lab:science-ecosystem-chain-01-1gv13n3","science-lab"
"pilot_slot_037","8","4","launch-candidate:phase5h:8:religion-practice:religion-help-dignity-01-1sq4xqq","phase5h:8:religion-practice:religion-help-dignity-01-1sq4xqq","religion-practice"
"pilot_slot_038","8","1","launch-candidate:phase5h:6:english-cloze:eng-cloze-cause-result-01-19phl4r","phase5h:6:english-cloze:eng-cloze-cause-result-01-19phl4r","english-cloze"
"pilot_slot_038","8","1","launch-candidate:phase5h:5:english-vocabulary:g35-en-vocab-protect-01-18is450","phase5h:5:english-vocabulary:g35-en-vocab-protect-01-18is450","english-vocabulary"
"pilot_slot_038","8","1","launch-candidate:phase5h:6:error-detective:math-equation-error-01-nl452y","phase5h:6:error-detective:math-equation-error-01-nl452y","error-detective"
"pilot_slot_038","8","1","launch-candidate:phase5h:7:forbidden-story:story-forbidden-u-01-1ujd3uf","phase5h:7:forbidden-story:story-forbidden-u-01-1ujd3uf","forbidden-story"
"pilot_slot_038","8","1","launch-candidate:phase5h:5:geometry-lab:g35-geometry-composite-area-01-8grgur","phase5h:5:geometry-lab:g35-geometry-composite-area-01-8grgur","geometry-lab"
"pilot_slot_038","8","1","launch-candidate:phase5h:8:logic-station:logic-schedule-possible-01-mssrym","phase5h:8:logic-station:logic-schedule-possible-01-mssrym","logic-station"
"pilot_slot_038","8","2","launch-candidate:phase5h:8:meaning-hunt:meaning-isik-tutmak-01-aq5911","phase5h:8:meaning-hunt:meaning-isik-tutmak-01-aq5911","meaning-hunt"
"pilot_slot_038","8","2","launch-candidate:phase5h:7:olympiad-ladder:olympiad-pigeonhole-remainder-01-144voa7","phase5h:7:olympiad-ladder:olympiad-pigeonhole-remainder-01-144voa7","olympiad-ladder"
"pilot_slot_038","8","2","launch-candidate:phase5h:8:paragraph-detective:tr-main-idea-01-122remb","phase5h:8:paragraph-detective:tr-main-idea-01-122remb","paragraph-detective"
"pilot_slot_038","8","2","launch-candidate:phase5h:7:pattern-lab:pattern-matchsticks-01-jmob3w","phase5h:7:pattern-lab:pattern-matchsticks-01-jmob3w","pattern-lab"
"pilot_slot_038","8","2","launch-candidate:phase5h:5:religion-practice:g5-ihlas-meaning-01","phase5h:5:religion-practice:g5-ihlas-meaning-01","religion-practice"
"pilot_slot_038","8","2","launch-candidate:phase5h:5:science-lab:g5-conductor-evidence-01","phase5h:5:science-lab:g5-conductor-evidence-01","science-lab"
"pilot_slot_038","8","3","launch-candidate:phase5h:8:science-reasoning:g8-photosynthesis-light-01","phase5h:8:science-reasoning:g8-photosynthesis-light-01","science-reasoning"
"pilot_slot_038","8","3","launch-candidate:phase5h:7:social-citizenship:g7-accessibility-equality-01","phase5h:7:social-citizenship:g7-accessibility-equality-01","social-citizenship"
"pilot_slot_038","8","3","launch-candidate:phase5h:6:social-map-skills:g6-relative-location-01","phase5h:6:social-map-skills:g6-relative-location-01","social-map-skills"
"pilot_slot_038","8","3","launch-candidate:phase5h:5:social-time-travel:g5-first-settlements-evidence-01","phase5h:5:social-time-travel:g5-first-settlements-evidence-01","social-time-travel"
"pilot_slot_038","8","3","launch-candidate:phase5h:5:target-number:target-number-premium-03-287srg","phase5h:5:target-number:target-number-premium-03-287srg","target-number"
"pilot_slot_038","8","3","launch-candidate:phase5h:5:word-mine:word-mine-premium-05-scc0je","phase5h:5:word-mine:word-mine-premium-05-scc0je","word-mine"
"pilot_slot_038","8","4","launch-candidate:phase5h:8:english-vocabulary:english-vocab-context-12-1jd1pbt","phase5h:8:english-vocabulary:english-vocab-context-12-1jd1pbt","english-vocabulary"
"pilot_slot_038","8","4","launch-candidate:phase5h:6:religion-practice:g6-truthfulness-01","phase5h:6:religion-practice:g6-truthfulness-01","religion-practice"
"pilot_slot_038","8","4","launch-candidate:phase5h:7:science-lab:science-ecosystem-chain-01-1gv13n3","phase5h:7:science-lab:science-ecosystem-chain-01-1gv13n3","science-lab"
"pilot_slot_038","8","4","launch-candidate:phase5h:8:social-time-travel:g8-national-struggle-source-01","phase5h:8:social-time-travel:g8-national-struggle-source-01","social-time-travel"
"pilot_slot_038","8","4","launch-candidate:phase5h:7:religion-practice:g7-belief-behaviour-01","phase5h:7:religion-practice:g7-belief-behaviour-01","religion-practice"
"pilot_slot_038","8","4","launch-candidate:phase5h:8:religion-practice:religion-help-dignity-01-1sq4xqq","phase5h:8:religion-practice:religion-help-dignity-01-1sq4xqq","religion-practice"
"pilot_slot_039","8","1","launch-candidate:phase5h:6:english-cloze:eng-cloze-cause-result-01-19phl4r","phase5h:6:english-cloze:eng-cloze-cause-result-01-19phl4r","english-cloze"
"pilot_slot_039","8","1","launch-candidate:phase5h:7:english-sentence-builder:order-if-finish-01-11i74e","phase5h:7:english-sentence-builder:order-if-finish-01-11i74e","english-sentence-builder"
"pilot_slot_039","8","1","launch-candidate:phase5h:8:english-vocabulary:english-vocab-context-12-1jd1pbt","phase5h:8:english-vocabulary:english-vocab-context-12-1jd1pbt","english-vocabulary"
"pilot_slot_039","8","1","launch-candidate:phase5h:6:error-detective:math-equation-error-01-nl452y","phase5h:6:error-detective:math-equation-error-01-nl452y","error-detective"
"pilot_slot_039","8","1","launch-candidate:phase5h:7:forbidden-story:story-forbidden-u-01-1ujd3uf","phase5h:7:forbidden-story:story-forbidden-u-01-1ujd3uf","forbidden-story"
"pilot_slot_039","8","1","launch-candidate:phase5h:5:geometry-lab:g35-geometry-composite-area-01-8grgur","phase5h:5:geometry-lab:g35-geometry-composite-area-01-8grgur","geometry-lab"
"pilot_slot_039","8","2","launch-candidate:phase5h:8:lgs-foundation:lgs-probability-bag-01-10u5ryk","phase5h:8:lgs-foundation:lgs-probability-bag-01-10u5ryk","lgs-foundation"
"pilot_slot_039","8","2","launch-candidate:phase5h:8:logic-station:logic-schedule-possible-01-mssrym","phase5h:8:logic-station:logic-schedule-possible-01-mssrym","logic-station"
"pilot_slot_039","8","2","launch-candidate:phase5h:8:meaning-hunt:meaning-isik-tutmak-01-aq5911","phase5h:8:meaning-hunt:meaning-isik-tutmak-01-aq5911","meaning-hunt"
"pilot_slot_039","8","2","launch-candidate:phase5h:7:pattern-lab:pattern-matchsticks-01-jmob3w","phase5h:7:pattern-lab:pattern-matchsticks-01-jmob3w","pattern-lab"
"pilot_slot_039","8","2","launch-candidate:phase5h:8:problem-hunter:g8-linear-tank-01","phase5h:8:problem-hunter:g8-linear-tank-01","problem-hunter"
"pilot_slot_039","8","2","launch-candidate:phase5h:5:religion-practice:g5-ihlas-meaning-01","phase5h:5:religion-practice:g5-ihlas-meaning-01","religion-practice"
"pilot_slot_039","8","3","launch-candidate:phase5h:5:science-lab:g5-conductor-evidence-01","phase5h:5:science-lab:g5-conductor-evidence-01","science-lab"
"pilot_slot_039","8","3","launch-candidate:phase5h:6:science-reasoning:g6-bulb-brightness-variable-01","phase5h:6:science-reasoning:g6-bulb-brightness-variable-01","science-reasoning"
"pilot_slot_039","8","3","launch-candidate:phase5h:7:social-citizenship:g7-accessibility-equality-01","phase5h:7:social-citizenship:g7-accessibility-equality-01","social-citizenship"
"pilot_slot_039","8","3","launch-candidate:phase5h:5:social-time-travel:g5-first-settlements-evidence-01","phase5h:5:social-time-travel:g5-first-settlements-evidence-01","social-time-travel"
"pilot_slot_039","8","3","launch-candidate:phase5h:6:speed-math:speed-percent-sale-01-y9orlf","phase5h:6:speed-math:speed-percent-sale-01-y9orlf","speed-math"
"pilot_slot_039","8","3","launch-candidate:phase5h:5:target-number:target-number-premium-03-287srg","phase5h:5:target-number:target-number-premium-03-287srg","target-number"
"pilot_slot_039","8","4","launch-candidate:phase5h:6:word-ladder:ladder-nar-kol-01-1ti8nxf","phase5h:6:word-ladder:ladder-nar-kol-01-1ti8nxf","word-ladder"
"pilot_slot_039","8","4","launch-candidate:phase5h:5:word-mine:word-mine-premium-05-scc0je","phase5h:5:word-mine:word-mine-premium-05-scc0je","word-mine"
"pilot_slot_039","8","4","launch-candidate:phase5h:6:religion-practice:g6-truthfulness-01","phase5h:6:religion-practice:g6-truthfulness-01","religion-practice"
"pilot_slot_039","8","4","launch-candidate:phase5h:7:science-lab:science-ecosystem-chain-01-1gv13n3","phase5h:7:science-lab:science-ecosystem-chain-01-1gv13n3","science-lab"
"pilot_slot_039","8","4","launch-candidate:phase5h:8:science-reasoning:g8-photosynthesis-light-01","phase5h:8:science-reasoning:g8-photosynthesis-light-01","science-reasoning"
"pilot_slot_039","8","4","launch-candidate:phase5h:8:religion-practice:religion-help-dignity-01-1sq4xqq","phase5h:8:religion-practice:religion-help-dignity-01-1sq4xqq","religion-practice"
"pilot_slot_040","8","1","launch-candidate:phase5h:6:english-cloze:eng-cloze-cause-result-01-19phl4r","phase5h:6:english-cloze:eng-cloze-cause-result-01-19phl4r","english-cloze"
"pilot_slot_040","8","1","launch-candidate:phase5h:7:english-sentence-builder:order-if-finish-01-11i74e","phase5h:7:english-sentence-builder:order-if-finish-01-11i74e","english-sentence-builder"
"pilot_slot_040","8","1","launch-candidate:phase5h:5:english-vocabulary:g35-en-vocab-protect-01-18is450","phase5h:5:english-vocabulary:g35-en-vocab-protect-01-18is450","english-vocabulary"
"pilot_slot_040","8","1","launch-candidate:phase5h:6:error-detective:math-equation-error-01-nl452y","phase5h:6:error-detective:math-equation-error-01-nl452y","error-detective"
"pilot_slot_040","8","1","launch-candidate:phase5h:8:lgs-foundation:lgs-probability-bag-01-10u5ryk","phase5h:8:lgs-foundation:lgs-probability-bag-01-10u5ryk","lgs-foundation"
"pilot_slot_040","8","1","launch-candidate:phase5h:8:logic-station:logic-schedule-possible-01-mssrym","phase5h:8:logic-station:logic-schedule-possible-01-mssrym","logic-station"
"pilot_slot_040","8","2","launch-candidate:phase5h:8:meaning-hunt:meaning-isik-tutmak-01-aq5911","phase5h:8:meaning-hunt:meaning-isik-tutmak-01-aq5911","meaning-hunt"
"pilot_slot_040","8","2","launch-candidate:phase5h:7:olympiad-ladder:olympiad-pigeonhole-remainder-01-144voa7","phase5h:7:olympiad-ladder:olympiad-pigeonhole-remainder-01-144voa7","olympiad-ladder"
"pilot_slot_040","8","2","launch-candidate:phase5h:8:paragraph-detective:tr-main-idea-01-122remb","phase5h:8:paragraph-detective:tr-main-idea-01-122remb","paragraph-detective"
"pilot_slot_040","8","2","launch-candidate:phase5h:7:pattern-lab:pattern-matchsticks-01-jmob3w","phase5h:7:pattern-lab:pattern-matchsticks-01-jmob3w","pattern-lab"
"pilot_slot_040","8","2","launch-candidate:phase5h:8:problem-hunter:g8-linear-tank-01","phase5h:8:problem-hunter:g8-linear-tank-01","problem-hunter"
"pilot_slot_040","8","2","launch-candidate:phase5h:6:religion-practice:g6-truthfulness-01","phase5h:6:religion-practice:g6-truthfulness-01","religion-practice"
"pilot_slot_040","8","3","launch-candidate:phase5h:5:science-lab:g5-conductor-evidence-01","phase5h:5:science-lab:g5-conductor-evidence-01","science-lab"
"pilot_slot_040","8","3","launch-candidate:phase5h:6:science-reasoning:g6-bulb-brightness-variable-01","phase5h:6:science-reasoning:g6-bulb-brightness-variable-01","science-reasoning"
"pilot_slot_040","8","3","launch-candidate:phase5h:7:social-citizenship:g7-accessibility-equality-01","phase5h:7:social-citizenship:g7-accessibility-equality-01","social-citizenship"
"pilot_slot_040","8","3","launch-candidate:phase5h:6:social-map-skills:g6-relative-location-01","phase5h:6:social-map-skills:g6-relative-location-01","social-map-skills"
"pilot_slot_040","8","3","launch-candidate:phase5h:5:social-time-travel:g5-first-settlements-evidence-01","phase5h:5:social-time-travel:g5-first-settlements-evidence-01","social-time-travel"
"pilot_slot_040","8","3","launch-candidate:phase5h:6:speed-math:speed-percent-sale-01-y9orlf","phase5h:6:speed-math:speed-percent-sale-01-y9orlf","speed-math"
"pilot_slot_040","8","4","launch-candidate:phase5h:5:target-number:target-number-premium-03-287srg","phase5h:5:target-number:target-number-premium-03-287srg","target-number"
"pilot_slot_040","8","4","launch-candidate:phase5h:6:word-ladder:ladder-nar-kol-01-1ti8nxf","phase5h:6:word-ladder:ladder-nar-kol-01-1ti8nxf","word-ladder"
"pilot_slot_040","8","4","launch-candidate:phase5h:7:religion-practice:g7-belief-behaviour-01","phase5h:7:religion-practice:g7-belief-behaviour-01","religion-practice"
"pilot_slot_040","8","4","launch-candidate:phase5h:8:science-reasoning:g8-photosynthesis-light-01","phase5h:8:science-reasoning:g8-photosynthesis-light-01","science-reasoning"
"pilot_slot_040","8","4","launch-candidate:phase5h:8:social-time-travel:g8-national-struggle-source-01","phase5h:8:social-time-travel:g8-national-struggle-source-01","social-time-travel"
"pilot_slot_040","8","4","launch-candidate:phase5h:8:religion-practice:religion-help-dignity-01-1sq4xqq","phase5h:8:religion-practice:religion-help-dignity-01-1sq4xqq","religion-practice"
"pilot_slot_041","9","1","launch-candidate:phase5h:6:english-cloze:eng-cloze-cause-result-01-19phl4r","phase5h:6:english-cloze:eng-cloze-cause-result-01-19phl4r","english-cloze"
"pilot_slot_041","9","1","launch-candidate:phase5h:8:english-vocabulary:english-vocab-context-12-1jd1pbt","phase5h:8:english-vocabulary:english-vocab-context-12-1jd1pbt","english-vocabulary"
"pilot_slot_041","9","1","launch-candidate:phase5h:6:error-detective:math-equation-error-01-nl452y","phase5h:6:error-detective:math-equation-error-01-nl452y","error-detective"
"pilot_slot_041","9","1","launch-candidate:phase5h:7:forbidden-story:story-forbidden-u-01-1ujd3uf","phase5h:7:forbidden-story:story-forbidden-u-01-1ujd3uf","forbidden-story"
"pilot_slot_041","9","1","launch-candidate:phase5h:5:geometry-lab:g35-geometry-composite-area-01-8grgur","phase5h:5:geometry-lab:g35-geometry-composite-area-01-8grgur","geometry-lab"
"pilot_slot_041","9","1","launch-candidate:phase5h:8:logic-station:logic-schedule-possible-01-mssrym","phase5h:8:logic-station:logic-schedule-possible-01-mssrym","logic-station"
"pilot_slot_041","9","2","launch-candidate:phase5h:8:meaning-hunt:meaning-isik-tutmak-01-aq5911","phase5h:8:meaning-hunt:meaning-isik-tutmak-01-aq5911","meaning-hunt"
"pilot_slot_041","9","2","launch-candidate:phase5h:7:olympiad-ladder:olympiad-pigeonhole-remainder-01-144voa7","phase5h:7:olympiad-ladder:olympiad-pigeonhole-remainder-01-144voa7","olympiad-ladder"
"pilot_slot_041","9","2","launch-candidate:phase5h:8:paragraph-detective:tr-main-idea-01-122remb","phase5h:8:paragraph-detective:tr-main-idea-01-122remb","paragraph-detective"
"pilot_slot_041","9","2","launch-candidate:phase5h:7:pattern-lab:pattern-matchsticks-01-jmob3w","phase5h:7:pattern-lab:pattern-matchsticks-01-jmob3w","pattern-lab"
"pilot_slot_041","9","2","launch-candidate:phase5h:5:religion-practice:g5-ihlas-meaning-01","phase5h:5:religion-practice:g5-ihlas-meaning-01","religion-practice"
"pilot_slot_041","9","2","launch-candidate:phase5h:5:science-lab:g5-conductor-evidence-01","phase5h:5:science-lab:g5-conductor-evidence-01","science-lab"
"pilot_slot_041","9","3","launch-candidate:phase5h:8:science-reasoning:g8-photosynthesis-light-01","phase5h:8:science-reasoning:g8-photosynthesis-light-01","science-reasoning"
"pilot_slot_041","9","3","launch-candidate:phase5h:7:social-citizenship:g7-accessibility-equality-01","phase5h:7:social-citizenship:g7-accessibility-equality-01","social-citizenship"
"pilot_slot_041","9","3","launch-candidate:phase5h:6:social-map-skills:g6-relative-location-01","phase5h:6:social-map-skills:g6-relative-location-01","social-map-skills"
"pilot_slot_041","9","3","launch-candidate:phase5h:5:social-time-travel:g5-first-settlements-evidence-01","phase5h:5:social-time-travel:g5-first-settlements-evidence-01","social-time-travel"
"pilot_slot_041","9","3","launch-candidate:phase5h:5:target-number:target-number-premium-03-287srg","phase5h:5:target-number:target-number-premium-03-287srg","target-number"
"pilot_slot_041","9","3","launch-candidate:phase5h:6:word-ladder:ladder-nar-kol-01-1ti8nxf","phase5h:6:word-ladder:ladder-nar-kol-01-1ti8nxf","word-ladder"
"pilot_slot_041","9","4","launch-candidate:phase5h:5:word-mine:word-mine-premium-05-scc0je","phase5h:5:word-mine:word-mine-premium-05-scc0je","word-mine"
"pilot_slot_041","9","4","launch-candidate:phase5h:6:religion-practice:g6-truthfulness-01","phase5h:6:religion-practice:g6-truthfulness-01","religion-practice"
"pilot_slot_041","9","4","launch-candidate:phase5h:7:science-lab:science-ecosystem-chain-01-1gv13n3","phase5h:7:science-lab:science-ecosystem-chain-01-1gv13n3","science-lab"
"pilot_slot_041","9","4","launch-candidate:phase5h:8:social-time-travel:g8-national-struggle-source-01","phase5h:8:social-time-travel:g8-national-struggle-source-01","social-time-travel"
"pilot_slot_041","9","4","launch-candidate:phase5h:7:religion-practice:g7-belief-behaviour-01","phase5h:7:religion-practice:g7-belief-behaviour-01","religion-practice"
"pilot_slot_041","9","4","launch-candidate:phase5h:8:religion-practice:religion-help-dignity-01-1sq4xqq","phase5h:8:religion-practice:religion-help-dignity-01-1sq4xqq","religion-practice"
"pilot_slot_042","9","1","launch-candidate:phase5h:6:english-cloze:eng-cloze-cause-result-01-19phl4r","phase5h:6:english-cloze:eng-cloze-cause-result-01-19phl4r","english-cloze"
"pilot_slot_042","9","1","launch-candidate:phase5h:7:english-sentence-builder:order-if-finish-01-11i74e","phase5h:7:english-sentence-builder:order-if-finish-01-11i74e","english-sentence-builder"
"pilot_slot_042","9","1","launch-candidate:phase5h:5:english-vocabulary:g35-en-vocab-protect-01-18is450","phase5h:5:english-vocabulary:g35-en-vocab-protect-01-18is450","english-vocabulary"
"pilot_slot_042","9","1","launch-candidate:phase5h:6:error-detective:math-equation-error-01-nl452y","phase5h:6:error-detective:math-equation-error-01-nl452y","error-detective"
"pilot_slot_042","9","1","launch-candidate:phase5h:7:forbidden-story:story-forbidden-u-01-1ujd3uf","phase5h:7:forbidden-story:story-forbidden-u-01-1ujd3uf","forbidden-story"
"pilot_slot_042","9","1","launch-candidate:phase5h:5:geometry-lab:g35-geometry-composite-area-01-8grgur","phase5h:5:geometry-lab:g35-geometry-composite-area-01-8grgur","geometry-lab"
"pilot_slot_042","9","2","launch-candidate:phase5h:8:lgs-foundation:lgs-probability-bag-01-10u5ryk","phase5h:8:lgs-foundation:lgs-probability-bag-01-10u5ryk","lgs-foundation"
"pilot_slot_042","9","2","launch-candidate:phase5h:8:logic-station:logic-schedule-possible-01-mssrym","phase5h:8:logic-station:logic-schedule-possible-01-mssrym","logic-station"
"pilot_slot_042","9","2","launch-candidate:phase5h:8:meaning-hunt:meaning-isik-tutmak-01-aq5911","phase5h:8:meaning-hunt:meaning-isik-tutmak-01-aq5911","meaning-hunt"
"pilot_slot_042","9","2","launch-candidate:phase5h:7:pattern-lab:pattern-matchsticks-01-jmob3w","phase5h:7:pattern-lab:pattern-matchsticks-01-jmob3w","pattern-lab"
"pilot_slot_042","9","2","launch-candidate:phase5h:8:problem-hunter:g8-linear-tank-01","phase5h:8:problem-hunter:g8-linear-tank-01","problem-hunter"
"pilot_slot_042","9","2","launch-candidate:phase5h:6:religion-practice:g6-truthfulness-01","phase5h:6:religion-practice:g6-truthfulness-01","religion-practice"
"pilot_slot_042","9","3","launch-candidate:phase5h:5:science-lab:g5-conductor-evidence-01","phase5h:5:science-lab:g5-conductor-evidence-01","science-lab"
"pilot_slot_042","9","3","launch-candidate:phase5h:6:science-reasoning:g6-bulb-brightness-variable-01","phase5h:6:science-reasoning:g6-bulb-brightness-variable-01","science-reasoning"
"pilot_slot_042","9","3","launch-candidate:phase5h:7:social-citizenship:g7-accessibility-equality-01","phase5h:7:social-citizenship:g7-accessibility-equality-01","social-citizenship"
"pilot_slot_042","9","3","launch-candidate:phase5h:5:social-time-travel:g5-first-settlements-evidence-01","phase5h:5:social-time-travel:g5-first-settlements-evidence-01","social-time-travel"
"pilot_slot_042","9","3","launch-candidate:phase5h:6:speed-math:speed-percent-sale-01-y9orlf","phase5h:6:speed-math:speed-percent-sale-01-y9orlf","speed-math"
"pilot_slot_042","9","3","launch-candidate:phase5h:5:target-number:target-number-premium-03-287srg","phase5h:5:target-number:target-number-premium-03-287srg","target-number"
"pilot_slot_042","9","4","launch-candidate:phase5h:6:word-ladder:ladder-nar-kol-01-1ti8nxf","phase5h:6:word-ladder:ladder-nar-kol-01-1ti8nxf","word-ladder"
"pilot_slot_042","9","4","launch-candidate:phase5h:5:word-mine:word-mine-premium-05-scc0je","phase5h:5:word-mine:word-mine-premium-05-scc0je","word-mine"
"pilot_slot_042","9","4","launch-candidate:phase5h:8:english-vocabulary:english-vocab-context-12-1jd1pbt","phase5h:8:english-vocabulary:english-vocab-context-12-1jd1pbt","english-vocabulary"
"pilot_slot_042","9","4","launch-candidate:phase5h:8:religion-practice:religion-help-dignity-01-1sq4xqq","phase5h:8:religion-practice:religion-help-dignity-01-1sq4xqq","religion-practice"
"pilot_slot_042","9","4","launch-candidate:phase5h:7:science-lab:science-ecosystem-chain-01-1gv13n3","phase5h:7:science-lab:science-ecosystem-chain-01-1gv13n3","science-lab"
"pilot_slot_042","9","4","launch-candidate:phase5h:8:science-reasoning:g8-photosynthesis-light-01","phase5h:8:science-reasoning:g8-photosynthesis-light-01","science-reasoning"
"pilot_slot_043","9","1","launch-candidate:phase5h:6:english-cloze:eng-cloze-cause-result-01-19phl4r","phase5h:6:english-cloze:eng-cloze-cause-result-01-19phl4r","english-cloze"
"pilot_slot_043","9","1","launch-candidate:phase5h:7:english-sentence-builder:order-if-finish-01-11i74e","phase5h:7:english-sentence-builder:order-if-finish-01-11i74e","english-sentence-builder"
"pilot_slot_043","9","1","launch-candidate:phase5h:5:english-vocabulary:g35-en-vocab-protect-01-18is450","phase5h:5:english-vocabulary:g35-en-vocab-protect-01-18is450","english-vocabulary"
"pilot_slot_043","9","1","launch-candidate:phase5h:6:error-detective:math-equation-error-01-nl452y","phase5h:6:error-detective:math-equation-error-01-nl452y","error-detective"
"pilot_slot_043","9","1","launch-candidate:phase5h:8:lgs-foundation:lgs-probability-bag-01-10u5ryk","phase5h:8:lgs-foundation:lgs-probability-bag-01-10u5ryk","lgs-foundation"
"pilot_slot_043","9","1","launch-candidate:phase5h:8:logic-station:logic-schedule-possible-01-mssrym","phase5h:8:logic-station:logic-schedule-possible-01-mssrym","logic-station"
"pilot_slot_043","9","2","launch-candidate:phase5h:8:meaning-hunt:meaning-isik-tutmak-01-aq5911","phase5h:8:meaning-hunt:meaning-isik-tutmak-01-aq5911","meaning-hunt"
"pilot_slot_043","9","2","launch-candidate:phase5h:7:olympiad-ladder:olympiad-pigeonhole-remainder-01-144voa7","phase5h:7:olympiad-ladder:olympiad-pigeonhole-remainder-01-144voa7","olympiad-ladder"
"pilot_slot_043","9","2","launch-candidate:phase5h:8:paragraph-detective:tr-main-idea-01-122remb","phase5h:8:paragraph-detective:tr-main-idea-01-122remb","paragraph-detective"
"pilot_slot_043","9","2","launch-candidate:phase5h:8:problem-hunter:g8-linear-tank-01","phase5h:8:problem-hunter:g8-linear-tank-01","problem-hunter"
"pilot_slot_043","9","2","launch-candidate:phase5h:5:religion-practice:g5-ihlas-meaning-01","phase5h:5:religion-practice:g5-ihlas-meaning-01","religion-practice"
"pilot_slot_043","9","2","launch-candidate:phase5h:5:science-lab:g5-conductor-evidence-01","phase5h:5:science-lab:g5-conductor-evidence-01","science-lab"
"pilot_slot_043","9","3","launch-candidate:phase5h:6:science-reasoning:g6-bulb-brightness-variable-01","phase5h:6:science-reasoning:g6-bulb-brightness-variable-01","science-reasoning"
"pilot_slot_043","9","3","launch-candidate:phase5h:7:social-citizenship:g7-accessibility-equality-01","phase5h:7:social-citizenship:g7-accessibility-equality-01","social-citizenship"
"pilot_slot_043","9","3","launch-candidate:phase5h:6:social-map-skills:g6-relative-location-01","phase5h:6:social-map-skills:g6-relative-location-01","social-map-skills"
"pilot_slot_043","9","3","launch-candidate:phase5h:5:social-time-travel:g5-first-settlements-evidence-01","phase5h:5:social-time-travel:g5-first-settlements-evidence-01","social-time-travel"
"pilot_slot_043","9","3","launch-candidate:phase5h:6:speed-math:speed-percent-sale-01-y9orlf","phase5h:6:speed-math:speed-percent-sale-01-y9orlf","speed-math"
"pilot_slot_043","9","3","launch-candidate:phase5h:5:target-number:target-number-premium-03-287srg","phase5h:5:target-number:target-number-premium-03-287srg","target-number"
"pilot_slot_043","9","4","launch-candidate:phase5h:6:word-ladder:ladder-nar-kol-01-1ti8nxf","phase5h:6:word-ladder:ladder-nar-kol-01-1ti8nxf","word-ladder"
"pilot_slot_043","9","4","launch-candidate:phase5h:6:religion-practice:g6-truthfulness-01","phase5h:6:religion-practice:g6-truthfulness-01","religion-practice"
"pilot_slot_043","9","4","launch-candidate:phase5h:8:science-reasoning:g8-photosynthesis-light-01","phase5h:8:science-reasoning:g8-photosynthesis-light-01","science-reasoning"
"pilot_slot_043","9","4","launch-candidate:phase5h:8:social-time-travel:g8-national-struggle-source-01","phase5h:8:social-time-travel:g8-national-struggle-source-01","social-time-travel"
"pilot_slot_043","9","4","launch-candidate:phase5h:7:religion-practice:g7-belief-behaviour-01","phase5h:7:religion-practice:g7-belief-behaviour-01","religion-practice"
"pilot_slot_043","9","4","launch-candidate:phase5h:8:religion-practice:religion-help-dignity-01-1sq4xqq","phase5h:8:religion-practice:religion-help-dignity-01-1sq4xqq","religion-practice"
"pilot_slot_044","9","1","launch-candidate:phase5h:7:english-sentence-builder:order-if-finish-01-11i74e","phase5h:7:english-sentence-builder:order-if-finish-01-11i74e","english-sentence-builder"
"pilot_slot_044","9","1","launch-candidate:phase5h:5:english-vocabulary:g35-en-vocab-protect-01-18is450","phase5h:5:english-vocabulary:g35-en-vocab-protect-01-18is450","english-vocabulary"
"pilot_slot_044","9","1","launch-candidate:phase5h:6:error-detective:math-equation-error-01-nl452y","phase5h:6:error-detective:math-equation-error-01-nl452y","error-detective"
"pilot_slot_044","9","1","launch-candidate:phase5h:7:forbidden-story:story-forbidden-u-01-1ujd3uf","phase5h:7:forbidden-story:story-forbidden-u-01-1ujd3uf","forbidden-story"
"pilot_slot_044","9","1","launch-candidate:phase5h:5:geometry-lab:g35-geometry-composite-area-01-8grgur","phase5h:5:geometry-lab:g35-geometry-composite-area-01-8grgur","geometry-lab"
"pilot_slot_044","9","1","launch-candidate:phase5h:8:lgs-foundation:lgs-probability-bag-01-10u5ryk","phase5h:8:lgs-foundation:lgs-probability-bag-01-10u5ryk","lgs-foundation"
"pilot_slot_044","9","2","launch-candidate:phase5h:8:meaning-hunt:meaning-isik-tutmak-01-aq5911","phase5h:8:meaning-hunt:meaning-isik-tutmak-01-aq5911","meaning-hunt"
"pilot_slot_044","9","2","launch-candidate:phase5h:7:olympiad-ladder:olympiad-pigeonhole-remainder-01-144voa7","phase5h:7:olympiad-ladder:olympiad-pigeonhole-remainder-01-144voa7","olympiad-ladder"
"pilot_slot_044","9","2","launch-candidate:phase5h:8:paragraph-detective:tr-main-idea-01-122remb","phase5h:8:paragraph-detective:tr-main-idea-01-122remb","paragraph-detective"
"pilot_slot_044","9","2","launch-candidate:phase5h:7:pattern-lab:pattern-matchsticks-01-jmob3w","phase5h:7:pattern-lab:pattern-matchsticks-01-jmob3w","pattern-lab"
"pilot_slot_044","9","2","launch-candidate:phase5h:8:problem-hunter:g8-linear-tank-01","phase5h:8:problem-hunter:g8-linear-tank-01","problem-hunter"
"pilot_slot_044","9","2","launch-candidate:phase5h:5:religion-practice:g5-ihlas-meaning-01","phase5h:5:religion-practice:g5-ihlas-meaning-01","religion-practice"
"pilot_slot_044","9","3","launch-candidate:phase5h:7:science-lab:science-ecosystem-chain-01-1gv13n3","phase5h:7:science-lab:science-ecosystem-chain-01-1gv13n3","science-lab"
"pilot_slot_044","9","3","launch-candidate:phase5h:6:science-reasoning:g6-bulb-brightness-variable-01","phase5h:6:science-reasoning:g6-bulb-brightness-variable-01","science-reasoning"
"pilot_slot_044","9","3","launch-candidate:phase5h:6:social-map-skills:g6-relative-location-01","phase5h:6:social-map-skills:g6-relative-location-01","social-map-skills"
"pilot_slot_044","9","3","launch-candidate:phase5h:5:social-time-travel:g5-first-settlements-evidence-01","phase5h:5:social-time-travel:g5-first-settlements-evidence-01","social-time-travel"
"pilot_slot_044","9","3","launch-candidate:phase5h:6:speed-math:speed-percent-sale-01-y9orlf","phase5h:6:speed-math:speed-percent-sale-01-y9orlf","speed-math"
"pilot_slot_044","9","3","launch-candidate:phase5h:6:word-ladder:ladder-nar-kol-01-1ti8nxf","phase5h:6:word-ladder:ladder-nar-kol-01-1ti8nxf","word-ladder"
"pilot_slot_044","9","4","launch-candidate:phase5h:5:word-mine:word-mine-premium-05-scc0je","phase5h:5:word-mine:word-mine-premium-05-scc0je","word-mine"
"pilot_slot_044","9","4","launch-candidate:phase5h:8:english-vocabulary:english-vocab-context-12-1jd1pbt","phase5h:8:english-vocabulary:english-vocab-context-12-1jd1pbt","english-vocabulary"
"pilot_slot_044","9","4","launch-candidate:phase5h:6:religion-practice:g6-truthfulness-01","phase5h:6:religion-practice:g6-truthfulness-01","religion-practice"
"pilot_slot_044","9","4","launch-candidate:phase5h:8:science-reasoning:g8-photosynthesis-light-01","phase5h:8:science-reasoning:g8-photosynthesis-light-01","science-reasoning"
"pilot_slot_044","9","4","launch-candidate:phase5h:8:social-time-travel:g8-national-struggle-source-01","phase5h:8:social-time-travel:g8-national-struggle-source-01","social-time-travel"
"pilot_slot_044","9","4","launch-candidate:phase5h:7:religion-practice:g7-belief-behaviour-01","phase5h:7:religion-practice:g7-belief-behaviour-01","religion-practice"
"pilot_slot_045","9","1","launch-candidate:phase5h:6:english-cloze:eng-cloze-cause-result-01-19phl4r","phase5h:6:english-cloze:eng-cloze-cause-result-01-19phl4r","english-cloze"
"pilot_slot_045","9","1","launch-candidate:phase5h:7:english-sentence-builder:order-if-finish-01-11i74e","phase5h:7:english-sentence-builder:order-if-finish-01-11i74e","english-sentence-builder"
"pilot_slot_045","9","1","launch-candidate:phase5h:5:english-vocabulary:g35-en-vocab-protect-01-18is450","phase5h:5:english-vocabulary:g35-en-vocab-protect-01-18is450","english-vocabulary"
"pilot_slot_045","9","1","launch-candidate:phase5h:7:forbidden-story:story-forbidden-u-01-1ujd3uf","phase5h:7:forbidden-story:story-forbidden-u-01-1ujd3uf","forbidden-story"
"pilot_slot_045","9","1","launch-candidate:phase5h:5:geometry-lab:g35-geometry-composite-area-01-8grgur","phase5h:5:geometry-lab:g35-geometry-composite-area-01-8grgur","geometry-lab"
"pilot_slot_045","9","1","launch-candidate:phase5h:8:lgs-foundation:lgs-probability-bag-01-10u5ryk","phase5h:8:lgs-foundation:lgs-probability-bag-01-10u5ryk","lgs-foundation"
"pilot_slot_045","9","2","launch-candidate:phase5h:8:logic-station:logic-schedule-possible-01-mssrym","phase5h:8:logic-station:logic-schedule-possible-01-mssrym","logic-station"
"pilot_slot_045","9","2","launch-candidate:phase5h:7:olympiad-ladder:olympiad-pigeonhole-remainder-01-144voa7","phase5h:7:olympiad-ladder:olympiad-pigeonhole-remainder-01-144voa7","olympiad-ladder"
"pilot_slot_045","9","2","launch-candidate:phase5h:8:paragraph-detective:tr-main-idea-01-122remb","phase5h:8:paragraph-detective:tr-main-idea-01-122remb","paragraph-detective"
"pilot_slot_045","9","2","launch-candidate:phase5h:7:pattern-lab:pattern-matchsticks-01-jmob3w","phase5h:7:pattern-lab:pattern-matchsticks-01-jmob3w","pattern-lab"
"pilot_slot_045","9","2","launch-candidate:phase5h:8:problem-hunter:g8-linear-tank-01","phase5h:8:problem-hunter:g8-linear-tank-01","problem-hunter"
"pilot_slot_045","9","2","launch-candidate:phase5h:5:religion-practice:g5-ihlas-meaning-01","phase5h:5:religion-practice:g5-ihlas-meaning-01","religion-practice"
"pilot_slot_045","9","3","launch-candidate:phase5h:5:science-lab:g5-conductor-evidence-01","phase5h:5:science-lab:g5-conductor-evidence-01","science-lab"
"pilot_slot_045","9","3","launch-candidate:phase5h:6:science-reasoning:g6-bulb-brightness-variable-01","phase5h:6:science-reasoning:g6-bulb-brightness-variable-01","science-reasoning"
"pilot_slot_045","9","3","launch-candidate:phase5h:7:social-citizenship:g7-accessibility-equality-01","phase5h:7:social-citizenship:g7-accessibility-equality-01","social-citizenship"
"pilot_slot_045","9","3","launch-candidate:phase5h:6:social-map-skills:g6-relative-location-01","phase5h:6:social-map-skills:g6-relative-location-01","social-map-skills"
"pilot_slot_045","9","3","launch-candidate:phase5h:8:social-time-travel:g8-national-struggle-source-01","phase5h:8:social-time-travel:g8-national-struggle-source-01","social-time-travel"
"pilot_slot_045","9","3","launch-candidate:phase5h:6:speed-math:speed-percent-sale-01-y9orlf","phase5h:6:speed-math:speed-percent-sale-01-y9orlf","speed-math"
"pilot_slot_045","9","4","launch-candidate:phase5h:5:target-number:target-number-premium-03-287srg","phase5h:5:target-number:target-number-premium-03-287srg","target-number"
"pilot_slot_045","9","4","launch-candidate:phase5h:5:word-mine:word-mine-premium-05-scc0je","phase5h:5:word-mine:word-mine-premium-05-scc0je","word-mine"
"pilot_slot_045","9","4","launch-candidate:phase5h:8:english-vocabulary:english-vocab-context-12-1jd1pbt","phase5h:8:english-vocabulary:english-vocab-context-12-1jd1pbt","english-vocabulary"
"pilot_slot_045","9","4","launch-candidate:phase5h:7:religion-practice:g7-belief-behaviour-01","phase5h:7:religion-practice:g7-belief-behaviour-01","religion-practice"
"pilot_slot_045","9","4","launch-candidate:phase5h:7:science-lab:science-ecosystem-chain-01-1gv13n3","phase5h:7:science-lab:science-ecosystem-chain-01-1gv13n3","science-lab"
"pilot_slot_045","9","4","launch-candidate:phase5h:8:religion-practice:religion-help-dignity-01-1sq4xqq","phase5h:8:religion-practice:religion-help-dignity-01-1sq4xqq","religion-practice"
"pilot_slot_046","10","1","launch-candidate:phase5h:7:english-sentence-builder:order-if-finish-01-11i74e","phase5h:7:english-sentence-builder:order-if-finish-01-11i74e","english-sentence-builder"
"pilot_slot_046","10","1","launch-candidate:phase5h:5:english-vocabulary:g35-en-vocab-protect-01-18is450","phase5h:5:english-vocabulary:g35-en-vocab-protect-01-18is450","english-vocabulary"
"pilot_slot_046","10","1","launch-candidate:phase5h:6:error-detective:math-equation-error-01-nl452y","phase5h:6:error-detective:math-equation-error-01-nl452y","error-detective"
"pilot_slot_046","10","1","launch-candidate:phase5h:7:forbidden-story:story-forbidden-u-01-1ujd3uf","phase5h:7:forbidden-story:story-forbidden-u-01-1ujd3uf","forbidden-story"
"pilot_slot_046","10","1","launch-candidate:phase5h:8:lgs-foundation:lgs-probability-bag-01-10u5ryk","phase5h:8:lgs-foundation:lgs-probability-bag-01-10u5ryk","lgs-foundation"
"pilot_slot_046","10","1","launch-candidate:phase5h:8:logic-station:logic-schedule-possible-01-mssrym","phase5h:8:logic-station:logic-schedule-possible-01-mssrym","logic-station"
"pilot_slot_046","10","2","launch-candidate:phase5h:8:meaning-hunt:meaning-isik-tutmak-01-aq5911","phase5h:8:meaning-hunt:meaning-isik-tutmak-01-aq5911","meaning-hunt"
"pilot_slot_046","10","2","launch-candidate:phase5h:7:olympiad-ladder:olympiad-pigeonhole-remainder-01-144voa7","phase5h:7:olympiad-ladder:olympiad-pigeonhole-remainder-01-144voa7","olympiad-ladder"
"pilot_slot_046","10","2","launch-candidate:phase5h:8:paragraph-detective:tr-main-idea-01-122remb","phase5h:8:paragraph-detective:tr-main-idea-01-122remb","paragraph-detective"
"pilot_slot_046","10","2","launch-candidate:phase5h:8:problem-hunter:g8-linear-tank-01","phase5h:8:problem-hunter:g8-linear-tank-01","problem-hunter"
"pilot_slot_046","10","2","launch-candidate:phase5h:5:religion-practice:g5-ihlas-meaning-01","phase5h:5:religion-practice:g5-ihlas-meaning-01","religion-practice"
"pilot_slot_046","10","2","launch-candidate:phase5h:5:science-lab:g5-conductor-evidence-01","phase5h:5:science-lab:g5-conductor-evidence-01","science-lab"
"pilot_slot_046","10","3","launch-candidate:phase5h:6:science-reasoning:g6-bulb-brightness-variable-01","phase5h:6:science-reasoning:g6-bulb-brightness-variable-01","science-reasoning"
"pilot_slot_046","10","3","launch-candidate:phase5h:7:social-citizenship:g7-accessibility-equality-01","phase5h:7:social-citizenship:g7-accessibility-equality-01","social-citizenship"
"pilot_slot_046","10","3","launch-candidate:phase5h:6:social-map-skills:g6-relative-location-01","phase5h:6:social-map-skills:g6-relative-location-01","social-map-skills"
"pilot_slot_046","10","3","launch-candidate:phase5h:5:social-time-travel:g5-first-settlements-evidence-01","phase5h:5:social-time-travel:g5-first-settlements-evidence-01","social-time-travel"
"pilot_slot_046","10","3","launch-candidate:phase5h:6:speed-math:speed-percent-sale-01-y9orlf","phase5h:6:speed-math:speed-percent-sale-01-y9orlf","speed-math"
"pilot_slot_046","10","3","launch-candidate:phase5h:5:target-number:target-number-premium-03-287srg","phase5h:5:target-number:target-number-premium-03-287srg","target-number"
"pilot_slot_046","10","4","launch-candidate:phase5h:6:word-ladder:ladder-nar-kol-01-1ti8nxf","phase5h:6:word-ladder:ladder-nar-kol-01-1ti8nxf","word-ladder"
"pilot_slot_046","10","4","launch-candidate:phase5h:6:religion-practice:g6-truthfulness-01","phase5h:6:religion-practice:g6-truthfulness-01","religion-practice"
"pilot_slot_046","10","4","launch-candidate:phase5h:8:science-reasoning:g8-photosynthesis-light-01","phase5h:8:science-reasoning:g8-photosynthesis-light-01","science-reasoning"
"pilot_slot_046","10","4","launch-candidate:phase5h:8:social-time-travel:g8-national-struggle-source-01","phase5h:8:social-time-travel:g8-national-struggle-source-01","social-time-travel"
"pilot_slot_046","10","4","launch-candidate:phase5h:7:religion-practice:g7-belief-behaviour-01","phase5h:7:religion-practice:g7-belief-behaviour-01","religion-practice"
"pilot_slot_046","10","4","launch-candidate:phase5h:8:religion-practice:religion-help-dignity-01-1sq4xqq","phase5h:8:religion-practice:religion-help-dignity-01-1sq4xqq","religion-practice"
"pilot_slot_047","10","1","launch-candidate:phase5h:6:english-cloze:eng-cloze-cause-result-01-19phl4r","phase5h:6:english-cloze:eng-cloze-cause-result-01-19phl4r","english-cloze"
"pilot_slot_047","10","1","launch-candidate:phase5h:7:english-sentence-builder:order-if-finish-01-11i74e","phase5h:7:english-sentence-builder:order-if-finish-01-11i74e","english-sentence-builder"
"pilot_slot_047","10","1","launch-candidate:phase5h:5:english-vocabulary:g35-en-vocab-protect-01-18is450","phase5h:5:english-vocabulary:g35-en-vocab-protect-01-18is450","english-vocabulary"
"pilot_slot_047","10","1","launch-candidate:phase5h:6:error-detective:math-equation-error-01-nl452y","phase5h:6:error-detective:math-equation-error-01-nl452y","error-detective"
"pilot_slot_047","10","1","launch-candidate:phase5h:7:forbidden-story:story-forbidden-u-01-1ujd3uf","phase5h:7:forbidden-story:story-forbidden-u-01-1ujd3uf","forbidden-story"
"pilot_slot_047","10","1","launch-candidate:phase5h:5:geometry-lab:g35-geometry-composite-area-01-8grgur","phase5h:5:geometry-lab:g35-geometry-composite-area-01-8grgur","geometry-lab"
"pilot_slot_047","10","2","launch-candidate:phase5h:8:lgs-foundation:lgs-probability-bag-01-10u5ryk","phase5h:8:lgs-foundation:lgs-probability-bag-01-10u5ryk","lgs-foundation"
"pilot_slot_047","10","2","launch-candidate:phase5h:8:meaning-hunt:meaning-isik-tutmak-01-aq5911","phase5h:8:meaning-hunt:meaning-isik-tutmak-01-aq5911","meaning-hunt"
"pilot_slot_047","10","2","launch-candidate:phase5h:7:olympiad-ladder:olympiad-pigeonhole-remainder-01-144voa7","phase5h:7:olympiad-ladder:olympiad-pigeonhole-remainder-01-144voa7","olympiad-ladder"
"pilot_slot_047","10","2","launch-candidate:phase5h:8:paragraph-detective:tr-main-idea-01-122remb","phase5h:8:paragraph-detective:tr-main-idea-01-122remb","paragraph-detective"
"pilot_slot_047","10","2","launch-candidate:phase5h:7:pattern-lab:pattern-matchsticks-01-jmob3w","phase5h:7:pattern-lab:pattern-matchsticks-01-jmob3w","pattern-lab"
"pilot_slot_047","10","2","launch-candidate:phase5h:8:problem-hunter:g8-linear-tank-01","phase5h:8:problem-hunter:g8-linear-tank-01","problem-hunter"
"pilot_slot_047","10","3","launch-candidate:phase5h:5:religion-practice:g5-ihlas-meaning-01","phase5h:5:religion-practice:g5-ihlas-meaning-01","religion-practice"
"pilot_slot_047","10","3","launch-candidate:phase5h:7:science-lab:science-ecosystem-chain-01-1gv13n3","phase5h:7:science-lab:science-ecosystem-chain-01-1gv13n3","science-lab"
"pilot_slot_047","10","3","launch-candidate:phase5h:6:science-reasoning:g6-bulb-brightness-variable-01","phase5h:6:science-reasoning:g6-bulb-brightness-variable-01","science-reasoning"
"pilot_slot_047","10","3","launch-candidate:phase5h:6:social-map-skills:g6-relative-location-01","phase5h:6:social-map-skills:g6-relative-location-01","social-map-skills"
"pilot_slot_047","10","3","launch-candidate:phase5h:5:social-time-travel:g5-first-settlements-evidence-01","phase5h:5:social-time-travel:g5-first-settlements-evidence-01","social-time-travel"
"pilot_slot_047","10","3","launch-candidate:phase5h:6:speed-math:speed-percent-sale-01-y9orlf","phase5h:6:speed-math:speed-percent-sale-01-y9orlf","speed-math"
"pilot_slot_047","10","4","launch-candidate:phase5h:6:word-ladder:ladder-nar-kol-01-1ti8nxf","phase5h:6:word-ladder:ladder-nar-kol-01-1ti8nxf","word-ladder"
"pilot_slot_047","10","4","launch-candidate:phase5h:5:word-mine:word-mine-premium-05-scc0je","phase5h:5:word-mine:word-mine-premium-05-scc0je","word-mine"
"pilot_slot_047","10","4","launch-candidate:phase5h:8:english-vocabulary:english-vocab-context-12-1jd1pbt","phase5h:8:english-vocabulary:english-vocab-context-12-1jd1pbt","english-vocabulary"
"pilot_slot_047","10","4","launch-candidate:phase5h:7:religion-practice:g7-belief-behaviour-01","phase5h:7:religion-practice:g7-belief-behaviour-01","religion-practice"
"pilot_slot_047","10","4","launch-candidate:phase5h:8:science-reasoning:g8-photosynthesis-light-01","phase5h:8:science-reasoning:g8-photosynthesis-light-01","science-reasoning"
"pilot_slot_047","10","4","launch-candidate:phase5h:8:social-time-travel:g8-national-struggle-source-01","phase5h:8:social-time-travel:g8-national-struggle-source-01","social-time-travel"
"pilot_slot_048","10","1","launch-candidate:phase5h:6:english-cloze:eng-cloze-cause-result-01-19phl4r","phase5h:6:english-cloze:eng-cloze-cause-result-01-19phl4r","english-cloze"
"pilot_slot_048","10","1","launch-candidate:phase5h:7:english-sentence-builder:order-if-finish-01-11i74e","phase5h:7:english-sentence-builder:order-if-finish-01-11i74e","english-sentence-builder"
"pilot_slot_048","10","1","launch-candidate:phase5h:5:english-vocabulary:g35-en-vocab-protect-01-18is450","phase5h:5:english-vocabulary:g35-en-vocab-protect-01-18is450","english-vocabulary"
"pilot_slot_048","10","1","launch-candidate:phase5h:7:forbidden-story:story-forbidden-u-01-1ujd3uf","phase5h:7:forbidden-story:story-forbidden-u-01-1ujd3uf","forbidden-story"
"pilot_slot_048","10","1","launch-candidate:phase5h:5:geometry-lab:g35-geometry-composite-area-01-8grgur","phase5h:5:geometry-lab:g35-geometry-composite-area-01-8grgur","geometry-lab"
"pilot_slot_048","10","1","launch-candidate:phase5h:8:lgs-foundation:lgs-probability-bag-01-10u5ryk","phase5h:8:lgs-foundation:lgs-probability-bag-01-10u5ryk","lgs-foundation"
"pilot_slot_048","10","2","launch-candidate:phase5h:8:logic-station:logic-schedule-possible-01-mssrym","phase5h:8:logic-station:logic-schedule-possible-01-mssrym","logic-station"
"pilot_slot_048","10","2","launch-candidate:phase5h:7:olympiad-ladder:olympiad-pigeonhole-remainder-01-144voa7","phase5h:7:olympiad-ladder:olympiad-pigeonhole-remainder-01-144voa7","olympiad-ladder"
"pilot_slot_048","10","2","launch-candidate:phase5h:8:paragraph-detective:tr-main-idea-01-122remb","phase5h:8:paragraph-detective:tr-main-idea-01-122remb","paragraph-detective"
"pilot_slot_048","10","2","launch-candidate:phase5h:7:pattern-lab:pattern-matchsticks-01-jmob3w","phase5h:7:pattern-lab:pattern-matchsticks-01-jmob3w","pattern-lab"
"pilot_slot_048","10","2","launch-candidate:phase5h:5:religion-practice:g5-ihlas-meaning-01","phase5h:5:religion-practice:g5-ihlas-meaning-01","religion-practice"
"pilot_slot_048","10","2","launch-candidate:phase5h:5:science-lab:g5-conductor-evidence-01","phase5h:5:science-lab:g5-conductor-evidence-01","science-lab"
"pilot_slot_048","10","3","launch-candidate:phase5h:6:science-reasoning:g6-bulb-brightness-variable-01","phase5h:6:science-reasoning:g6-bulb-brightness-variable-01","science-reasoning"
"pilot_slot_048","10","3","launch-candidate:phase5h:7:social-citizenship:g7-accessibility-equality-01","phase5h:7:social-citizenship:g7-accessibility-equality-01","social-citizenship"
"pilot_slot_048","10","3","launch-candidate:phase5h:6:social-map-skills:g6-relative-location-01","phase5h:6:social-map-skills:g6-relative-location-01","social-map-skills"
"pilot_slot_048","10","3","launch-candidate:phase5h:8:social-time-travel:g8-national-struggle-source-01","phase5h:8:social-time-travel:g8-national-struggle-source-01","social-time-travel"
"pilot_slot_048","10","3","launch-candidate:phase5h:6:speed-math:speed-percent-sale-01-y9orlf","phase5h:6:speed-math:speed-percent-sale-01-y9orlf","speed-math"
"pilot_slot_048","10","3","launch-candidate:phase5h:5:target-number:target-number-premium-03-287srg","phase5h:5:target-number:target-number-premium-03-287srg","target-number"
"pilot_slot_048","10","4","launch-candidate:phase5h:5:word-mine:word-mine-premium-05-scc0je","phase5h:5:word-mine:word-mine-premium-05-scc0je","word-mine"
"pilot_slot_048","10","4","launch-candidate:phase5h:8:english-vocabulary:english-vocab-context-12-1jd1pbt","phase5h:8:english-vocabulary:english-vocab-context-12-1jd1pbt","english-vocabulary"
"pilot_slot_048","10","4","launch-candidate:phase5h:6:religion-practice:g6-truthfulness-01","phase5h:6:religion-practice:g6-truthfulness-01","religion-practice"
"pilot_slot_048","10","4","launch-candidate:phase5h:7:science-lab:science-ecosystem-chain-01-1gv13n3","phase5h:7:science-lab:science-ecosystem-chain-01-1gv13n3","science-lab"
"pilot_slot_048","10","4","launch-candidate:phase5h:7:religion-practice:g7-belief-behaviour-01","phase5h:7:religion-practice:g7-belief-behaviour-01","religion-practice"
"pilot_slot_048","10","4","launch-candidate:phase5h:8:religion-practice:religion-help-dignity-01-1sq4xqq","phase5h:8:religion-practice:religion-help-dignity-01-1sq4xqq","religion-practice"
"pilot_slot_049","10","1","launch-candidate:phase5h:6:english-cloze:eng-cloze-cause-result-01-19phl4r","phase5h:6:english-cloze:eng-cloze-cause-result-01-19phl4r","english-cloze"
"pilot_slot_049","10","1","launch-candidate:phase5h:8:english-vocabulary:english-vocab-context-12-1jd1pbt","phase5h:8:english-vocabulary:english-vocab-context-12-1jd1pbt","english-vocabulary"
"pilot_slot_049","10","1","launch-candidate:phase5h:6:error-detective:math-equation-error-01-nl452y","phase5h:6:error-detective:math-equation-error-01-nl452y","error-detective"
"pilot_slot_049","10","1","launch-candidate:phase5h:7:forbidden-story:story-forbidden-u-01-1ujd3uf","phase5h:7:forbidden-story:story-forbidden-u-01-1ujd3uf","forbidden-story"
"pilot_slot_049","10","1","launch-candidate:phase5h:5:geometry-lab:g35-geometry-composite-area-01-8grgur","phase5h:5:geometry-lab:g35-geometry-composite-area-01-8grgur","geometry-lab"
"pilot_slot_049","10","1","launch-candidate:phase5h:8:logic-station:logic-schedule-possible-01-mssrym","phase5h:8:logic-station:logic-schedule-possible-01-mssrym","logic-station"
"pilot_slot_049","10","2","launch-candidate:phase5h:8:meaning-hunt:meaning-isik-tutmak-01-aq5911","phase5h:8:meaning-hunt:meaning-isik-tutmak-01-aq5911","meaning-hunt"
"pilot_slot_049","10","2","launch-candidate:phase5h:7:olympiad-ladder:olympiad-pigeonhole-remainder-01-144voa7","phase5h:7:olympiad-ladder:olympiad-pigeonhole-remainder-01-144voa7","olympiad-ladder"
"pilot_slot_049","10","2","launch-candidate:phase5h:8:paragraph-detective:tr-main-idea-01-122remb","phase5h:8:paragraph-detective:tr-main-idea-01-122remb","paragraph-detective"
"pilot_slot_049","10","2","launch-candidate:phase5h:7:pattern-lab:pattern-matchsticks-01-jmob3w","phase5h:7:pattern-lab:pattern-matchsticks-01-jmob3w","pattern-lab"
"pilot_slot_049","10","2","launch-candidate:phase5h:8:problem-hunter:g8-linear-tank-01","phase5h:8:problem-hunter:g8-linear-tank-01","problem-hunter"
"pilot_slot_049","10","2","launch-candidate:phase5h:5:religion-practice:g5-ihlas-meaning-01","phase5h:5:religion-practice:g5-ihlas-meaning-01","religion-practice"
"pilot_slot_049","10","3","launch-candidate:phase5h:5:science-lab:g5-conductor-evidence-01","phase5h:5:science-lab:g5-conductor-evidence-01","science-lab"
"pilot_slot_049","10","3","launch-candidate:phase5h:8:science-reasoning:g8-photosynthesis-light-01","phase5h:8:science-reasoning:g8-photosynthesis-light-01","science-reasoning"
"pilot_slot_049","10","3","launch-candidate:phase5h:7:social-citizenship:g7-accessibility-equality-01","phase5h:7:social-citizenship:g7-accessibility-equality-01","social-citizenship"
"pilot_slot_049","10","3","launch-candidate:phase5h:6:social-map-skills:g6-relative-location-01","phase5h:6:social-map-skills:g6-relative-location-01","social-map-skills"
"pilot_slot_049","10","3","launch-candidate:phase5h:5:social-time-travel:g5-first-settlements-evidence-01","phase5h:5:social-time-travel:g5-first-settlements-evidence-01","social-time-travel"
"pilot_slot_049","10","3","launch-candidate:phase5h:5:target-number:target-number-premium-03-287srg","phase5h:5:target-number:target-number-premium-03-287srg","target-number"
"pilot_slot_049","10","4","launch-candidate:phase5h:6:word-ladder:ladder-nar-kol-01-1ti8nxf","phase5h:6:word-ladder:ladder-nar-kol-01-1ti8nxf","word-ladder"
"pilot_slot_049","10","4","launch-candidate:phase5h:5:word-mine:word-mine-premium-05-scc0je","phase5h:5:word-mine:word-mine-premium-05-scc0je","word-mine"
"pilot_slot_049","10","4","launch-candidate:phase5h:6:religion-practice:g6-truthfulness-01","phase5h:6:religion-practice:g6-truthfulness-01","religion-practice"
"pilot_slot_049","10","4","launch-candidate:phase5h:7:science-lab:science-ecosystem-chain-01-1gv13n3","phase5h:7:science-lab:science-ecosystem-chain-01-1gv13n3","science-lab"
"pilot_slot_049","10","4","launch-candidate:phase5h:7:religion-practice:g7-belief-behaviour-01","phase5h:7:religion-practice:g7-belief-behaviour-01","religion-practice"
"pilot_slot_049","10","4","launch-candidate:phase5h:8:religion-practice:religion-help-dignity-01-1sq4xqq","phase5h:8:religion-practice:religion-help-dignity-01-1sq4xqq","religion-practice"
"pilot_slot_050","10","1","launch-candidate:phase5h:6:english-cloze:eng-cloze-cause-result-01-19phl4r","phase5h:6:english-cloze:eng-cloze-cause-result-01-19phl4r","english-cloze"
"pilot_slot_050","10","1","launch-candidate:phase5h:7:english-sentence-builder:order-if-finish-01-11i74e","phase5h:7:english-sentence-builder:order-if-finish-01-11i74e","english-sentence-builder"
"pilot_slot_050","10","1","launch-candidate:phase5h:5:english-vocabulary:g35-en-vocab-protect-01-18is450","phase5h:5:english-vocabulary:g35-en-vocab-protect-01-18is450","english-vocabulary"
"pilot_slot_050","10","1","launch-candidate:phase5h:6:error-detective:math-equation-error-01-nl452y","phase5h:6:error-detective:math-equation-error-01-nl452y","error-detective"
"pilot_slot_050","10","1","launch-candidate:phase5h:5:geometry-lab:g35-geometry-composite-area-01-8grgur","phase5h:5:geometry-lab:g35-geometry-composite-area-01-8grgur","geometry-lab"
"pilot_slot_050","10","1","launch-candidate:phase5h:8:lgs-foundation:lgs-probability-bag-01-10u5ryk","phase5h:8:lgs-foundation:lgs-probability-bag-01-10u5ryk","lgs-foundation"
"pilot_slot_050","10","2","launch-candidate:phase5h:8:logic-station:logic-schedule-possible-01-mssrym","phase5h:8:logic-station:logic-schedule-possible-01-mssrym","logic-station"
"pilot_slot_050","10","2","launch-candidate:phase5h:8:meaning-hunt:meaning-isik-tutmak-01-aq5911","phase5h:8:meaning-hunt:meaning-isik-tutmak-01-aq5911","meaning-hunt"
"pilot_slot_050","10","2","launch-candidate:phase5h:7:pattern-lab:pattern-matchsticks-01-jmob3w","phase5h:7:pattern-lab:pattern-matchsticks-01-jmob3w","pattern-lab"
"pilot_slot_050","10","2","launch-candidate:phase5h:8:problem-hunter:g8-linear-tank-01","phase5h:8:problem-hunter:g8-linear-tank-01","problem-hunter"
"pilot_slot_050","10","2","launch-candidate:phase5h:6:religion-practice:g6-truthfulness-01","phase5h:6:religion-practice:g6-truthfulness-01","religion-practice"
"pilot_slot_050","10","2","launch-candidate:phase5h:5:science-lab:g5-conductor-evidence-01","phase5h:5:science-lab:g5-conductor-evidence-01","science-lab"
"pilot_slot_050","10","3","launch-candidate:phase5h:6:science-reasoning:g6-bulb-brightness-variable-01","phase5h:6:science-reasoning:g6-bulb-brightness-variable-01","science-reasoning"
"pilot_slot_050","10","3","launch-candidate:phase5h:7:social-citizenship:g7-accessibility-equality-01","phase5h:7:social-citizenship:g7-accessibility-equality-01","social-citizenship"
"pilot_slot_050","10","3","launch-candidate:phase5h:5:social-time-travel:g5-first-settlements-evidence-01","phase5h:5:social-time-travel:g5-first-settlements-evidence-01","social-time-travel"
"pilot_slot_050","10","3","launch-candidate:phase5h:6:speed-math:speed-percent-sale-01-y9orlf","phase5h:6:speed-math:speed-percent-sale-01-y9orlf","speed-math"
"pilot_slot_050","10","3","launch-candidate:phase5h:5:target-number:target-number-premium-03-287srg","phase5h:5:target-number:target-number-premium-03-287srg","target-number"
"pilot_slot_050","10","3","launch-candidate:phase5h:6:word-ladder:ladder-nar-kol-01-1ti8nxf","phase5h:6:word-ladder:ladder-nar-kol-01-1ti8nxf","word-ladder"
"pilot_slot_050","10","4","launch-candidate:phase5h:5:word-mine:word-mine-premium-05-scc0je","phase5h:5:word-mine:word-mine-premium-05-scc0je","word-mine"
"pilot_slot_050","10","4","launch-candidate:phase5h:8:english-vocabulary:english-vocab-context-12-1jd1pbt","phase5h:8:english-vocabulary:english-vocab-context-12-1jd1pbt","english-vocabulary"
"pilot_slot_050","10","4","launch-candidate:phase5h:8:religion-practice:religion-help-dignity-01-1sq4xqq","phase5h:8:religion-practice:religion-help-dignity-01-1sq4xqq","religion-practice"
"pilot_slot_050","10","4","launch-candidate:phase5h:7:science-lab:science-ecosystem-chain-01-1gv13n3","phase5h:7:science-lab:science-ecosystem-chain-01-1gv13n3","science-lab"
"pilot_slot_050","10","4","launch-candidate:phase5h:8:science-reasoning:g8-photosynthesis-light-01","phase5h:8:science-reasoning:g8-photosynthesis-light-01","science-reasoning"
"pilot_slot_050","10","4","launch-candidate:phase5h:8:social-time-travel:g8-national-struggle-source-01","phase5h:8:social-time-travel:g8-national-struggle-source-01","social-time-travel"
"pilot_slot_051","11","1","launch-candidate:phase5h:6:english-cloze:eng-cloze-cause-result-01-19phl4r","phase5h:6:english-cloze:eng-cloze-cause-result-01-19phl4r","english-cloze"
"pilot_slot_051","11","1","launch-candidate:phase5h:5:english-vocabulary:g35-en-vocab-protect-01-18is450","phase5h:5:english-vocabulary:g35-en-vocab-protect-01-18is450","english-vocabulary"
"pilot_slot_051","11","1","launch-candidate:phase5h:7:forbidden-story:story-forbidden-u-01-1ujd3uf","phase5h:7:forbidden-story:story-forbidden-u-01-1ujd3uf","forbidden-story"
"pilot_slot_051","11","1","launch-candidate:phase5h:5:geometry-lab:g35-geometry-composite-area-01-8grgur","phase5h:5:geometry-lab:g35-geometry-composite-area-01-8grgur","geometry-lab"
"pilot_slot_051","11","1","launch-candidate:phase5h:8:lgs-foundation:lgs-probability-bag-01-10u5ryk","phase5h:8:lgs-foundation:lgs-probability-bag-01-10u5ryk","lgs-foundation"
"pilot_slot_051","11","1","launch-candidate:phase5h:8:logic-station:logic-schedule-possible-01-mssrym","phase5h:8:logic-station:logic-schedule-possible-01-mssrym","logic-station"
"pilot_slot_051","11","2","launch-candidate:phase5h:8:meaning-hunt:meaning-isik-tutmak-01-aq5911","phase5h:8:meaning-hunt:meaning-isik-tutmak-01-aq5911","meaning-hunt"
"pilot_slot_051","11","2","launch-candidate:phase5h:7:olympiad-ladder:olympiad-pigeonhole-remainder-01-144voa7","phase5h:7:olympiad-ladder:olympiad-pigeonhole-remainder-01-144voa7","olympiad-ladder"
"pilot_slot_051","11","2","launch-candidate:phase5h:8:paragraph-detective:tr-main-idea-01-122remb","phase5h:8:paragraph-detective:tr-main-idea-01-122remb","paragraph-detective"
"pilot_slot_051","11","2","launch-candidate:phase5h:7:pattern-lab:pattern-matchsticks-01-jmob3w","phase5h:7:pattern-lab:pattern-matchsticks-01-jmob3w","pattern-lab"
"pilot_slot_051","11","2","launch-candidate:phase5h:5:religion-practice:g5-ihlas-meaning-01","phase5h:5:religion-practice:g5-ihlas-meaning-01","religion-practice"
"pilot_slot_051","11","2","launch-candidate:phase5h:5:science-lab:g5-conductor-evidence-01","phase5h:5:science-lab:g5-conductor-evidence-01","science-lab"
"pilot_slot_051","11","3","launch-candidate:phase5h:6:science-reasoning:g6-bulb-brightness-variable-01","phase5h:6:science-reasoning:g6-bulb-brightness-variable-01","science-reasoning"
"pilot_slot_051","11","3","launch-candidate:phase5h:7:social-citizenship:g7-accessibility-equality-01","phase5h:7:social-citizenship:g7-accessibility-equality-01","social-citizenship"
"pilot_slot_051","11","3","launch-candidate:phase5h:6:social-map-skills:g6-relative-location-01","phase5h:6:social-map-skills:g6-relative-location-01","social-map-skills"
"pilot_slot_051","11","3","launch-candidate:phase5h:8:social-time-travel:g8-national-struggle-source-01","phase5h:8:social-time-travel:g8-national-struggle-source-01","social-time-travel"
"pilot_slot_051","11","3","launch-candidate:phase5h:6:speed-math:speed-percent-sale-01-y9orlf","phase5h:6:speed-math:speed-percent-sale-01-y9orlf","speed-math"
"pilot_slot_051","11","3","launch-candidate:phase5h:5:target-number:target-number-premium-03-287srg","phase5h:5:target-number:target-number-premium-03-287srg","target-number"
"pilot_slot_051","11","4","launch-candidate:phase5h:5:word-mine:word-mine-premium-05-scc0je","phase5h:5:word-mine:word-mine-premium-05-scc0je","word-mine"
"pilot_slot_051","11","4","launch-candidate:phase5h:8:english-vocabulary:english-vocab-context-12-1jd1pbt","phase5h:8:english-vocabulary:english-vocab-context-12-1jd1pbt","english-vocabulary"
"pilot_slot_051","11","4","launch-candidate:phase5h:6:religion-practice:g6-truthfulness-01","phase5h:6:religion-practice:g6-truthfulness-01","religion-practice"
"pilot_slot_051","11","4","launch-candidate:phase5h:7:science-lab:science-ecosystem-chain-01-1gv13n3","phase5h:7:science-lab:science-ecosystem-chain-01-1gv13n3","science-lab"
"pilot_slot_051","11","4","launch-candidate:phase5h:7:religion-practice:g7-belief-behaviour-01","phase5h:7:religion-practice:g7-belief-behaviour-01","religion-practice"
"pilot_slot_051","11","4","launch-candidate:phase5h:8:religion-practice:religion-help-dignity-01-1sq4xqq","phase5h:8:religion-practice:religion-help-dignity-01-1sq4xqq","religion-practice"
"pilot_slot_052","11","1","launch-candidate:phase5h:6:english-cloze:eng-cloze-cause-result-01-19phl4r","phase5h:6:english-cloze:eng-cloze-cause-result-01-19phl4r","english-cloze"
"pilot_slot_052","11","1","launch-candidate:phase5h:7:english-sentence-builder:order-if-finish-01-11i74e","phase5h:7:english-sentence-builder:order-if-finish-01-11i74e","english-sentence-builder"
"pilot_slot_052","11","1","launch-candidate:phase5h:8:english-vocabulary:english-vocab-context-12-1jd1pbt","phase5h:8:english-vocabulary:english-vocab-context-12-1jd1pbt","english-vocabulary"
"pilot_slot_052","11","1","launch-candidate:phase5h:6:error-detective:math-equation-error-01-nl452y","phase5h:6:error-detective:math-equation-error-01-nl452y","error-detective"
"pilot_slot_052","11","1","launch-candidate:phase5h:7:forbidden-story:story-forbidden-u-01-1ujd3uf","phase5h:7:forbidden-story:story-forbidden-u-01-1ujd3uf","forbidden-story"
"pilot_slot_052","11","1","launch-candidate:phase5h:5:geometry-lab:g35-geometry-composite-area-01-8grgur","phase5h:5:geometry-lab:g35-geometry-composite-area-01-8grgur","geometry-lab"
"pilot_slot_052","11","2","launch-candidate:phase5h:8:logic-station:logic-schedule-possible-01-mssrym","phase5h:8:logic-station:logic-schedule-possible-01-mssrym","logic-station"
"pilot_slot_052","11","2","launch-candidate:phase5h:8:meaning-hunt:meaning-isik-tutmak-01-aq5911","phase5h:8:meaning-hunt:meaning-isik-tutmak-01-aq5911","meaning-hunt"
"pilot_slot_052","11","2","launch-candidate:phase5h:7:olympiad-ladder:olympiad-pigeonhole-remainder-01-144voa7","phase5h:7:olympiad-ladder:olympiad-pigeonhole-remainder-01-144voa7","olympiad-ladder"
"pilot_slot_052","11","2","launch-candidate:phase5h:8:paragraph-detective:tr-main-idea-01-122remb","phase5h:8:paragraph-detective:tr-main-idea-01-122remb","paragraph-detective"
"pilot_slot_052","11","2","launch-candidate:phase5h:7:pattern-lab:pattern-matchsticks-01-jmob3w","phase5h:7:pattern-lab:pattern-matchsticks-01-jmob3w","pattern-lab"
"pilot_slot_052","11","2","launch-candidate:phase5h:8:problem-hunter:g8-linear-tank-01","phase5h:8:problem-hunter:g8-linear-tank-01","problem-hunter"
"pilot_slot_052","11","3","launch-candidate:phase5h:5:religion-practice:g5-ihlas-meaning-01","phase5h:5:religion-practice:g5-ihlas-meaning-01","religion-practice"
"pilot_slot_052","11","3","launch-candidate:phase5h:5:science-lab:g5-conductor-evidence-01","phase5h:5:science-lab:g5-conductor-evidence-01","science-lab"
"pilot_slot_052","11","3","launch-candidate:phase5h:8:science-reasoning:g8-photosynthesis-light-01","phase5h:8:science-reasoning:g8-photosynthesis-light-01","science-reasoning"
"pilot_slot_052","11","3","launch-candidate:phase5h:7:social-citizenship:g7-accessibility-equality-01","phase5h:7:social-citizenship:g7-accessibility-equality-01","social-citizenship"
"pilot_slot_052","11","3","launch-candidate:phase5h:6:social-map-skills:g6-relative-location-01","phase5h:6:social-map-skills:g6-relative-location-01","social-map-skills"
"pilot_slot_052","11","3","launch-candidate:phase5h:5:social-time-travel:g5-first-settlements-evidence-01","phase5h:5:social-time-travel:g5-first-settlements-evidence-01","social-time-travel"
"pilot_slot_052","11","4","launch-candidate:phase5h:5:target-number:target-number-premium-03-287srg","phase5h:5:target-number:target-number-premium-03-287srg","target-number"
"pilot_slot_052","11","4","launch-candidate:phase5h:6:word-ladder:ladder-nar-kol-01-1ti8nxf","phase5h:6:word-ladder:ladder-nar-kol-01-1ti8nxf","word-ladder"
"pilot_slot_052","11","4","launch-candidate:phase5h:5:word-mine:word-mine-premium-05-scc0je","phase5h:5:word-mine:word-mine-premium-05-scc0je","word-mine"
"pilot_slot_052","11","4","launch-candidate:phase5h:6:religion-practice:g6-truthfulness-01","phase5h:6:religion-practice:g6-truthfulness-01","religion-practice"
"pilot_slot_052","11","4","launch-candidate:phase5h:7:science-lab:science-ecosystem-chain-01-1gv13n3","phase5h:7:science-lab:science-ecosystem-chain-01-1gv13n3","science-lab"
"pilot_slot_052","11","4","launch-candidate:phase5h:8:religion-practice:religion-help-dignity-01-1sq4xqq","phase5h:8:religion-practice:religion-help-dignity-01-1sq4xqq","religion-practice"
"pilot_slot_053","11","1","launch-candidate:phase5h:6:english-cloze:eng-cloze-cause-result-01-19phl4r","phase5h:6:english-cloze:eng-cloze-cause-result-01-19phl4r","english-cloze"
"pilot_slot_053","11","1","launch-candidate:phase5h:7:english-sentence-builder:order-if-finish-01-11i74e","phase5h:7:english-sentence-builder:order-if-finish-01-11i74e","english-sentence-builder"
"pilot_slot_053","11","1","launch-candidate:phase5h:5:english-vocabulary:g35-en-vocab-protect-01-18is450","phase5h:5:english-vocabulary:g35-en-vocab-protect-01-18is450","english-vocabulary"
"pilot_slot_053","11","1","launch-candidate:phase5h:6:error-detective:math-equation-error-01-nl452y","phase5h:6:error-detective:math-equation-error-01-nl452y","error-detective"
"pilot_slot_053","11","1","launch-candidate:phase5h:8:lgs-foundation:lgs-probability-bag-01-10u5ryk","phase5h:8:lgs-foundation:lgs-probability-bag-01-10u5ryk","lgs-foundation"
"pilot_slot_053","11","1","launch-candidate:phase5h:8:logic-station:logic-schedule-possible-01-mssrym","phase5h:8:logic-station:logic-schedule-possible-01-mssrym","logic-station"
"pilot_slot_053","11","2","launch-candidate:phase5h:8:meaning-hunt:meaning-isik-tutmak-01-aq5911","phase5h:8:meaning-hunt:meaning-isik-tutmak-01-aq5911","meaning-hunt"
"pilot_slot_053","11","2","launch-candidate:phase5h:7:pattern-lab:pattern-matchsticks-01-jmob3w","phase5h:7:pattern-lab:pattern-matchsticks-01-jmob3w","pattern-lab"
"pilot_slot_053","11","2","launch-candidate:phase5h:8:problem-hunter:g8-linear-tank-01","phase5h:8:problem-hunter:g8-linear-tank-01","problem-hunter"
"pilot_slot_053","11","2","launch-candidate:phase5h:6:religion-practice:g6-truthfulness-01","phase5h:6:religion-practice:g6-truthfulness-01","religion-practice"
"pilot_slot_053","11","2","launch-candidate:phase5h:5:science-lab:g5-conductor-evidence-01","phase5h:5:science-lab:g5-conductor-evidence-01","science-lab"
"pilot_slot_053","11","2","launch-candidate:phase5h:6:science-reasoning:g6-bulb-brightness-variable-01","phase5h:6:science-reasoning:g6-bulb-brightness-variable-01","science-reasoning"
"pilot_slot_053","11","3","launch-candidate:phase5h:7:social-citizenship:g7-accessibility-equality-01","phase5h:7:social-citizenship:g7-accessibility-equality-01","social-citizenship"
"pilot_slot_053","11","3","launch-candidate:phase5h:5:social-time-travel:g5-first-settlements-evidence-01","phase5h:5:social-time-travel:g5-first-settlements-evidence-01","social-time-travel"
"pilot_slot_053","11","3","launch-candidate:phase5h:6:speed-math:speed-percent-sale-01-y9orlf","phase5h:6:speed-math:speed-percent-sale-01-y9orlf","speed-math"
"pilot_slot_053","11","3","launch-candidate:phase5h:5:target-number:target-number-premium-03-287srg","phase5h:5:target-number:target-number-premium-03-287srg","target-number"
"pilot_slot_053","11","3","launch-candidate:phase5h:6:word-ladder:ladder-nar-kol-01-1ti8nxf","phase5h:6:word-ladder:ladder-nar-kol-01-1ti8nxf","word-ladder"
"pilot_slot_053","11","3","launch-candidate:phase5h:5:word-mine:word-mine-premium-05-scc0je","phase5h:5:word-mine:word-mine-premium-05-scc0je","word-mine"
"pilot_slot_053","11","4","launch-candidate:phase5h:8:english-vocabulary:english-vocab-context-12-1jd1pbt","phase5h:8:english-vocabulary:english-vocab-context-12-1jd1pbt","english-vocabulary"
"pilot_slot_053","11","4","launch-candidate:phase5h:7:religion-practice:g7-belief-behaviour-01","phase5h:7:religion-practice:g7-belief-behaviour-01","religion-practice"
"pilot_slot_053","11","4","launch-candidate:phase5h:7:science-lab:science-ecosystem-chain-01-1gv13n3","phase5h:7:science-lab:science-ecosystem-chain-01-1gv13n3","science-lab"
"pilot_slot_053","11","4","launch-candidate:phase5h:8:science-reasoning:g8-photosynthesis-light-01","phase5h:8:science-reasoning:g8-photosynthesis-light-01","science-reasoning"
"pilot_slot_053","11","4","launch-candidate:phase5h:8:social-time-travel:g8-national-struggle-source-01","phase5h:8:social-time-travel:g8-national-struggle-source-01","social-time-travel"
"pilot_slot_053","11","4","launch-candidate:phase5h:8:religion-practice:religion-help-dignity-01-1sq4xqq","phase5h:8:religion-practice:religion-help-dignity-01-1sq4xqq","religion-practice"
"pilot_slot_054","11","1","launch-candidate:phase5h:7:english-sentence-builder:order-if-finish-01-11i74e","phase5h:7:english-sentence-builder:order-if-finish-01-11i74e","english-sentence-builder"
"pilot_slot_054","11","1","launch-candidate:phase5h:5:english-vocabulary:g35-en-vocab-protect-01-18is450","phase5h:5:english-vocabulary:g35-en-vocab-protect-01-18is450","english-vocabulary"
"pilot_slot_054","11","1","launch-candidate:phase5h:6:error-detective:math-equation-error-01-nl452y","phase5h:6:error-detective:math-equation-error-01-nl452y","error-detective"
"pilot_slot_054","11","1","launch-candidate:phase5h:7:forbidden-story:story-forbidden-u-01-1ujd3uf","phase5h:7:forbidden-story:story-forbidden-u-01-1ujd3uf","forbidden-story"
"pilot_slot_054","11","1","launch-candidate:phase5h:5:geometry-lab:g35-geometry-composite-area-01-8grgur","phase5h:5:geometry-lab:g35-geometry-composite-area-01-8grgur","geometry-lab"
"pilot_slot_054","11","1","launch-candidate:phase5h:8:lgs-foundation:lgs-probability-bag-01-10u5ryk","phase5h:8:lgs-foundation:lgs-probability-bag-01-10u5ryk","lgs-foundation"
"pilot_slot_054","11","2","launch-candidate:phase5h:8:logic-station:logic-schedule-possible-01-mssrym","phase5h:8:logic-station:logic-schedule-possible-01-mssrym","logic-station"
"pilot_slot_054","11","2","launch-candidate:phase5h:8:meaning-hunt:meaning-isik-tutmak-01-aq5911","phase5h:8:meaning-hunt:meaning-isik-tutmak-01-aq5911","meaning-hunt"
"pilot_slot_054","11","2","launch-candidate:phase5h:7:olympiad-ladder:olympiad-pigeonhole-remainder-01-144voa7","phase5h:7:olympiad-ladder:olympiad-pigeonhole-remainder-01-144voa7","olympiad-ladder"
"pilot_slot_054","11","2","launch-candidate:phase5h:8:paragraph-detective:tr-main-idea-01-122remb","phase5h:8:paragraph-detective:tr-main-idea-01-122remb","paragraph-detective"
"pilot_slot_054","11","2","launch-candidate:phase5h:8:problem-hunter:g8-linear-tank-01","phase5h:8:problem-hunter:g8-linear-tank-01","problem-hunter"
"pilot_slot_054","11","2","launch-candidate:phase5h:5:religion-practice:g5-ihlas-meaning-01","phase5h:5:religion-practice:g5-ihlas-meaning-01","religion-practice"
"pilot_slot_054","11","3","launch-candidate:phase5h:6:science-reasoning:g6-bulb-brightness-variable-01","phase5h:6:science-reasoning:g6-bulb-brightness-variable-01","science-reasoning"
"pilot_slot_054","11","3","launch-candidate:phase5h:7:social-citizenship:g7-accessibility-equality-01","phase5h:7:social-citizenship:g7-accessibility-equality-01","social-citizenship"
"pilot_slot_054","11","3","launch-candidate:phase5h:6:social-map-skills:g6-relative-location-01","phase5h:6:social-map-skills:g6-relative-location-01","social-map-skills"
"pilot_slot_054","11","3","launch-candidate:phase5h:5:social-time-travel:g5-first-settlements-evidence-01","phase5h:5:social-time-travel:g5-first-settlements-evidence-01","social-time-travel"
"pilot_slot_054","11","3","launch-candidate:phase5h:6:speed-math:speed-percent-sale-01-y9orlf","phase5h:6:speed-math:speed-percent-sale-01-y9orlf","speed-math"
"pilot_slot_054","11","3","launch-candidate:phase5h:5:target-number:target-number-premium-03-287srg","phase5h:5:target-number:target-number-premium-03-287srg","target-number"
"pilot_slot_054","11","4","launch-candidate:phase5h:6:word-ladder:ladder-nar-kol-01-1ti8nxf","phase5h:6:word-ladder:ladder-nar-kol-01-1ti8nxf","word-ladder"
"pilot_slot_054","11","4","launch-candidate:phase5h:6:religion-practice:g6-truthfulness-01","phase5h:6:religion-practice:g6-truthfulness-01","religion-practice"
"pilot_slot_054","11","4","launch-candidate:phase5h:8:science-reasoning:g8-photosynthesis-light-01","phase5h:8:science-reasoning:g8-photosynthesis-light-01","science-reasoning"
"pilot_slot_054","11","4","launch-candidate:phase5h:8:social-time-travel:g8-national-struggle-source-01","phase5h:8:social-time-travel:g8-national-struggle-source-01","social-time-travel"
"pilot_slot_054","11","4","launch-candidate:phase5h:7:religion-practice:g7-belief-behaviour-01","phase5h:7:religion-practice:g7-belief-behaviour-01","religion-practice"
"pilot_slot_054","11","4","launch-candidate:phase5h:8:religion-practice:religion-help-dignity-01-1sq4xqq","phase5h:8:religion-practice:religion-help-dignity-01-1sq4xqq","religion-practice"
"pilot_slot_055","11","1","launch-candidate:phase5h:6:english-cloze:eng-cloze-cause-result-01-19phl4r","phase5h:6:english-cloze:eng-cloze-cause-result-01-19phl4r","english-cloze"
"pilot_slot_055","11","1","launch-candidate:phase5h:7:english-sentence-builder:order-if-finish-01-11i74e","phase5h:7:english-sentence-builder:order-if-finish-01-11i74e","english-sentence-builder"
"pilot_slot_055","11","1","launch-candidate:phase5h:5:english-vocabulary:g35-en-vocab-protect-01-18is450","phase5h:5:english-vocabulary:g35-en-vocab-protect-01-18is450","english-vocabulary"
"pilot_slot_055","11","1","launch-candidate:phase5h:6:error-detective:math-equation-error-01-nl452y","phase5h:6:error-detective:math-equation-error-01-nl452y","error-detective"
"pilot_slot_055","11","1","launch-candidate:phase5h:7:forbidden-story:story-forbidden-u-01-1ujd3uf","phase5h:7:forbidden-story:story-forbidden-u-01-1ujd3uf","forbidden-story"
"pilot_slot_055","11","1","launch-candidate:phase5h:5:geometry-lab:g35-geometry-composite-area-01-8grgur","phase5h:5:geometry-lab:g35-geometry-composite-area-01-8grgur","geometry-lab"
"pilot_slot_055","11","2","launch-candidate:phase5h:8:lgs-foundation:lgs-probability-bag-01-10u5ryk","phase5h:8:lgs-foundation:lgs-probability-bag-01-10u5ryk","lgs-foundation"
"pilot_slot_055","11","2","launch-candidate:phase5h:7:olympiad-ladder:olympiad-pigeonhole-remainder-01-144voa7","phase5h:7:olympiad-ladder:olympiad-pigeonhole-remainder-01-144voa7","olympiad-ladder"
"pilot_slot_055","11","2","launch-candidate:phase5h:8:paragraph-detective:tr-main-idea-01-122remb","phase5h:8:paragraph-detective:tr-main-idea-01-122remb","paragraph-detective"
"pilot_slot_055","11","2","launch-candidate:phase5h:7:pattern-lab:pattern-matchsticks-01-jmob3w","phase5h:7:pattern-lab:pattern-matchsticks-01-jmob3w","pattern-lab"
"pilot_slot_055","11","2","launch-candidate:phase5h:8:problem-hunter:g8-linear-tank-01","phase5h:8:problem-hunter:g8-linear-tank-01","problem-hunter"
"pilot_slot_055","11","2","launch-candidate:phase5h:5:religion-practice:g5-ihlas-meaning-01","phase5h:5:religion-practice:g5-ihlas-meaning-01","religion-practice"
"pilot_slot_055","11","3","launch-candidate:phase5h:5:science-lab:g5-conductor-evidence-01","phase5h:5:science-lab:g5-conductor-evidence-01","science-lab"
"pilot_slot_055","11","3","launch-candidate:phase5h:6:science-reasoning:g6-bulb-brightness-variable-01","phase5h:6:science-reasoning:g6-bulb-brightness-variable-01","science-reasoning"
"pilot_slot_055","11","3","launch-candidate:phase5h:6:social-map-skills:g6-relative-location-01","phase5h:6:social-map-skills:g6-relative-location-01","social-map-skills"
"pilot_slot_055","11","3","launch-candidate:phase5h:5:social-time-travel:g5-first-settlements-evidence-01","phase5h:5:social-time-travel:g5-first-settlements-evidence-01","social-time-travel"
"pilot_slot_055","11","3","launch-candidate:phase5h:6:speed-math:speed-percent-sale-01-y9orlf","phase5h:6:speed-math:speed-percent-sale-01-y9orlf","speed-math"
"pilot_slot_055","11","3","launch-candidate:phase5h:6:word-ladder:ladder-nar-kol-01-1ti8nxf","phase5h:6:word-ladder:ladder-nar-kol-01-1ti8nxf","word-ladder"
"pilot_slot_055","11","4","launch-candidate:phase5h:5:word-mine:word-mine-premium-05-scc0je","phase5h:5:word-mine:word-mine-premium-05-scc0je","word-mine"
"pilot_slot_055","11","4","launch-candidate:phase5h:8:english-vocabulary:english-vocab-context-12-1jd1pbt","phase5h:8:english-vocabulary:english-vocab-context-12-1jd1pbt","english-vocabulary"
"pilot_slot_055","11","4","launch-candidate:phase5h:7:religion-practice:g7-belief-behaviour-01","phase5h:7:religion-practice:g7-belief-behaviour-01","religion-practice"
"pilot_slot_055","11","4","launch-candidate:phase5h:7:science-lab:science-ecosystem-chain-01-1gv13n3","phase5h:7:science-lab:science-ecosystem-chain-01-1gv13n3","science-lab"
"pilot_slot_055","11","4","launch-candidate:phase5h:8:science-reasoning:g8-photosynthesis-light-01","phase5h:8:science-reasoning:g8-photosynthesis-light-01","science-reasoning"
"pilot_slot_055","11","4","launch-candidate:phase5h:8:social-time-travel:g8-national-struggle-source-01","phase5h:8:social-time-travel:g8-national-struggle-source-01","social-time-travel"
"pilot_slot_056","12","1","launch-candidate:phase5h:6:english-cloze:eng-cloze-cause-result-01-19phl4r","phase5h:6:english-cloze:eng-cloze-cause-result-01-19phl4r","english-cloze"
"pilot_slot_056","12","1","launch-candidate:phase5h:7:english-sentence-builder:order-if-finish-01-11i74e","phase5h:7:english-sentence-builder:order-if-finish-01-11i74e","english-sentence-builder"
"pilot_slot_056","12","1","launch-candidate:phase5h:5:english-vocabulary:g35-en-vocab-protect-01-18is450","phase5h:5:english-vocabulary:g35-en-vocab-protect-01-18is450","english-vocabulary"
"pilot_slot_056","12","1","launch-candidate:phase5h:6:error-detective:math-equation-error-01-nl452y","phase5h:6:error-detective:math-equation-error-01-nl452y","error-detective"
"pilot_slot_056","12","1","launch-candidate:phase5h:8:lgs-foundation:lgs-probability-bag-01-10u5ryk","phase5h:8:lgs-foundation:lgs-probability-bag-01-10u5ryk","lgs-foundation"
"pilot_slot_056","12","1","launch-candidate:phase5h:8:logic-station:logic-schedule-possible-01-mssrym","phase5h:8:logic-station:logic-schedule-possible-01-mssrym","logic-station"
"pilot_slot_056","12","2","launch-candidate:phase5h:8:meaning-hunt:meaning-isik-tutmak-01-aq5911","phase5h:8:meaning-hunt:meaning-isik-tutmak-01-aq5911","meaning-hunt"
"pilot_slot_056","12","2","launch-candidate:phase5h:8:paragraph-detective:tr-main-idea-01-122remb","phase5h:8:paragraph-detective:tr-main-idea-01-122remb","paragraph-detective"
"pilot_slot_056","12","2","launch-candidate:phase5h:7:pattern-lab:pattern-matchsticks-01-jmob3w","phase5h:7:pattern-lab:pattern-matchsticks-01-jmob3w","pattern-lab"
"pilot_slot_056","12","2","launch-candidate:phase5h:8:problem-hunter:g8-linear-tank-01","phase5h:8:problem-hunter:g8-linear-tank-01","problem-hunter"
"pilot_slot_056","12","2","launch-candidate:phase5h:6:religion-practice:g6-truthfulness-01","phase5h:6:religion-practice:g6-truthfulness-01","religion-practice"
"pilot_slot_056","12","2","launch-candidate:phase5h:5:science-lab:g5-conductor-evidence-01","phase5h:5:science-lab:g5-conductor-evidence-01","science-lab"
"pilot_slot_056","12","3","launch-candidate:phase5h:6:science-reasoning:g6-bulb-brightness-variable-01","phase5h:6:science-reasoning:g6-bulb-brightness-variable-01","science-reasoning"
"pilot_slot_056","12","3","launch-candidate:phase5h:7:social-citizenship:g7-accessibility-equality-01","phase5h:7:social-citizenship:g7-accessibility-equality-01","social-citizenship"
"pilot_slot_056","12","3","launch-candidate:phase5h:5:social-time-travel:g5-first-settlements-evidence-01","phase5h:5:social-time-travel:g5-first-settlements-evidence-01","social-time-travel"
"pilot_slot_056","12","3","launch-candidate:phase5h:6:speed-math:speed-percent-sale-01-y9orlf","phase5h:6:speed-math:speed-percent-sale-01-y9orlf","speed-math"
"pilot_slot_056","12","3","launch-candidate:phase5h:5:target-number:target-number-premium-03-287srg","phase5h:5:target-number:target-number-premium-03-287srg","target-number"
"pilot_slot_056","12","3","launch-candidate:phase5h:6:word-ladder:ladder-nar-kol-01-1ti8nxf","phase5h:6:word-ladder:ladder-nar-kol-01-1ti8nxf","word-ladder"
"pilot_slot_056","12","4","launch-candidate:phase5h:5:word-mine:word-mine-premium-05-scc0je","phase5h:5:word-mine:word-mine-premium-05-scc0je","word-mine"
"pilot_slot_056","12","4","launch-candidate:phase5h:7:religion-practice:g7-belief-behaviour-01","phase5h:7:religion-practice:g7-belief-behaviour-01","religion-practice"
"pilot_slot_056","12","4","launch-candidate:phase5h:7:science-lab:science-ecosystem-chain-01-1gv13n3","phase5h:7:science-lab:science-ecosystem-chain-01-1gv13n3","science-lab"
"pilot_slot_056","12","4","launch-candidate:phase5h:8:science-reasoning:g8-photosynthesis-light-01","phase5h:8:science-reasoning:g8-photosynthesis-light-01","science-reasoning"
"pilot_slot_056","12","4","launch-candidate:phase5h:8:social-time-travel:g8-national-struggle-source-01","phase5h:8:social-time-travel:g8-national-struggle-source-01","social-time-travel"
"pilot_slot_056","12","4","launch-candidate:phase5h:8:religion-practice:religion-help-dignity-01-1sq4xqq","phase5h:8:religion-practice:religion-help-dignity-01-1sq4xqq","religion-practice"
"pilot_slot_057","12","1","launch-candidate:phase5h:7:english-sentence-builder:order-if-finish-01-11i74e","phase5h:7:english-sentence-builder:order-if-finish-01-11i74e","english-sentence-builder"
"pilot_slot_057","12","1","launch-candidate:phase5h:5:english-vocabulary:g35-en-vocab-protect-01-18is450","phase5h:5:english-vocabulary:g35-en-vocab-protect-01-18is450","english-vocabulary"
"pilot_slot_057","12","1","launch-candidate:phase5h:6:error-detective:math-equation-error-01-nl452y","phase5h:6:error-detective:math-equation-error-01-nl452y","error-detective"
"pilot_slot_057","12","1","launch-candidate:phase5h:7:forbidden-story:story-forbidden-u-01-1ujd3uf","phase5h:7:forbidden-story:story-forbidden-u-01-1ujd3uf","forbidden-story"
"pilot_slot_057","12","1","launch-candidate:phase5h:5:geometry-lab:g35-geometry-composite-area-01-8grgur","phase5h:5:geometry-lab:g35-geometry-composite-area-01-8grgur","geometry-lab"
"pilot_slot_057","12","1","launch-candidate:phase5h:8:lgs-foundation:lgs-probability-bag-01-10u5ryk","phase5h:8:lgs-foundation:lgs-probability-bag-01-10u5ryk","lgs-foundation"
"pilot_slot_057","12","2","launch-candidate:phase5h:8:logic-station:logic-schedule-possible-01-mssrym","phase5h:8:logic-station:logic-schedule-possible-01-mssrym","logic-station"
"pilot_slot_057","12","2","launch-candidate:phase5h:8:meaning-hunt:meaning-isik-tutmak-01-aq5911","phase5h:8:meaning-hunt:meaning-isik-tutmak-01-aq5911","meaning-hunt"
"pilot_slot_057","12","2","launch-candidate:phase5h:7:olympiad-ladder:olympiad-pigeonhole-remainder-01-144voa7","phase5h:7:olympiad-ladder:olympiad-pigeonhole-remainder-01-144voa7","olympiad-ladder"
"pilot_slot_057","12","2","launch-candidate:phase5h:8:paragraph-detective:tr-main-idea-01-122remb","phase5h:8:paragraph-detective:tr-main-idea-01-122remb","paragraph-detective"
"pilot_slot_057","12","2","launch-candidate:phase5h:8:problem-hunter:g8-linear-tank-01","phase5h:8:problem-hunter:g8-linear-tank-01","problem-hunter"
"pilot_slot_057","12","2","launch-candidate:phase5h:5:religion-practice:g5-ihlas-meaning-01","phase5h:5:religion-practice:g5-ihlas-meaning-01","religion-practice"
"pilot_slot_057","12","3","launch-candidate:phase5h:6:science-reasoning:g6-bulb-brightness-variable-01","phase5h:6:science-reasoning:g6-bulb-brightness-variable-01","science-reasoning"
"pilot_slot_057","12","3","launch-candidate:phase5h:7:social-citizenship:g7-accessibility-equality-01","phase5h:7:social-citizenship:g7-accessibility-equality-01","social-citizenship"
"pilot_slot_057","12","3","launch-candidate:phase5h:6:social-map-skills:g6-relative-location-01","phase5h:6:social-map-skills:g6-relative-location-01","social-map-skills"
"pilot_slot_057","12","3","launch-candidate:phase5h:5:social-time-travel:g5-first-settlements-evidence-01","phase5h:5:social-time-travel:g5-first-settlements-evidence-01","social-time-travel"
"pilot_slot_057","12","3","launch-candidate:phase5h:6:speed-math:speed-percent-sale-01-y9orlf","phase5h:6:speed-math:speed-percent-sale-01-y9orlf","speed-math"
"pilot_slot_057","12","3","launch-candidate:phase5h:5:target-number:target-number-premium-03-287srg","phase5h:5:target-number:target-number-premium-03-287srg","target-number"
"pilot_slot_057","12","4","launch-candidate:phase5h:6:word-ladder:ladder-nar-kol-01-1ti8nxf","phase5h:6:word-ladder:ladder-nar-kol-01-1ti8nxf","word-ladder"
"pilot_slot_057","12","4","launch-candidate:phase5h:8:english-vocabulary:english-vocab-context-12-1jd1pbt","phase5h:8:english-vocabulary:english-vocab-context-12-1jd1pbt","english-vocabulary"
"pilot_slot_057","12","4","launch-candidate:phase5h:6:religion-practice:g6-truthfulness-01","phase5h:6:religion-practice:g6-truthfulness-01","religion-practice"
"pilot_slot_057","12","4","launch-candidate:phase5h:8:science-reasoning:g8-photosynthesis-light-01","phase5h:8:science-reasoning:g8-photosynthesis-light-01","science-reasoning"
"pilot_slot_057","12","4","launch-candidate:phase5h:8:social-time-travel:g8-national-struggle-source-01","phase5h:8:social-time-travel:g8-national-struggle-source-01","social-time-travel"
"pilot_slot_057","12","4","launch-candidate:phase5h:7:religion-practice:g7-belief-behaviour-01","phase5h:7:religion-practice:g7-belief-behaviour-01","religion-practice"
"pilot_slot_058","12","1","launch-candidate:phase5h:6:english-cloze:eng-cloze-cause-result-01-19phl4r","phase5h:6:english-cloze:eng-cloze-cause-result-01-19phl4r","english-cloze"
"pilot_slot_058","12","1","launch-candidate:phase5h:7:english-sentence-builder:order-if-finish-01-11i74e","phase5h:7:english-sentence-builder:order-if-finish-01-11i74e","english-sentence-builder"
"pilot_slot_058","12","1","launch-candidate:phase5h:5:english-vocabulary:g35-en-vocab-protect-01-18is450","phase5h:5:english-vocabulary:g35-en-vocab-protect-01-18is450","english-vocabulary"
"pilot_slot_058","12","1","launch-candidate:phase5h:7:forbidden-story:story-forbidden-u-01-1ujd3uf","phase5h:7:forbidden-story:story-forbidden-u-01-1ujd3uf","forbidden-story"
"pilot_slot_058","12","1","launch-candidate:phase5h:5:geometry-lab:g35-geometry-composite-area-01-8grgur","phase5h:5:geometry-lab:g35-geometry-composite-area-01-8grgur","geometry-lab"
"pilot_slot_058","12","1","launch-candidate:phase5h:8:lgs-foundation:lgs-probability-bag-01-10u5ryk","phase5h:8:lgs-foundation:lgs-probability-bag-01-10u5ryk","lgs-foundation"
"pilot_slot_058","12","2","launch-candidate:phase5h:7:olympiad-ladder:olympiad-pigeonhole-remainder-01-144voa7","phase5h:7:olympiad-ladder:olympiad-pigeonhole-remainder-01-144voa7","olympiad-ladder"
"pilot_slot_058","12","2","launch-candidate:phase5h:8:paragraph-detective:tr-main-idea-01-122remb","phase5h:8:paragraph-detective:tr-main-idea-01-122remb","paragraph-detective"
"pilot_slot_058","12","2","launch-candidate:phase5h:7:pattern-lab:pattern-matchsticks-01-jmob3w","phase5h:7:pattern-lab:pattern-matchsticks-01-jmob3w","pattern-lab"
"pilot_slot_058","12","2","launch-candidate:phase5h:8:problem-hunter:g8-linear-tank-01","phase5h:8:problem-hunter:g8-linear-tank-01","problem-hunter"
"pilot_slot_058","12","2","launch-candidate:phase5h:5:religion-practice:g5-ihlas-meaning-01","phase5h:5:religion-practice:g5-ihlas-meaning-01","religion-practice"
"pilot_slot_058","12","2","launch-candidate:phase5h:5:science-lab:g5-conductor-evidence-01","phase5h:5:science-lab:g5-conductor-evidence-01","science-lab"
"pilot_slot_058","12","3","launch-candidate:phase5h:6:science-reasoning:g6-bulb-brightness-variable-01","phase5h:6:science-reasoning:g6-bulb-brightness-variable-01","science-reasoning"
"pilot_slot_058","12","3","launch-candidate:phase5h:6:social-map-skills:g6-relative-location-01","phase5h:6:social-map-skills:g6-relative-location-01","social-map-skills"
"pilot_slot_058","12","3","launch-candidate:phase5h:5:social-time-travel:g5-first-settlements-evidence-01","phase5h:5:social-time-travel:g5-first-settlements-evidence-01","social-time-travel"
"pilot_slot_058","12","3","launch-candidate:phase5h:6:speed-math:speed-percent-sale-01-y9orlf","phase5h:6:speed-math:speed-percent-sale-01-y9orlf","speed-math"
"pilot_slot_058","12","3","launch-candidate:phase5h:6:word-ladder:ladder-nar-kol-01-1ti8nxf","phase5h:6:word-ladder:ladder-nar-kol-01-1ti8nxf","word-ladder"
"pilot_slot_058","12","3","launch-candidate:phase5h:5:word-mine:word-mine-premium-05-scc0je","phase5h:5:word-mine:word-mine-premium-05-scc0je","word-mine"
"pilot_slot_058","12","4","launch-candidate:phase5h:8:english-vocabulary:english-vocab-context-12-1jd1pbt","phase5h:8:english-vocabulary:english-vocab-context-12-1jd1pbt","english-vocabulary"
"pilot_slot_058","12","4","launch-candidate:phase5h:7:religion-practice:g7-belief-behaviour-01","phase5h:7:religion-practice:g7-belief-behaviour-01","religion-practice"
"pilot_slot_058","12","4","launch-candidate:phase5h:7:science-lab:science-ecosystem-chain-01-1gv13n3","phase5h:7:science-lab:science-ecosystem-chain-01-1gv13n3","science-lab"
"pilot_slot_058","12","4","launch-candidate:phase5h:8:science-reasoning:g8-photosynthesis-light-01","phase5h:8:science-reasoning:g8-photosynthesis-light-01","science-reasoning"
"pilot_slot_058","12","4","launch-candidate:phase5h:8:social-time-travel:g8-national-struggle-source-01","phase5h:8:social-time-travel:g8-national-struggle-source-01","social-time-travel"
"pilot_slot_058","12","4","launch-candidate:phase5h:8:religion-practice:religion-help-dignity-01-1sq4xqq","phase5h:8:religion-practice:religion-help-dignity-01-1sq4xqq","religion-practice"
"pilot_slot_059","12","1","launch-candidate:phase5h:6:english-cloze:eng-cloze-cause-result-01-19phl4r","phase5h:6:english-cloze:eng-cloze-cause-result-01-19phl4r","english-cloze"
"pilot_slot_059","12","1","launch-candidate:phase5h:5:english-vocabulary:g35-en-vocab-protect-01-18is450","phase5h:5:english-vocabulary:g35-en-vocab-protect-01-18is450","english-vocabulary"
"pilot_slot_059","12","1","launch-candidate:phase5h:6:error-detective:math-equation-error-01-nl452y","phase5h:6:error-detective:math-equation-error-01-nl452y","error-detective"
"pilot_slot_059","12","1","launch-candidate:phase5h:7:forbidden-story:story-forbidden-u-01-1ujd3uf","phase5h:7:forbidden-story:story-forbidden-u-01-1ujd3uf","forbidden-story"
"pilot_slot_059","12","1","launch-candidate:phase5h:5:geometry-lab:g35-geometry-composite-area-01-8grgur","phase5h:5:geometry-lab:g35-geometry-composite-area-01-8grgur","geometry-lab"
"pilot_slot_059","12","1","launch-candidate:phase5h:8:lgs-foundation:lgs-probability-bag-01-10u5ryk","phase5h:8:lgs-foundation:lgs-probability-bag-01-10u5ryk","lgs-foundation"
"pilot_slot_059","12","2","launch-candidate:phase5h:8:logic-station:logic-schedule-possible-01-mssrym","phase5h:8:logic-station:logic-schedule-possible-01-mssrym","logic-station"
"pilot_slot_059","12","2","launch-candidate:phase5h:8:meaning-hunt:meaning-isik-tutmak-01-aq5911","phase5h:8:meaning-hunt:meaning-isik-tutmak-01-aq5911","meaning-hunt"
"pilot_slot_059","12","2","launch-candidate:phase5h:7:olympiad-ladder:olympiad-pigeonhole-remainder-01-144voa7","phase5h:7:olympiad-ladder:olympiad-pigeonhole-remainder-01-144voa7","olympiad-ladder"
"pilot_slot_059","12","2","launch-candidate:phase5h:8:paragraph-detective:tr-main-idea-01-122remb","phase5h:8:paragraph-detective:tr-main-idea-01-122remb","paragraph-detective"
"pilot_slot_059","12","2","launch-candidate:phase5h:7:pattern-lab:pattern-matchsticks-01-jmob3w","phase5h:7:pattern-lab:pattern-matchsticks-01-jmob3w","pattern-lab"
"pilot_slot_059","12","2","launch-candidate:phase5h:5:religion-practice:g5-ihlas-meaning-01","phase5h:5:religion-practice:g5-ihlas-meaning-01","religion-practice"
"pilot_slot_059","12","3","launch-candidate:phase5h:5:science-lab:g5-conductor-evidence-01","phase5h:5:science-lab:g5-conductor-evidence-01","science-lab"
"pilot_slot_059","12","3","launch-candidate:phase5h:7:social-citizenship:g7-accessibility-equality-01","phase5h:7:social-citizenship:g7-accessibility-equality-01","social-citizenship"
"pilot_slot_059","12","3","launch-candidate:phase5h:6:social-map-skills:g6-relative-location-01","phase5h:6:social-map-skills:g6-relative-location-01","social-map-skills"
"pilot_slot_059","12","3","launch-candidate:phase5h:8:social-time-travel:g8-national-struggle-source-01","phase5h:8:social-time-travel:g8-national-struggle-source-01","social-time-travel"
"pilot_slot_059","12","3","launch-candidate:phase5h:6:speed-math:speed-percent-sale-01-y9orlf","phase5h:6:speed-math:speed-percent-sale-01-y9orlf","speed-math"
"pilot_slot_059","12","3","launch-candidate:phase5h:5:target-number:target-number-premium-03-287srg","phase5h:5:target-number:target-number-premium-03-287srg","target-number"
"pilot_slot_059","12","4","launch-candidate:phase5h:5:word-mine:word-mine-premium-05-scc0je","phase5h:5:word-mine:word-mine-premium-05-scc0je","word-mine"
"pilot_slot_059","12","4","launch-candidate:phase5h:8:english-vocabulary:english-vocab-context-12-1jd1pbt","phase5h:8:english-vocabulary:english-vocab-context-12-1jd1pbt","english-vocabulary"
"pilot_slot_059","12","4","launch-candidate:phase5h:6:religion-practice:g6-truthfulness-01","phase5h:6:religion-practice:g6-truthfulness-01","religion-practice"
"pilot_slot_059","12","4","launch-candidate:phase5h:7:science-lab:science-ecosystem-chain-01-1gv13n3","phase5h:7:science-lab:science-ecosystem-chain-01-1gv13n3","science-lab"
"pilot_slot_059","12","4","launch-candidate:phase5h:7:religion-practice:g7-belief-behaviour-01","phase5h:7:religion-practice:g7-belief-behaviour-01","religion-practice"
"pilot_slot_059","12","4","launch-candidate:phase5h:8:religion-practice:religion-help-dignity-01-1sq4xqq","phase5h:8:religion-practice:religion-help-dignity-01-1sq4xqq","religion-practice"
"pilot_slot_060","12","1","launch-candidate:phase5h:6:english-cloze:eng-cloze-cause-result-01-19phl4r","phase5h:6:english-cloze:eng-cloze-cause-result-01-19phl4r","english-cloze"
"pilot_slot_060","12","1","launch-candidate:phase5h:7:english-sentence-builder:order-if-finish-01-11i74e","phase5h:7:english-sentence-builder:order-if-finish-01-11i74e","english-sentence-builder"
"pilot_slot_060","12","1","launch-candidate:phase5h:8:english-vocabulary:english-vocab-context-12-1jd1pbt","phase5h:8:english-vocabulary:english-vocab-context-12-1jd1pbt","english-vocabulary"
"pilot_slot_060","12","1","launch-candidate:phase5h:6:error-detective:math-equation-error-01-nl452y","phase5h:6:error-detective:math-equation-error-01-nl452y","error-detective"
"pilot_slot_060","12","1","launch-candidate:phase5h:7:forbidden-story:story-forbidden-u-01-1ujd3uf","phase5h:7:forbidden-story:story-forbidden-u-01-1ujd3uf","forbidden-story"
"pilot_slot_060","12","1","launch-candidate:phase5h:5:geometry-lab:g35-geometry-composite-area-01-8grgur","phase5h:5:geometry-lab:g35-geometry-composite-area-01-8grgur","geometry-lab"
"pilot_slot_060","12","2","launch-candidate:phase5h:8:logic-station:logic-schedule-possible-01-mssrym","phase5h:8:logic-station:logic-schedule-possible-01-mssrym","logic-station"
"pilot_slot_060","12","2","launch-candidate:phase5h:8:meaning-hunt:meaning-isik-tutmak-01-aq5911","phase5h:8:meaning-hunt:meaning-isik-tutmak-01-aq5911","meaning-hunt"
"pilot_slot_060","12","2","launch-candidate:phase5h:7:olympiad-ladder:olympiad-pigeonhole-remainder-01-144voa7","phase5h:7:olympiad-ladder:olympiad-pigeonhole-remainder-01-144voa7","olympiad-ladder"
"pilot_slot_060","12","2","launch-candidate:phase5h:7:pattern-lab:pattern-matchsticks-01-jmob3w","phase5h:7:pattern-lab:pattern-matchsticks-01-jmob3w","pattern-lab"
"pilot_slot_060","12","2","launch-candidate:phase5h:8:problem-hunter:g8-linear-tank-01","phase5h:8:problem-hunter:g8-linear-tank-01","problem-hunter"
"pilot_slot_060","12","2","launch-candidate:phase5h:5:religion-practice:g5-ihlas-meaning-01","phase5h:5:religion-practice:g5-ihlas-meaning-01","religion-practice"
"pilot_slot_060","12","3","launch-candidate:phase5h:5:science-lab:g5-conductor-evidence-01","phase5h:5:science-lab:g5-conductor-evidence-01","science-lab"
"pilot_slot_060","12","3","launch-candidate:phase5h:6:science-reasoning:g6-bulb-brightness-variable-01","phase5h:6:science-reasoning:g6-bulb-brightness-variable-01","science-reasoning"
"pilot_slot_060","12","3","launch-candidate:phase5h:7:social-citizenship:g7-accessibility-equality-01","phase5h:7:social-citizenship:g7-accessibility-equality-01","social-citizenship"
"pilot_slot_060","12","3","launch-candidate:phase5h:6:social-map-skills:g6-relative-location-01","phase5h:6:social-map-skills:g6-relative-location-01","social-map-skills"
"pilot_slot_060","12","3","launch-candidate:phase5h:5:social-time-travel:g5-first-settlements-evidence-01","phase5h:5:social-time-travel:g5-first-settlements-evidence-01","social-time-travel"
"pilot_slot_060","12","3","launch-candidate:phase5h:5:target-number:target-number-premium-03-287srg","phase5h:5:target-number:target-number-premium-03-287srg","target-number"
"pilot_slot_060","12","4","launch-candidate:phase5h:6:word-ladder:ladder-nar-kol-01-1ti8nxf","phase5h:6:word-ladder:ladder-nar-kol-01-1ti8nxf","word-ladder"
"pilot_slot_060","12","4","launch-candidate:phase5h:5:word-mine:word-mine-premium-05-scc0je","phase5h:5:word-mine:word-mine-premium-05-scc0je","word-mine"
"pilot_slot_060","12","4","launch-candidate:phase5h:6:religion-practice:g6-truthfulness-01","phase5h:6:religion-practice:g6-truthfulness-01","religion-practice"
"pilot_slot_060","12","4","launch-candidate:phase5h:7:science-lab:science-ecosystem-chain-01-1gv13n3","phase5h:7:science-lab:science-ecosystem-chain-01-1gv13n3","science-lab"
"pilot_slot_060","12","4","launch-candidate:phase5h:8:science-reasoning:g8-photosynthesis-light-01","phase5h:8:science-reasoning:g8-photosynthesis-light-01","science-reasoning"
"pilot_slot_060","12","4","launch-candidate:phase5h:8:religion-practice:religion-help-dignity-01-1sq4xqq","phase5h:8:religion-practice:religion-help-dignity-01-1sq4xqq","religion-practice"
"pilot_slot_061","13","1","launch-candidate:phase5h:6:english-cloze:eng-cloze-cause-result-01-19phl4r","phase5h:6:english-cloze:eng-cloze-cause-result-01-19phl4r","english-cloze"
"pilot_slot_061","13","1","launch-candidate:phase5h:7:english-sentence-builder:order-if-finish-01-11i74e","phase5h:7:english-sentence-builder:order-if-finish-01-11i74e","english-sentence-builder"
"pilot_slot_061","13","1","launch-candidate:phase5h:5:english-vocabulary:g35-en-vocab-protect-01-18is450","phase5h:5:english-vocabulary:g35-en-vocab-protect-01-18is450","english-vocabulary"
"pilot_slot_061","13","1","launch-candidate:phase5h:7:forbidden-story:story-forbidden-u-01-1ujd3uf","phase5h:7:forbidden-story:story-forbidden-u-01-1ujd3uf","forbidden-story"
"pilot_slot_061","13","1","launch-candidate:phase5h:5:geometry-lab:g35-geometry-composite-area-01-8grgur","phase5h:5:geometry-lab:g35-geometry-composite-area-01-8grgur","geometry-lab"
"pilot_slot_061","13","1","launch-candidate:phase5h:8:lgs-foundation:lgs-probability-bag-01-10u5ryk","phase5h:8:lgs-foundation:lgs-probability-bag-01-10u5ryk","lgs-foundation"
"pilot_slot_061","13","2","launch-candidate:phase5h:7:olympiad-ladder:olympiad-pigeonhole-remainder-01-144voa7","phase5h:7:olympiad-ladder:olympiad-pigeonhole-remainder-01-144voa7","olympiad-ladder"
"pilot_slot_061","13","2","launch-candidate:phase5h:8:paragraph-detective:tr-main-idea-01-122remb","phase5h:8:paragraph-detective:tr-main-idea-01-122remb","paragraph-detective"
"pilot_slot_061","13","2","launch-candidate:phase5h:7:pattern-lab:pattern-matchsticks-01-jmob3w","phase5h:7:pattern-lab:pattern-matchsticks-01-jmob3w","pattern-lab"
"pilot_slot_061","13","2","launch-candidate:phase5h:8:problem-hunter:g8-linear-tank-01","phase5h:8:problem-hunter:g8-linear-tank-01","problem-hunter"
"pilot_slot_061","13","2","launch-candidate:phase5h:5:religion-practice:g5-ihlas-meaning-01","phase5h:5:religion-practice:g5-ihlas-meaning-01","religion-practice"
"pilot_slot_061","13","2","launch-candidate:phase5h:5:science-lab:g5-conductor-evidence-01","phase5h:5:science-lab:g5-conductor-evidence-01","science-lab"
"pilot_slot_061","13","3","launch-candidate:phase5h:6:science-reasoning:g6-bulb-brightness-variable-01","phase5h:6:science-reasoning:g6-bulb-brightness-variable-01","science-reasoning"
"pilot_slot_061","13","3","launch-candidate:phase5h:6:social-map-skills:g6-relative-location-01","phase5h:6:social-map-skills:g6-relative-location-01","social-map-skills"
"pilot_slot_061","13","3","launch-candidate:phase5h:8:social-time-travel:g8-national-struggle-source-01","phase5h:8:social-time-travel:g8-national-struggle-source-01","social-time-travel"
"pilot_slot_061","13","3","launch-candidate:phase5h:6:speed-math:speed-percent-sale-01-y9orlf","phase5h:6:speed-math:speed-percent-sale-01-y9orlf","speed-math"
"pilot_slot_061","13","3","launch-candidate:phase5h:5:target-number:target-number-premium-03-287srg","phase5h:5:target-number:target-number-premium-03-287srg","target-number"
"pilot_slot_061","13","3","launch-candidate:phase5h:6:word-ladder:ladder-nar-kol-01-1ti8nxf","phase5h:6:word-ladder:ladder-nar-kol-01-1ti8nxf","word-ladder"
"pilot_slot_061","13","4","launch-candidate:phase5h:5:word-mine:word-mine-premium-05-scc0je","phase5h:5:word-mine:word-mine-premium-05-scc0je","word-mine"
"pilot_slot_061","13","4","launch-candidate:phase5h:8:english-vocabulary:english-vocab-context-12-1jd1pbt","phase5h:8:english-vocabulary:english-vocab-context-12-1jd1pbt","english-vocabulary"
"pilot_slot_061","13","4","launch-candidate:phase5h:7:religion-practice:g7-belief-behaviour-01","phase5h:7:religion-practice:g7-belief-behaviour-01","religion-practice"
"pilot_slot_061","13","4","launch-candidate:phase5h:7:science-lab:science-ecosystem-chain-01-1gv13n3","phase5h:7:science-lab:science-ecosystem-chain-01-1gv13n3","science-lab"
"pilot_slot_061","13","4","launch-candidate:phase5h:8:science-reasoning:g8-photosynthesis-light-01","phase5h:8:science-reasoning:g8-photosynthesis-light-01","science-reasoning"
"pilot_slot_061","13","4","launch-candidate:phase5h:8:religion-practice:religion-help-dignity-01-1sq4xqq","phase5h:8:religion-practice:religion-help-dignity-01-1sq4xqq","religion-practice"
"pilot_slot_062","13","1","launch-candidate:phase5h:6:english-cloze:eng-cloze-cause-result-01-19phl4r","phase5h:6:english-cloze:eng-cloze-cause-result-01-19phl4r","english-cloze"
"pilot_slot_062","13","1","launch-candidate:phase5h:5:english-vocabulary:g35-en-vocab-protect-01-18is450","phase5h:5:english-vocabulary:g35-en-vocab-protect-01-18is450","english-vocabulary"
"pilot_slot_062","13","1","launch-candidate:phase5h:6:error-detective:math-equation-error-01-nl452y","phase5h:6:error-detective:math-equation-error-01-nl452y","error-detective"
"pilot_slot_062","13","1","launch-candidate:phase5h:7:forbidden-story:story-forbidden-u-01-1ujd3uf","phase5h:7:forbidden-story:story-forbidden-u-01-1ujd3uf","forbidden-story"
"pilot_slot_062","13","1","launch-candidate:phase5h:5:geometry-lab:g35-geometry-composite-area-01-8grgur","phase5h:5:geometry-lab:g35-geometry-composite-area-01-8grgur","geometry-lab"
"pilot_slot_062","13","1","launch-candidate:phase5h:8:logic-station:logic-schedule-possible-01-mssrym","phase5h:8:logic-station:logic-schedule-possible-01-mssrym","logic-station"
"pilot_slot_062","13","2","launch-candidate:phase5h:8:meaning-hunt:meaning-isik-tutmak-01-aq5911","phase5h:8:meaning-hunt:meaning-isik-tutmak-01-aq5911","meaning-hunt"
"pilot_slot_062","13","2","launch-candidate:phase5h:7:olympiad-ladder:olympiad-pigeonhole-remainder-01-144voa7","phase5h:7:olympiad-ladder:olympiad-pigeonhole-remainder-01-144voa7","olympiad-ladder"
"pilot_slot_062","13","2","launch-candidate:phase5h:8:paragraph-detective:tr-main-idea-01-122remb","phase5h:8:paragraph-detective:tr-main-idea-01-122remb","paragraph-detective"
"pilot_slot_062","13","2","launch-candidate:phase5h:7:pattern-lab:pattern-matchsticks-01-jmob3w","phase5h:7:pattern-lab:pattern-matchsticks-01-jmob3w","pattern-lab"
"pilot_slot_062","13","2","launch-candidate:phase5h:5:religion-practice:g5-ihlas-meaning-01","phase5h:5:religion-practice:g5-ihlas-meaning-01","religion-practice"
"pilot_slot_062","13","2","launch-candidate:phase5h:5:science-lab:g5-conductor-evidence-01","phase5h:5:science-lab:g5-conductor-evidence-01","science-lab"
"pilot_slot_062","13","3","launch-candidate:phase5h:7:social-citizenship:g7-accessibility-equality-01","phase5h:7:social-citizenship:g7-accessibility-equality-01","social-citizenship"
"pilot_slot_062","13","3","launch-candidate:phase5h:6:social-map-skills:g6-relative-location-01","phase5h:6:social-map-skills:g6-relative-location-01","social-map-skills"
"pilot_slot_062","13","3","launch-candidate:phase5h:5:social-time-travel:g5-first-settlements-evidence-01","phase5h:5:social-time-travel:g5-first-settlements-evidence-01","social-time-travel"
"pilot_slot_062","13","3","launch-candidate:phase5h:6:speed-math:speed-percent-sale-01-y9orlf","phase5h:6:speed-math:speed-percent-sale-01-y9orlf","speed-math"
"pilot_slot_062","13","3","launch-candidate:phase5h:5:target-number:target-number-premium-03-287srg","phase5h:5:target-number:target-number-premium-03-287srg","target-number"
"pilot_slot_062","13","3","launch-candidate:phase5h:5:word-mine:word-mine-premium-05-scc0je","phase5h:5:word-mine:word-mine-premium-05-scc0je","word-mine"
"pilot_slot_062","13","4","launch-candidate:phase5h:8:english-vocabulary:english-vocab-context-12-1jd1pbt","phase5h:8:english-vocabulary:english-vocab-context-12-1jd1pbt","english-vocabulary"
"pilot_slot_062","13","4","launch-candidate:phase5h:6:religion-practice:g6-truthfulness-01","phase5h:6:religion-practice:g6-truthfulness-01","religion-practice"
"pilot_slot_062","13","4","launch-candidate:phase5h:7:science-lab:science-ecosystem-chain-01-1gv13n3","phase5h:7:science-lab:science-ecosystem-chain-01-1gv13n3","science-lab"
"pilot_slot_062","13","4","launch-candidate:phase5h:8:social-time-travel:g8-national-struggle-source-01","phase5h:8:social-time-travel:g8-national-struggle-source-01","social-time-travel"
"pilot_slot_062","13","4","launch-candidate:phase5h:7:religion-practice:g7-belief-behaviour-01","phase5h:7:religion-practice:g7-belief-behaviour-01","religion-practice"
"pilot_slot_062","13","4","launch-candidate:phase5h:8:religion-practice:religion-help-dignity-01-1sq4xqq","phase5h:8:religion-practice:religion-help-dignity-01-1sq4xqq","religion-practice"
"pilot_slot_063","13","1","launch-candidate:phase5h:6:english-cloze:eng-cloze-cause-result-01-19phl4r","phase5h:6:english-cloze:eng-cloze-cause-result-01-19phl4r","english-cloze"
"pilot_slot_063","13","1","launch-candidate:phase5h:7:english-sentence-builder:order-if-finish-01-11i74e","phase5h:7:english-sentence-builder:order-if-finish-01-11i74e","english-sentence-builder"
"pilot_slot_063","13","1","launch-candidate:phase5h:8:english-vocabulary:english-vocab-context-12-1jd1pbt","phase5h:8:english-vocabulary:english-vocab-context-12-1jd1pbt","english-vocabulary"
"pilot_slot_063","13","1","launch-candidate:phase5h:6:error-detective:math-equation-error-01-nl452y","phase5h:6:error-detective:math-equation-error-01-nl452y","error-detective"
"pilot_slot_063","13","1","launch-candidate:phase5h:7:forbidden-story:story-forbidden-u-01-1ujd3uf","phase5h:7:forbidden-story:story-forbidden-u-01-1ujd3uf","forbidden-story"
"pilot_slot_063","13","1","launch-candidate:phase5h:5:geometry-lab:g35-geometry-composite-area-01-8grgur","phase5h:5:geometry-lab:g35-geometry-composite-area-01-8grgur","geometry-lab"
"pilot_slot_063","13","2","launch-candidate:phase5h:8:lgs-foundation:lgs-probability-bag-01-10u5ryk","phase5h:8:lgs-foundation:lgs-probability-bag-01-10u5ryk","lgs-foundation"
"pilot_slot_063","13","2","launch-candidate:phase5h:8:logic-station:logic-schedule-possible-01-mssrym","phase5h:8:logic-station:logic-schedule-possible-01-mssrym","logic-station"
"pilot_slot_063","13","2","launch-candidate:phase5h:8:meaning-hunt:meaning-isik-tutmak-01-aq5911","phase5h:8:meaning-hunt:meaning-isik-tutmak-01-aq5911","meaning-hunt"
"pilot_slot_063","13","2","launch-candidate:phase5h:7:pattern-lab:pattern-matchsticks-01-jmob3w","phase5h:7:pattern-lab:pattern-matchsticks-01-jmob3w","pattern-lab"
"pilot_slot_063","13","2","launch-candidate:phase5h:8:problem-hunter:g8-linear-tank-01","phase5h:8:problem-hunter:g8-linear-tank-01","problem-hunter"
"pilot_slot_063","13","2","launch-candidate:phase5h:5:religion-practice:g5-ihlas-meaning-01","phase5h:5:religion-practice:g5-ihlas-meaning-01","religion-practice"
"pilot_slot_063","13","3","launch-candidate:phase5h:5:science-lab:g5-conductor-evidence-01","phase5h:5:science-lab:g5-conductor-evidence-01","science-lab"
"pilot_slot_063","13","3","launch-candidate:phase5h:6:science-reasoning:g6-bulb-brightness-variable-01","phase5h:6:science-reasoning:g6-bulb-brightness-variable-01","science-reasoning"
"pilot_slot_063","13","3","launch-candidate:phase5h:7:social-citizenship:g7-accessibility-equality-01","phase5h:7:social-citizenship:g7-accessibility-equality-01","social-citizenship"
"pilot_slot_063","13","3","launch-candidate:phase5h:6:social-map-skills:g6-relative-location-01","phase5h:6:social-map-skills:g6-relative-location-01","social-map-skills"
"pilot_slot_063","13","3","launch-candidate:phase5h:5:social-time-travel:g5-first-settlements-evidence-01","phase5h:5:social-time-travel:g5-first-settlements-evidence-01","social-time-travel"
"pilot_slot_063","13","3","launch-candidate:phase5h:5:target-number:target-number-premium-03-287srg","phase5h:5:target-number:target-number-premium-03-287srg","target-number"
"pilot_slot_063","13","4","launch-candidate:phase5h:6:word-ladder:ladder-nar-kol-01-1ti8nxf","phase5h:6:word-ladder:ladder-nar-kol-01-1ti8nxf","word-ladder"
"pilot_slot_063","13","4","launch-candidate:phase5h:5:word-mine:word-mine-premium-05-scc0je","phase5h:5:word-mine:word-mine-premium-05-scc0je","word-mine"
"pilot_slot_063","13","4","launch-candidate:phase5h:6:religion-practice:g6-truthfulness-01","phase5h:6:religion-practice:g6-truthfulness-01","religion-practice"
"pilot_slot_063","13","4","launch-candidate:phase5h:7:science-lab:science-ecosystem-chain-01-1gv13n3","phase5h:7:science-lab:science-ecosystem-chain-01-1gv13n3","science-lab"
"pilot_slot_063","13","4","launch-candidate:phase5h:8:science-reasoning:g8-photosynthesis-light-01","phase5h:8:science-reasoning:g8-photosynthesis-light-01","science-reasoning"
"pilot_slot_063","13","4","launch-candidate:phase5h:8:religion-practice:religion-help-dignity-01-1sq4xqq","phase5h:8:religion-practice:religion-help-dignity-01-1sq4xqq","religion-practice"
"pilot_slot_064","13","1","launch-candidate:phase5h:6:english-cloze:eng-cloze-cause-result-01-19phl4r","phase5h:6:english-cloze:eng-cloze-cause-result-01-19phl4r","english-cloze"
"pilot_slot_064","13","1","launch-candidate:phase5h:7:english-sentence-builder:order-if-finish-01-11i74e","phase5h:7:english-sentence-builder:order-if-finish-01-11i74e","english-sentence-builder"
"pilot_slot_064","13","1","launch-candidate:phase5h:5:english-vocabulary:g35-en-vocab-protect-01-18is450","phase5h:5:english-vocabulary:g35-en-vocab-protect-01-18is450","english-vocabulary"
"pilot_slot_064","13","1","launch-candidate:phase5h:6:error-detective:math-equation-error-01-nl452y","phase5h:6:error-detective:math-equation-error-01-nl452y","error-detective"
"pilot_slot_064","13","1","launch-candidate:phase5h:8:lgs-foundation:lgs-probability-bag-01-10u5ryk","phase5h:8:lgs-foundation:lgs-probability-bag-01-10u5ryk","lgs-foundation"
"pilot_slot_064","13","1","launch-candidate:phase5h:8:logic-station:logic-schedule-possible-01-mssrym","phase5h:8:logic-station:logic-schedule-possible-01-mssrym","logic-station"
"pilot_slot_064","13","2","launch-candidate:phase5h:8:meaning-hunt:meaning-isik-tutmak-01-aq5911","phase5h:8:meaning-hunt:meaning-isik-tutmak-01-aq5911","meaning-hunt"
"pilot_slot_064","13","2","launch-candidate:phase5h:7:olympiad-ladder:olympiad-pigeonhole-remainder-01-144voa7","phase5h:7:olympiad-ladder:olympiad-pigeonhole-remainder-01-144voa7","olympiad-ladder"
"pilot_slot_064","13","2","launch-candidate:phase5h:8:paragraph-detective:tr-main-idea-01-122remb","phase5h:8:paragraph-detective:tr-main-idea-01-122remb","paragraph-detective"
"pilot_slot_064","13","2","launch-candidate:phase5h:7:pattern-lab:pattern-matchsticks-01-jmob3w","phase5h:7:pattern-lab:pattern-matchsticks-01-jmob3w","pattern-lab"
"pilot_slot_064","13","2","launch-candidate:phase5h:8:problem-hunter:g8-linear-tank-01","phase5h:8:problem-hunter:g8-linear-tank-01","problem-hunter"
"pilot_slot_064","13","2","launch-candidate:phase5h:6:religion-practice:g6-truthfulness-01","phase5h:6:religion-practice:g6-truthfulness-01","religion-practice"
"pilot_slot_064","13","3","launch-candidate:phase5h:5:science-lab:g5-conductor-evidence-01","phase5h:5:science-lab:g5-conductor-evidence-01","science-lab"
"pilot_slot_064","13","3","launch-candidate:phase5h:6:science-reasoning:g6-bulb-brightness-variable-01","phase5h:6:science-reasoning:g6-bulb-brightness-variable-01","science-reasoning"
"pilot_slot_064","13","3","launch-candidate:phase5h:7:social-citizenship:g7-accessibility-equality-01","phase5h:7:social-citizenship:g7-accessibility-equality-01","social-citizenship"
"pilot_slot_064","13","3","launch-candidate:phase5h:5:social-time-travel:g5-first-settlements-evidence-01","phase5h:5:social-time-travel:g5-first-settlements-evidence-01","social-time-travel"
"pilot_slot_064","13","3","launch-candidate:phase5h:6:speed-math:speed-percent-sale-01-y9orlf","phase5h:6:speed-math:speed-percent-sale-01-y9orlf","speed-math"
"pilot_slot_064","13","3","launch-candidate:phase5h:5:target-number:target-number-premium-03-287srg","phase5h:5:target-number:target-number-premium-03-287srg","target-number"
"pilot_slot_064","13","4","launch-candidate:phase5h:6:word-ladder:ladder-nar-kol-01-1ti8nxf","phase5h:6:word-ladder:ladder-nar-kol-01-1ti8nxf","word-ladder"
"pilot_slot_064","13","4","launch-candidate:phase5h:5:word-mine:word-mine-premium-05-scc0je","phase5h:5:word-mine:word-mine-premium-05-scc0je","word-mine"
"pilot_slot_064","13","4","launch-candidate:phase5h:7:religion-practice:g7-belief-behaviour-01","phase5h:7:religion-practice:g7-belief-behaviour-01","religion-practice"
"pilot_slot_064","13","4","launch-candidate:phase5h:8:science-reasoning:g8-photosynthesis-light-01","phase5h:8:science-reasoning:g8-photosynthesis-light-01","science-reasoning"
"pilot_slot_064","13","4","launch-candidate:phase5h:8:social-time-travel:g8-national-struggle-source-01","phase5h:8:social-time-travel:g8-national-struggle-source-01","social-time-travel"
"pilot_slot_064","13","4","launch-candidate:phase5h:8:religion-practice:religion-help-dignity-01-1sq4xqq","phase5h:8:religion-practice:religion-help-dignity-01-1sq4xqq","religion-practice"
"pilot_slot_065","13","1","launch-candidate:phase5h:7:english-sentence-builder:order-if-finish-01-11i74e","phase5h:7:english-sentence-builder:order-if-finish-01-11i74e","english-sentence-builder"
"pilot_slot_065","13","1","launch-candidate:phase5h:5:english-vocabulary:g35-en-vocab-protect-01-18is450","phase5h:5:english-vocabulary:g35-en-vocab-protect-01-18is450","english-vocabulary"
"pilot_slot_065","13","1","launch-candidate:phase5h:6:error-detective:math-equation-error-01-nl452y","phase5h:6:error-detective:math-equation-error-01-nl452y","error-detective"
"pilot_slot_065","13","1","launch-candidate:phase5h:7:forbidden-story:story-forbidden-u-01-1ujd3uf","phase5h:7:forbidden-story:story-forbidden-u-01-1ujd3uf","forbidden-story"
"pilot_slot_065","13","1","launch-candidate:phase5h:5:geometry-lab:g35-geometry-composite-area-01-8grgur","phase5h:5:geometry-lab:g35-geometry-composite-area-01-8grgur","geometry-lab"
"pilot_slot_065","13","1","launch-candidate:phase5h:8:lgs-foundation:lgs-probability-bag-01-10u5ryk","phase5h:8:lgs-foundation:lgs-probability-bag-01-10u5ryk","lgs-foundation"
"pilot_slot_065","13","2","launch-candidate:phase5h:8:logic-station:logic-schedule-possible-01-mssrym","phase5h:8:logic-station:logic-schedule-possible-01-mssrym","logic-station"
"pilot_slot_065","13","2","launch-candidate:phase5h:8:meaning-hunt:meaning-isik-tutmak-01-aq5911","phase5h:8:meaning-hunt:meaning-isik-tutmak-01-aq5911","meaning-hunt"
"pilot_slot_065","13","2","launch-candidate:phase5h:7:olympiad-ladder:olympiad-pigeonhole-remainder-01-144voa7","phase5h:7:olympiad-ladder:olympiad-pigeonhole-remainder-01-144voa7","olympiad-ladder"
"pilot_slot_065","13","2","launch-candidate:phase5h:8:paragraph-detective:tr-main-idea-01-122remb","phase5h:8:paragraph-detective:tr-main-idea-01-122remb","paragraph-detective"
"pilot_slot_065","13","2","launch-candidate:phase5h:8:problem-hunter:g8-linear-tank-01","phase5h:8:problem-hunter:g8-linear-tank-01","problem-hunter"
"pilot_slot_065","13","2","launch-candidate:phase5h:5:religion-practice:g5-ihlas-meaning-01","phase5h:5:religion-practice:g5-ihlas-meaning-01","religion-practice"
"pilot_slot_065","13","3","launch-candidate:phase5h:7:science-lab:science-ecosystem-chain-01-1gv13n3","phase5h:7:science-lab:science-ecosystem-chain-01-1gv13n3","science-lab"
"pilot_slot_065","13","3","launch-candidate:phase5h:6:science-reasoning:g6-bulb-brightness-variable-01","phase5h:6:science-reasoning:g6-bulb-brightness-variable-01","science-reasoning"
"pilot_slot_065","13","3","launch-candidate:phase5h:7:social-citizenship:g7-accessibility-equality-01","phase5h:7:social-citizenship:g7-accessibility-equality-01","social-citizenship"
"pilot_slot_065","13","3","launch-candidate:phase5h:6:social-map-skills:g6-relative-location-01","phase5h:6:social-map-skills:g6-relative-location-01","social-map-skills"
"pilot_slot_065","13","3","launch-candidate:phase5h:5:social-time-travel:g5-first-settlements-evidence-01","phase5h:5:social-time-travel:g5-first-settlements-evidence-01","social-time-travel"
"pilot_slot_065","13","3","launch-candidate:phase5h:6:speed-math:speed-percent-sale-01-y9orlf","phase5h:6:speed-math:speed-percent-sale-01-y9orlf","speed-math"
"pilot_slot_065","13","4","launch-candidate:phase5h:6:word-ladder:ladder-nar-kol-01-1ti8nxf","phase5h:6:word-ladder:ladder-nar-kol-01-1ti8nxf","word-ladder"
"pilot_slot_065","13","4","launch-candidate:phase5h:8:english-vocabulary:english-vocab-context-12-1jd1pbt","phase5h:8:english-vocabulary:english-vocab-context-12-1jd1pbt","english-vocabulary"
"pilot_slot_065","13","4","launch-candidate:phase5h:6:religion-practice:g6-truthfulness-01","phase5h:6:religion-practice:g6-truthfulness-01","religion-practice"
"pilot_slot_065","13","4","launch-candidate:phase5h:8:science-reasoning:g8-photosynthesis-light-01","phase5h:8:science-reasoning:g8-photosynthesis-light-01","science-reasoning"
"pilot_slot_065","13","4","launch-candidate:phase5h:8:social-time-travel:g8-national-struggle-source-01","phase5h:8:social-time-travel:g8-national-struggle-source-01","social-time-travel"
"pilot_slot_065","13","4","launch-candidate:phase5h:7:religion-practice:g7-belief-behaviour-01","phase5h:7:religion-practice:g7-belief-behaviour-01","religion-practice"
"pilot_slot_066","14","1","launch-candidate:phase5h:6:english-cloze:eng-cloze-cause-result-01-19phl4r","phase5h:6:english-cloze:eng-cloze-cause-result-01-19phl4r","english-cloze"
"pilot_slot_066","14","1","launch-candidate:phase5h:7:english-sentence-builder:order-if-finish-01-11i74e","phase5h:7:english-sentence-builder:order-if-finish-01-11i74e","english-sentence-builder"
"pilot_slot_066","14","1","launch-candidate:phase5h:8:english-vocabulary:english-vocab-context-12-1jd1pbt","phase5h:8:english-vocabulary:english-vocab-context-12-1jd1pbt","english-vocabulary"
"pilot_slot_066","14","1","launch-candidate:phase5h:6:error-detective:math-equation-error-01-nl452y","phase5h:6:error-detective:math-equation-error-01-nl452y","error-detective"
"pilot_slot_066","14","1","launch-candidate:phase5h:7:forbidden-story:story-forbidden-u-01-1ujd3uf","phase5h:7:forbidden-story:story-forbidden-u-01-1ujd3uf","forbidden-story"
"pilot_slot_066","14","1","launch-candidate:phase5h:5:geometry-lab:g35-geometry-composite-area-01-8grgur","phase5h:5:geometry-lab:g35-geometry-composite-area-01-8grgur","geometry-lab"
"pilot_slot_066","14","2","launch-candidate:phase5h:8:lgs-foundation:lgs-probability-bag-01-10u5ryk","phase5h:8:lgs-foundation:lgs-probability-bag-01-10u5ryk","lgs-foundation"
"pilot_slot_066","14","2","launch-candidate:phase5h:8:logic-station:logic-schedule-possible-01-mssrym","phase5h:8:logic-station:logic-schedule-possible-01-mssrym","logic-station"
"pilot_slot_066","14","2","launch-candidate:phase5h:8:meaning-hunt:meaning-isik-tutmak-01-aq5911","phase5h:8:meaning-hunt:meaning-isik-tutmak-01-aq5911","meaning-hunt"
"pilot_slot_066","14","2","launch-candidate:phase5h:7:pattern-lab:pattern-matchsticks-01-jmob3w","phase5h:7:pattern-lab:pattern-matchsticks-01-jmob3w","pattern-lab"
"pilot_slot_066","14","2","launch-candidate:phase5h:8:problem-hunter:g8-linear-tank-01","phase5h:8:problem-hunter:g8-linear-tank-01","problem-hunter"
"pilot_slot_066","14","2","launch-candidate:phase5h:5:religion-practice:g5-ihlas-meaning-01","phase5h:5:religion-practice:g5-ihlas-meaning-01","religion-practice"
"pilot_slot_066","14","3","launch-candidate:phase5h:5:science-lab:g5-conductor-evidence-01","phase5h:5:science-lab:g5-conductor-evidence-01","science-lab"
"pilot_slot_066","14","3","launch-candidate:phase5h:6:science-reasoning:g6-bulb-brightness-variable-01","phase5h:6:science-reasoning:g6-bulb-brightness-variable-01","science-reasoning"
"pilot_slot_066","14","3","launch-candidate:phase5h:7:social-citizenship:g7-accessibility-equality-01","phase5h:7:social-citizenship:g7-accessibility-equality-01","social-citizenship"
"pilot_slot_066","14","3","launch-candidate:phase5h:5:social-time-travel:g5-first-settlements-evidence-01","phase5h:5:social-time-travel:g5-first-settlements-evidence-01","social-time-travel"
"pilot_slot_066","14","3","launch-candidate:phase5h:6:speed-math:speed-percent-sale-01-y9orlf","phase5h:6:speed-math:speed-percent-sale-01-y9orlf","speed-math"
"pilot_slot_066","14","3","launch-candidate:phase5h:5:target-number:target-number-premium-03-287srg","phase5h:5:target-number:target-number-premium-03-287srg","target-number"
"pilot_slot_066","14","4","launch-candidate:phase5h:6:word-ladder:ladder-nar-kol-01-1ti8nxf","phase5h:6:word-ladder:ladder-nar-kol-01-1ti8nxf","word-ladder"
"pilot_slot_066","14","4","launch-candidate:phase5h:5:word-mine:word-mine-premium-05-scc0je","phase5h:5:word-mine:word-mine-premium-05-scc0je","word-mine"
"pilot_slot_066","14","4","launch-candidate:phase5h:6:religion-practice:g6-truthfulness-01","phase5h:6:religion-practice:g6-truthfulness-01","religion-practice"
"pilot_slot_066","14","4","launch-candidate:phase5h:7:science-lab:science-ecosystem-chain-01-1gv13n3","phase5h:7:science-lab:science-ecosystem-chain-01-1gv13n3","science-lab"
"pilot_slot_066","14","4","launch-candidate:phase5h:8:science-reasoning:g8-photosynthesis-light-01","phase5h:8:science-reasoning:g8-photosynthesis-light-01","science-reasoning"
"pilot_slot_066","14","4","launch-candidate:phase5h:8:religion-practice:religion-help-dignity-01-1sq4xqq","phase5h:8:religion-practice:religion-help-dignity-01-1sq4xqq","religion-practice"
"pilot_slot_067","14","1","launch-candidate:phase5h:6:english-cloze:eng-cloze-cause-result-01-19phl4r","phase5h:6:english-cloze:eng-cloze-cause-result-01-19phl4r","english-cloze"
"pilot_slot_067","14","1","launch-candidate:phase5h:7:english-sentence-builder:order-if-finish-01-11i74e","phase5h:7:english-sentence-builder:order-if-finish-01-11i74e","english-sentence-builder"
"pilot_slot_067","14","1","launch-candidate:phase5h:5:english-vocabulary:g35-en-vocab-protect-01-18is450","phase5h:5:english-vocabulary:g35-en-vocab-protect-01-18is450","english-vocabulary"
"pilot_slot_067","14","1","launch-candidate:phase5h:6:error-detective:math-equation-error-01-nl452y","phase5h:6:error-detective:math-equation-error-01-nl452y","error-detective"
"pilot_slot_067","14","1","launch-candidate:phase5h:8:lgs-foundation:lgs-probability-bag-01-10u5ryk","phase5h:8:lgs-foundation:lgs-probability-bag-01-10u5ryk","lgs-foundation"
"pilot_slot_067","14","1","launch-candidate:phase5h:8:logic-station:logic-schedule-possible-01-mssrym","phase5h:8:logic-station:logic-schedule-possible-01-mssrym","logic-station"
"pilot_slot_067","14","2","launch-candidate:phase5h:8:meaning-hunt:meaning-isik-tutmak-01-aq5911","phase5h:8:meaning-hunt:meaning-isik-tutmak-01-aq5911","meaning-hunt"
"pilot_slot_067","14","2","launch-candidate:phase5h:7:olympiad-ladder:olympiad-pigeonhole-remainder-01-144voa7","phase5h:7:olympiad-ladder:olympiad-pigeonhole-remainder-01-144voa7","olympiad-ladder"
"pilot_slot_067","14","2","launch-candidate:phase5h:8:paragraph-detective:tr-main-idea-01-122remb","phase5h:8:paragraph-detective:tr-main-idea-01-122remb","paragraph-detective"
"pilot_slot_067","14","2","launch-candidate:phase5h:7:pattern-lab:pattern-matchsticks-01-jmob3w","phase5h:7:pattern-lab:pattern-matchsticks-01-jmob3w","pattern-lab"
"pilot_slot_067","14","2","launch-candidate:phase5h:8:problem-hunter:g8-linear-tank-01","phase5h:8:problem-hunter:g8-linear-tank-01","problem-hunter"
"pilot_slot_067","14","2","launch-candidate:phase5h:6:religion-practice:g6-truthfulness-01","phase5h:6:religion-practice:g6-truthfulness-01","religion-practice"
"pilot_slot_067","14","3","launch-candidate:phase5h:5:science-lab:g5-conductor-evidence-01","phase5h:5:science-lab:g5-conductor-evidence-01","science-lab"
"pilot_slot_067","14","3","launch-candidate:phase5h:6:science-reasoning:g6-bulb-brightness-variable-01","phase5h:6:science-reasoning:g6-bulb-brightness-variable-01","science-reasoning"
"pilot_slot_067","14","3","launch-candidate:phase5h:7:social-citizenship:g7-accessibility-equality-01","phase5h:7:social-citizenship:g7-accessibility-equality-01","social-citizenship"
"pilot_slot_067","14","3","launch-candidate:phase5h:6:social-map-skills:g6-relative-location-01","phase5h:6:social-map-skills:g6-relative-location-01","social-map-skills"
"pilot_slot_067","14","3","launch-candidate:phase5h:5:social-time-travel:g5-first-settlements-evidence-01","phase5h:5:social-time-travel:g5-first-settlements-evidence-01","social-time-travel"
"pilot_slot_067","14","3","launch-candidate:phase5h:6:speed-math:speed-percent-sale-01-y9orlf","phase5h:6:speed-math:speed-percent-sale-01-y9orlf","speed-math"
"pilot_slot_067","14","4","launch-candidate:phase5h:5:target-number:target-number-premium-03-287srg","phase5h:5:target-number:target-number-premium-03-287srg","target-number"
"pilot_slot_067","14","4","launch-candidate:phase5h:6:word-ladder:ladder-nar-kol-01-1ti8nxf","phase5h:6:word-ladder:ladder-nar-kol-01-1ti8nxf","word-ladder"
"pilot_slot_067","14","4","launch-candidate:phase5h:7:religion-practice:g7-belief-behaviour-01","phase5h:7:religion-practice:g7-belief-behaviour-01","religion-practice"
"pilot_slot_067","14","4","launch-candidate:phase5h:8:science-reasoning:g8-photosynthesis-light-01","phase5h:8:science-reasoning:g8-photosynthesis-light-01","science-reasoning"
"pilot_slot_067","14","4","launch-candidate:phase5h:8:social-time-travel:g8-national-struggle-source-01","phase5h:8:social-time-travel:g8-national-struggle-source-01","social-time-travel"
"pilot_slot_067","14","4","launch-candidate:phase5h:8:religion-practice:religion-help-dignity-01-1sq4xqq","phase5h:8:religion-practice:religion-help-dignity-01-1sq4xqq","religion-practice"
"pilot_slot_068","14","1","launch-candidate:phase5h:7:english-sentence-builder:order-if-finish-01-11i74e","phase5h:7:english-sentence-builder:order-if-finish-01-11i74e","english-sentence-builder"
"pilot_slot_068","14","1","launch-candidate:phase5h:5:english-vocabulary:g35-en-vocab-protect-01-18is450","phase5h:5:english-vocabulary:g35-en-vocab-protect-01-18is450","english-vocabulary"
"pilot_slot_068","14","1","launch-candidate:phase5h:6:error-detective:math-equation-error-01-nl452y","phase5h:6:error-detective:math-equation-error-01-nl452y","error-detective"
"pilot_slot_068","14","1","launch-candidate:phase5h:7:forbidden-story:story-forbidden-u-01-1ujd3uf","phase5h:7:forbidden-story:story-forbidden-u-01-1ujd3uf","forbidden-story"
"pilot_slot_068","14","1","launch-candidate:phase5h:5:geometry-lab:g35-geometry-composite-area-01-8grgur","phase5h:5:geometry-lab:g35-geometry-composite-area-01-8grgur","geometry-lab"
"pilot_slot_068","14","1","launch-candidate:phase5h:8:lgs-foundation:lgs-probability-bag-01-10u5ryk","phase5h:8:lgs-foundation:lgs-probability-bag-01-10u5ryk","lgs-foundation"
"pilot_slot_068","14","2","launch-candidate:phase5h:8:meaning-hunt:meaning-isik-tutmak-01-aq5911","phase5h:8:meaning-hunt:meaning-isik-tutmak-01-aq5911","meaning-hunt"
"pilot_slot_068","14","2","launch-candidate:phase5h:7:olympiad-ladder:olympiad-pigeonhole-remainder-01-144voa7","phase5h:7:olympiad-ladder:olympiad-pigeonhole-remainder-01-144voa7","olympiad-ladder"
"pilot_slot_068","14","2","launch-candidate:phase5h:8:paragraph-detective:tr-main-idea-01-122remb","phase5h:8:paragraph-detective:tr-main-idea-01-122remb","paragraph-detective"
"pilot_slot_068","14","2","launch-candidate:phase5h:8:problem-hunter:g8-linear-tank-01","phase5h:8:problem-hunter:g8-linear-tank-01","problem-hunter"
"pilot_slot_068","14","2","launch-candidate:phase5h:5:religion-practice:g5-ihlas-meaning-01","phase5h:5:religion-practice:g5-ihlas-meaning-01","religion-practice"
"pilot_slot_068","14","2","launch-candidate:phase5h:7:science-lab:science-ecosystem-chain-01-1gv13n3","phase5h:7:science-lab:science-ecosystem-chain-01-1gv13n3","science-lab"
"pilot_slot_068","14","3","launch-candidate:phase5h:6:science-reasoning:g6-bulb-brightness-variable-01","phase5h:6:science-reasoning:g6-bulb-brightness-variable-01","science-reasoning"
"pilot_slot_068","14","3","launch-candidate:phase5h:7:social-citizenship:g7-accessibility-equality-01","phase5h:7:social-citizenship:g7-accessibility-equality-01","social-citizenship"
"pilot_slot_068","14","3","launch-candidate:phase5h:6:social-map-skills:g6-relative-location-01","phase5h:6:social-map-skills:g6-relative-location-01","social-map-skills"
"pilot_slot_068","14","3","launch-candidate:phase5h:5:social-time-travel:g5-first-settlements-evidence-01","phase5h:5:social-time-travel:g5-first-settlements-evidence-01","social-time-travel"
"pilot_slot_068","14","3","launch-candidate:phase5h:6:speed-math:speed-percent-sale-01-y9orlf","phase5h:6:speed-math:speed-percent-sale-01-y9orlf","speed-math"
"pilot_slot_068","14","3","launch-candidate:phase5h:6:word-ladder:ladder-nar-kol-01-1ti8nxf","phase5h:6:word-ladder:ladder-nar-kol-01-1ti8nxf","word-ladder"
"pilot_slot_068","14","4","launch-candidate:phase5h:5:word-mine:word-mine-premium-05-scc0je","phase5h:5:word-mine:word-mine-premium-05-scc0je","word-mine"
"pilot_slot_068","14","4","launch-candidate:phase5h:8:english-vocabulary:english-vocab-context-12-1jd1pbt","phase5h:8:english-vocabulary:english-vocab-context-12-1jd1pbt","english-vocabulary"
"pilot_slot_068","14","4","launch-candidate:phase5h:6:religion-practice:g6-truthfulness-01","phase5h:6:religion-practice:g6-truthfulness-01","religion-practice"
"pilot_slot_068","14","4","launch-candidate:phase5h:8:science-reasoning:g8-photosynthesis-light-01","phase5h:8:science-reasoning:g8-photosynthesis-light-01","science-reasoning"
"pilot_slot_068","14","4","launch-candidate:phase5h:8:social-time-travel:g8-national-struggle-source-01","phase5h:8:social-time-travel:g8-national-struggle-source-01","social-time-travel"
"pilot_slot_068","14","4","launch-candidate:phase5h:7:religion-practice:g7-belief-behaviour-01","phase5h:7:religion-practice:g7-belief-behaviour-01","religion-practice"
"pilot_slot_069","14","1","launch-candidate:phase5h:6:english-cloze:eng-cloze-cause-result-01-19phl4r","phase5h:6:english-cloze:eng-cloze-cause-result-01-19phl4r","english-cloze"
"pilot_slot_069","14","1","launch-candidate:phase5h:7:english-sentence-builder:order-if-finish-01-11i74e","phase5h:7:english-sentence-builder:order-if-finish-01-11i74e","english-sentence-builder"
"pilot_slot_069","14","1","launch-candidate:phase5h:5:english-vocabulary:g35-en-vocab-protect-01-18is450","phase5h:5:english-vocabulary:g35-en-vocab-protect-01-18is450","english-vocabulary"
"pilot_slot_069","14","1","launch-candidate:phase5h:7:forbidden-story:story-forbidden-u-01-1ujd3uf","phase5h:7:forbidden-story:story-forbidden-u-01-1ujd3uf","forbidden-story"
"pilot_slot_069","14","1","launch-candidate:phase5h:5:geometry-lab:g35-geometry-composite-area-01-8grgur","phase5h:5:geometry-lab:g35-geometry-composite-area-01-8grgur","geometry-lab"
"pilot_slot_069","14","1","launch-candidate:phase5h:8:lgs-foundation:lgs-probability-bag-01-10u5ryk","phase5h:8:lgs-foundation:lgs-probability-bag-01-10u5ryk","lgs-foundation"
"pilot_slot_069","14","2","launch-candidate:phase5h:8:logic-station:logic-schedule-possible-01-mssrym","phase5h:8:logic-station:logic-schedule-possible-01-mssrym","logic-station"
"pilot_slot_069","14","2","launch-candidate:phase5h:7:olympiad-ladder:olympiad-pigeonhole-remainder-01-144voa7","phase5h:7:olympiad-ladder:olympiad-pigeonhole-remainder-01-144voa7","olympiad-ladder"
"pilot_slot_069","14","2","launch-candidate:phase5h:8:paragraph-detective:tr-main-idea-01-122remb","phase5h:8:paragraph-detective:tr-main-idea-01-122remb","paragraph-detective"
"pilot_slot_069","14","2","launch-candidate:phase5h:7:pattern-lab:pattern-matchsticks-01-jmob3w","phase5h:7:pattern-lab:pattern-matchsticks-01-jmob3w","pattern-lab"
"pilot_slot_069","14","2","launch-candidate:phase5h:8:problem-hunter:g8-linear-tank-01","phase5h:8:problem-hunter:g8-linear-tank-01","problem-hunter"
"pilot_slot_069","14","2","launch-candidate:phase5h:5:religion-practice:g5-ihlas-meaning-01","phase5h:5:religion-practice:g5-ihlas-meaning-01","religion-practice"
"pilot_slot_069","14","3","launch-candidate:phase5h:5:science-lab:g5-conductor-evidence-01","phase5h:5:science-lab:g5-conductor-evidence-01","science-lab"
"pilot_slot_069","14","3","launch-candidate:phase5h:6:science-reasoning:g6-bulb-brightness-variable-01","phase5h:6:science-reasoning:g6-bulb-brightness-variable-01","science-reasoning"
"pilot_slot_069","14","3","launch-candidate:phase5h:6:social-map-skills:g6-relative-location-01","phase5h:6:social-map-skills:g6-relative-location-01","social-map-skills"
"pilot_slot_069","14","3","launch-candidate:phase5h:8:social-time-travel:g8-national-struggle-source-01","phase5h:8:social-time-travel:g8-national-struggle-source-01","social-time-travel"
"pilot_slot_069","14","3","launch-candidate:phase5h:6:speed-math:speed-percent-sale-01-y9orlf","phase5h:6:speed-math:speed-percent-sale-01-y9orlf","speed-math"
"pilot_slot_069","14","3","launch-candidate:phase5h:5:target-number:target-number-premium-03-287srg","phase5h:5:target-number:target-number-premium-03-287srg","target-number"
"pilot_slot_069","14","4","launch-candidate:phase5h:6:word-ladder:ladder-nar-kol-01-1ti8nxf","phase5h:6:word-ladder:ladder-nar-kol-01-1ti8nxf","word-ladder"
"pilot_slot_069","14","4","launch-candidate:phase5h:5:word-mine:word-mine-premium-05-scc0je","phase5h:5:word-mine:word-mine-premium-05-scc0je","word-mine"
"pilot_slot_069","14","4","launch-candidate:phase5h:8:english-vocabulary:english-vocab-context-12-1jd1pbt","phase5h:8:english-vocabulary:english-vocab-context-12-1jd1pbt","english-vocabulary"
"pilot_slot_069","14","4","launch-candidate:phase5h:7:religion-practice:g7-belief-behaviour-01","phase5h:7:religion-practice:g7-belief-behaviour-01","religion-practice"
"pilot_slot_069","14","4","launch-candidate:phase5h:7:science-lab:science-ecosystem-chain-01-1gv13n3","phase5h:7:science-lab:science-ecosystem-chain-01-1gv13n3","science-lab"
"pilot_slot_069","14","4","launch-candidate:phase5h:8:religion-practice:religion-help-dignity-01-1sq4xqq","phase5h:8:religion-practice:religion-help-dignity-01-1sq4xqq","religion-practice"
"pilot_slot_070","14","1","launch-candidate:phase5h:6:english-cloze:eng-cloze-cause-result-01-19phl4r","phase5h:6:english-cloze:eng-cloze-cause-result-01-19phl4r","english-cloze"
"pilot_slot_070","14","1","launch-candidate:phase5h:5:english-vocabulary:g35-en-vocab-protect-01-18is450","phase5h:5:english-vocabulary:g35-en-vocab-protect-01-18is450","english-vocabulary"
"pilot_slot_070","14","1","launch-candidate:phase5h:6:error-detective:math-equation-error-01-nl452y","phase5h:6:error-detective:math-equation-error-01-nl452y","error-detective"
"pilot_slot_070","14","1","launch-candidate:phase5h:7:forbidden-story:story-forbidden-u-01-1ujd3uf","phase5h:7:forbidden-story:story-forbidden-u-01-1ujd3uf","forbidden-story"
"pilot_slot_070","14","1","launch-candidate:phase5h:5:geometry-lab:g35-geometry-composite-area-01-8grgur","phase5h:5:geometry-lab:g35-geometry-composite-area-01-8grgur","geometry-lab"
"pilot_slot_070","14","1","launch-candidate:phase5h:8:logic-station:logic-schedule-possible-01-mssrym","phase5h:8:logic-station:logic-schedule-possible-01-mssrym","logic-station"
"pilot_slot_070","14","2","launch-candidate:phase5h:8:meaning-hunt:meaning-isik-tutmak-01-aq5911","phase5h:8:meaning-hunt:meaning-isik-tutmak-01-aq5911","meaning-hunt"
"pilot_slot_070","14","2","launch-candidate:phase5h:7:olympiad-ladder:olympiad-pigeonhole-remainder-01-144voa7","phase5h:7:olympiad-ladder:olympiad-pigeonhole-remainder-01-144voa7","olympiad-ladder"
"pilot_slot_070","14","2","launch-candidate:phase5h:8:paragraph-detective:tr-main-idea-01-122remb","phase5h:8:paragraph-detective:tr-main-idea-01-122remb","paragraph-detective"
"pilot_slot_070","14","2","launch-candidate:phase5h:7:pattern-lab:pattern-matchsticks-01-jmob3w","phase5h:7:pattern-lab:pattern-matchsticks-01-jmob3w","pattern-lab"
"pilot_slot_070","14","2","launch-candidate:phase5h:5:religion-practice:g5-ihlas-meaning-01","phase5h:5:religion-practice:g5-ihlas-meaning-01","religion-practice"
"pilot_slot_070","14","2","launch-candidate:phase5h:5:science-lab:g5-conductor-evidence-01","phase5h:5:science-lab:g5-conductor-evidence-01","science-lab"
"pilot_slot_070","14","3","launch-candidate:phase5h:8:science-reasoning:g8-photosynthesis-light-01","phase5h:8:science-reasoning:g8-photosynthesis-light-01","science-reasoning"
"pilot_slot_070","14","3","launch-candidate:phase5h:7:social-citizenship:g7-accessibility-equality-01","phase5h:7:social-citizenship:g7-accessibility-equality-01","social-citizenship"
"pilot_slot_070","14","3","launch-candidate:phase5h:6:social-map-skills:g6-relative-location-01","phase5h:6:social-map-skills:g6-relative-location-01","social-map-skills"
"pilot_slot_070","14","3","launch-candidate:phase5h:5:social-time-travel:g5-first-settlements-evidence-01","phase5h:5:social-time-travel:g5-first-settlements-evidence-01","social-time-travel"
"pilot_slot_070","14","3","launch-candidate:phase5h:5:target-number:target-number-premium-03-287srg","phase5h:5:target-number:target-number-premium-03-287srg","target-number"
"pilot_slot_070","14","3","launch-candidate:phase5h:5:word-mine:word-mine-premium-05-scc0je","phase5h:5:word-mine:word-mine-premium-05-scc0je","word-mine"
"pilot_slot_070","14","4","launch-candidate:phase5h:8:english-vocabulary:english-vocab-context-12-1jd1pbt","phase5h:8:english-vocabulary:english-vocab-context-12-1jd1pbt","english-vocabulary"
"pilot_slot_070","14","4","launch-candidate:phase5h:6:religion-practice:g6-truthfulness-01","phase5h:6:religion-practice:g6-truthfulness-01","religion-practice"
"pilot_slot_070","14","4","launch-candidate:phase5h:7:science-lab:science-ecosystem-chain-01-1gv13n3","phase5h:7:science-lab:science-ecosystem-chain-01-1gv13n3","science-lab"
"pilot_slot_070","14","4","launch-candidate:phase5h:8:social-time-travel:g8-national-struggle-source-01","phase5h:8:social-time-travel:g8-national-struggle-source-01","social-time-travel"
"pilot_slot_070","14","4","launch-candidate:phase5h:7:religion-practice:g7-belief-behaviour-01","phase5h:7:religion-practice:g7-belief-behaviour-01","religion-practice"
"pilot_slot_070","14","4","launch-candidate:phase5h:8:religion-practice:religion-help-dignity-01-1sq4xqq","phase5h:8:religion-practice:religion-help-dignity-01-1sq4xqq","religion-practice"
"pilot_slot_071","15","1","launch-candidate:phase5h:7:english-sentence-builder:order-if-finish-01-11i74e","phase5h:7:english-sentence-builder:order-if-finish-01-11i74e","english-sentence-builder"
"pilot_slot_071","15","1","launch-candidate:phase5h:5:english-vocabulary:g35-en-vocab-protect-01-18is450","phase5h:5:english-vocabulary:g35-en-vocab-protect-01-18is450","english-vocabulary"
"pilot_slot_071","15","1","launch-candidate:phase5h:6:error-detective:math-equation-error-01-nl452y","phase5h:6:error-detective:math-equation-error-01-nl452y","error-detective"
"pilot_slot_071","15","1","launch-candidate:phase5h:7:forbidden-story:story-forbidden-u-01-1ujd3uf","phase5h:7:forbidden-story:story-forbidden-u-01-1ujd3uf","forbidden-story"
"pilot_slot_071","15","1","launch-candidate:phase5h:5:geometry-lab:g35-geometry-composite-area-01-8grgur","phase5h:5:geometry-lab:g35-geometry-composite-area-01-8grgur","geometry-lab"
"pilot_slot_071","15","1","launch-candidate:phase5h:8:lgs-foundation:lgs-probability-bag-01-10u5ryk","phase5h:8:lgs-foundation:lgs-probability-bag-01-10u5ryk","lgs-foundation"
"pilot_slot_071","15","2","launch-candidate:phase5h:8:meaning-hunt:meaning-isik-tutmak-01-aq5911","phase5h:8:meaning-hunt:meaning-isik-tutmak-01-aq5911","meaning-hunt"
"pilot_slot_071","15","2","launch-candidate:phase5h:7:olympiad-ladder:olympiad-pigeonhole-remainder-01-144voa7","phase5h:7:olympiad-ladder:olympiad-pigeonhole-remainder-01-144voa7","olympiad-ladder"
"pilot_slot_071","15","2","launch-candidate:phase5h:8:paragraph-detective:tr-main-idea-01-122remb","phase5h:8:paragraph-detective:tr-main-idea-01-122remb","paragraph-detective"
"pilot_slot_071","15","2","launch-candidate:phase5h:7:pattern-lab:pattern-matchsticks-01-jmob3w","phase5h:7:pattern-lab:pattern-matchsticks-01-jmob3w","pattern-lab"
"pilot_slot_071","15","2","launch-candidate:phase5h:8:problem-hunter:g8-linear-tank-01","phase5h:8:problem-hunter:g8-linear-tank-01","problem-hunter"
"pilot_slot_071","15","2","launch-candidate:phase5h:5:religion-practice:g5-ihlas-meaning-01","phase5h:5:religion-practice:g5-ihlas-meaning-01","religion-practice"
"pilot_slot_071","15","3","launch-candidate:phase5h:7:science-lab:science-ecosystem-chain-01-1gv13n3","phase5h:7:science-lab:science-ecosystem-chain-01-1gv13n3","science-lab"
"pilot_slot_071","15","3","launch-candidate:phase5h:6:science-reasoning:g6-bulb-brightness-variable-01","phase5h:6:science-reasoning:g6-bulb-brightness-variable-01","science-reasoning"
"pilot_slot_071","15","3","launch-candidate:phase5h:6:social-map-skills:g6-relative-location-01","phase5h:6:social-map-skills:g6-relative-location-01","social-map-skills"
"pilot_slot_071","15","3","launch-candidate:phase5h:5:social-time-travel:g5-first-settlements-evidence-01","phase5h:5:social-time-travel:g5-first-settlements-evidence-01","social-time-travel"
"pilot_slot_071","15","3","launch-candidate:phase5h:6:speed-math:speed-percent-sale-01-y9orlf","phase5h:6:speed-math:speed-percent-sale-01-y9orlf","speed-math"
"pilot_slot_071","15","3","launch-candidate:phase5h:6:word-ladder:ladder-nar-kol-01-1ti8nxf","phase5h:6:word-ladder:ladder-nar-kol-01-1ti8nxf","word-ladder"
"pilot_slot_071","15","4","launch-candidate:phase5h:5:word-mine:word-mine-premium-05-scc0je","phase5h:5:word-mine:word-mine-premium-05-scc0je","word-mine"
"pilot_slot_071","15","4","launch-candidate:phase5h:8:english-vocabulary:english-vocab-context-12-1jd1pbt","phase5h:8:english-vocabulary:english-vocab-context-12-1jd1pbt","english-vocabulary"
"pilot_slot_071","15","4","launch-candidate:phase5h:6:religion-practice:g6-truthfulness-01","phase5h:6:religion-practice:g6-truthfulness-01","religion-practice"
"pilot_slot_071","15","4","launch-candidate:phase5h:8:science-reasoning:g8-photosynthesis-light-01","phase5h:8:science-reasoning:g8-photosynthesis-light-01","science-reasoning"
"pilot_slot_071","15","4","launch-candidate:phase5h:8:social-time-travel:g8-national-struggle-source-01","phase5h:8:social-time-travel:g8-national-struggle-source-01","social-time-travel"
"pilot_slot_071","15","4","launch-candidate:phase5h:7:religion-practice:g7-belief-behaviour-01","phase5h:7:religion-practice:g7-belief-behaviour-01","religion-practice"
"pilot_slot_072","15","1","launch-candidate:phase5h:6:english-cloze:eng-cloze-cause-result-01-19phl4r","phase5h:6:english-cloze:eng-cloze-cause-result-01-19phl4r","english-cloze"
"pilot_slot_072","15","1","launch-candidate:phase5h:7:english-sentence-builder:order-if-finish-01-11i74e","phase5h:7:english-sentence-builder:order-if-finish-01-11i74e","english-sentence-builder"
"pilot_slot_072","15","1","launch-candidate:phase5h:5:english-vocabulary:g35-en-vocab-protect-01-18is450","phase5h:5:english-vocabulary:g35-en-vocab-protect-01-18is450","english-vocabulary"
"pilot_slot_072","15","1","launch-candidate:phase5h:7:forbidden-story:story-forbidden-u-01-1ujd3uf","phase5h:7:forbidden-story:story-forbidden-u-01-1ujd3uf","forbidden-story"
"pilot_slot_072","15","1","launch-candidate:phase5h:5:geometry-lab:g35-geometry-composite-area-01-8grgur","phase5h:5:geometry-lab:g35-geometry-composite-area-01-8grgur","geometry-lab"
"pilot_slot_072","15","1","launch-candidate:phase5h:8:lgs-foundation:lgs-probability-bag-01-10u5ryk","phase5h:8:lgs-foundation:lgs-probability-bag-01-10u5ryk","lgs-foundation"
"pilot_slot_072","15","2","launch-candidate:phase5h:8:logic-station:logic-schedule-possible-01-mssrym","phase5h:8:logic-station:logic-schedule-possible-01-mssrym","logic-station"
"pilot_slot_072","15","2","launch-candidate:phase5h:7:olympiad-ladder:olympiad-pigeonhole-remainder-01-144voa7","phase5h:7:olympiad-ladder:olympiad-pigeonhole-remainder-01-144voa7","olympiad-ladder"
"pilot_slot_072","15","2","launch-candidate:phase5h:8:paragraph-detective:tr-main-idea-01-122remb","phase5h:8:paragraph-detective:tr-main-idea-01-122remb","paragraph-detective"
"pilot_slot_072","15","2","launch-candidate:phase5h:7:pattern-lab:pattern-matchsticks-01-jmob3w","phase5h:7:pattern-lab:pattern-matchsticks-01-jmob3w","pattern-lab"
"pilot_slot_072","15","2","launch-candidate:phase5h:8:problem-hunter:g8-linear-tank-01","phase5h:8:problem-hunter:g8-linear-tank-01","problem-hunter"
"pilot_slot_072","15","2","launch-candidate:phase5h:5:religion-practice:g5-ihlas-meaning-01","phase5h:5:religion-practice:g5-ihlas-meaning-01","religion-practice"
"pilot_slot_072","15","3","launch-candidate:phase5h:5:science-lab:g5-conductor-evidence-01","phase5h:5:science-lab:g5-conductor-evidence-01","science-lab"
"pilot_slot_072","15","3","launch-candidate:phase5h:6:science-reasoning:g6-bulb-brightness-variable-01","phase5h:6:science-reasoning:g6-bulb-brightness-variable-01","science-reasoning"
"pilot_slot_072","15","3","launch-candidate:phase5h:7:social-citizenship:g7-accessibility-equality-01","phase5h:7:social-citizenship:g7-accessibility-equality-01","social-citizenship"
"pilot_slot_072","15","3","launch-candidate:phase5h:6:social-map-skills:g6-relative-location-01","phase5h:6:social-map-skills:g6-relative-location-01","social-map-skills"
"pilot_slot_072","15","3","launch-candidate:phase5h:8:social-time-travel:g8-national-struggle-source-01","phase5h:8:social-time-travel:g8-national-struggle-source-01","social-time-travel"
"pilot_slot_072","15","3","launch-candidate:phase5h:6:speed-math:speed-percent-sale-01-y9orlf","phase5h:6:speed-math:speed-percent-sale-01-y9orlf","speed-math"
"pilot_slot_072","15","4","launch-candidate:phase5h:5:target-number:target-number-premium-03-287srg","phase5h:5:target-number:target-number-premium-03-287srg","target-number"
"pilot_slot_072","15","4","launch-candidate:phase5h:5:word-mine:word-mine-premium-05-scc0je","phase5h:5:word-mine:word-mine-premium-05-scc0je","word-mine"
"pilot_slot_072","15","4","launch-candidate:phase5h:8:english-vocabulary:english-vocab-context-12-1jd1pbt","phase5h:8:english-vocabulary:english-vocab-context-12-1jd1pbt","english-vocabulary"
"pilot_slot_072","15","4","launch-candidate:phase5h:7:religion-practice:g7-belief-behaviour-01","phase5h:7:religion-practice:g7-belief-behaviour-01","religion-practice"
"pilot_slot_072","15","4","launch-candidate:phase5h:7:science-lab:science-ecosystem-chain-01-1gv13n3","phase5h:7:science-lab:science-ecosystem-chain-01-1gv13n3","science-lab"
"pilot_slot_072","15","4","launch-candidate:phase5h:8:religion-practice:religion-help-dignity-01-1sq4xqq","phase5h:8:religion-practice:religion-help-dignity-01-1sq4xqq","religion-practice"
"pilot_slot_073","15","1","launch-candidate:phase5h:6:english-cloze:eng-cloze-cause-result-01-19phl4r","phase5h:6:english-cloze:eng-cloze-cause-result-01-19phl4r","english-cloze"
"pilot_slot_073","15","1","launch-candidate:phase5h:8:english-vocabulary:english-vocab-context-12-1jd1pbt","phase5h:8:english-vocabulary:english-vocab-context-12-1jd1pbt","english-vocabulary"
"pilot_slot_073","15","1","launch-candidate:phase5h:6:error-detective:math-equation-error-01-nl452y","phase5h:6:error-detective:math-equation-error-01-nl452y","error-detective"
"pilot_slot_073","15","1","launch-candidate:phase5h:7:forbidden-story:story-forbidden-u-01-1ujd3uf","phase5h:7:forbidden-story:story-forbidden-u-01-1ujd3uf","forbidden-story"
"pilot_slot_073","15","1","launch-candidate:phase5h:5:geometry-lab:g35-geometry-composite-area-01-8grgur","phase5h:5:geometry-lab:g35-geometry-composite-area-01-8grgur","geometry-lab"
"pilot_slot_073","15","1","launch-candidate:phase5h:8:logic-station:logic-schedule-possible-01-mssrym","phase5h:8:logic-station:logic-schedule-possible-01-mssrym","logic-station"
"pilot_slot_073","15","2","launch-candidate:phase5h:8:meaning-hunt:meaning-isik-tutmak-01-aq5911","phase5h:8:meaning-hunt:meaning-isik-tutmak-01-aq5911","meaning-hunt"
"pilot_slot_073","15","2","launch-candidate:phase5h:7:olympiad-ladder:olympiad-pigeonhole-remainder-01-144voa7","phase5h:7:olympiad-ladder:olympiad-pigeonhole-remainder-01-144voa7","olympiad-ladder"
"pilot_slot_073","15","2","launch-candidate:phase5h:8:paragraph-detective:tr-main-idea-01-122remb","phase5h:8:paragraph-detective:tr-main-idea-01-122remb","paragraph-detective"
"pilot_slot_073","15","2","launch-candidate:phase5h:7:pattern-lab:pattern-matchsticks-01-jmob3w","phase5h:7:pattern-lab:pattern-matchsticks-01-jmob3w","pattern-lab"
"pilot_slot_073","15","2","launch-candidate:phase5h:5:religion-practice:g5-ihlas-meaning-01","phase5h:5:religion-practice:g5-ihlas-meaning-01","religion-practice"
"pilot_slot_073","15","2","launch-candidate:phase5h:5:science-lab:g5-conductor-evidence-01","phase5h:5:science-lab:g5-conductor-evidence-01","science-lab"
"pilot_slot_073","15","3","launch-candidate:phase5h:8:science-reasoning:g8-photosynthesis-light-01","phase5h:8:science-reasoning:g8-photosynthesis-light-01","science-reasoning"
"pilot_slot_073","15","3","launch-candidate:phase5h:7:social-citizenship:g7-accessibility-equality-01","phase5h:7:social-citizenship:g7-accessibility-equality-01","social-citizenship"
"pilot_slot_073","15","3","launch-candidate:phase5h:6:social-map-skills:g6-relative-location-01","phase5h:6:social-map-skills:g6-relative-location-01","social-map-skills"
"pilot_slot_073","15","3","launch-candidate:phase5h:5:social-time-travel:g5-first-settlements-evidence-01","phase5h:5:social-time-travel:g5-first-settlements-evidence-01","social-time-travel"
"pilot_slot_073","15","3","launch-candidate:phase5h:5:target-number:target-number-premium-03-287srg","phase5h:5:target-number:target-number-premium-03-287srg","target-number"
"pilot_slot_073","15","3","launch-candidate:phase5h:6:word-ladder:ladder-nar-kol-01-1ti8nxf","phase5h:6:word-ladder:ladder-nar-kol-01-1ti8nxf","word-ladder"
"pilot_slot_073","15","4","launch-candidate:phase5h:5:word-mine:word-mine-premium-05-scc0je","phase5h:5:word-mine:word-mine-premium-05-scc0je","word-mine"
"pilot_slot_073","15","4","launch-candidate:phase5h:6:religion-practice:g6-truthfulness-01","phase5h:6:religion-practice:g6-truthfulness-01","religion-practice"
"pilot_slot_073","15","4","launch-candidate:phase5h:7:science-lab:science-ecosystem-chain-01-1gv13n3","phase5h:7:science-lab:science-ecosystem-chain-01-1gv13n3","science-lab"
"pilot_slot_073","15","4","launch-candidate:phase5h:8:social-time-travel:g8-national-struggle-source-01","phase5h:8:social-time-travel:g8-national-struggle-source-01","social-time-travel"
"pilot_slot_073","15","4","launch-candidate:phase5h:7:religion-practice:g7-belief-behaviour-01","phase5h:7:religion-practice:g7-belief-behaviour-01","religion-practice"
"pilot_slot_073","15","4","launch-candidate:phase5h:8:religion-practice:religion-help-dignity-01-1sq4xqq","phase5h:8:religion-practice:religion-help-dignity-01-1sq4xqq","religion-practice"
"pilot_slot_074","15","1","launch-candidate:phase5h:6:english-cloze:eng-cloze-cause-result-01-19phl4r","phase5h:6:english-cloze:eng-cloze-cause-result-01-19phl4r","english-cloze"
"pilot_slot_074","15","1","launch-candidate:phase5h:7:english-sentence-builder:order-if-finish-01-11i74e","phase5h:7:english-sentence-builder:order-if-finish-01-11i74e","english-sentence-builder"
"pilot_slot_074","15","1","launch-candidate:phase5h:5:english-vocabulary:g35-en-vocab-protect-01-18is450","phase5h:5:english-vocabulary:g35-en-vocab-protect-01-18is450","english-vocabulary"
"pilot_slot_074","15","1","launch-candidate:phase5h:6:error-detective:math-equation-error-01-nl452y","phase5h:6:error-detective:math-equation-error-01-nl452y","error-detective"
"pilot_slot_074","15","1","launch-candidate:phase5h:7:forbidden-story:story-forbidden-u-01-1ujd3uf","phase5h:7:forbidden-story:story-forbidden-u-01-1ujd3uf","forbidden-story"
"pilot_slot_074","15","1","launch-candidate:phase5h:5:geometry-lab:g35-geometry-composite-area-01-8grgur","phase5h:5:geometry-lab:g35-geometry-composite-area-01-8grgur","geometry-lab"
"pilot_slot_074","15","2","launch-candidate:phase5h:8:lgs-foundation:lgs-probability-bag-01-10u5ryk","phase5h:8:lgs-foundation:lgs-probability-bag-01-10u5ryk","lgs-foundation"
"pilot_slot_074","15","2","launch-candidate:phase5h:8:logic-station:logic-schedule-possible-01-mssrym","phase5h:8:logic-station:logic-schedule-possible-01-mssrym","logic-station"
"pilot_slot_074","15","2","launch-candidate:phase5h:8:meaning-hunt:meaning-isik-tutmak-01-aq5911","phase5h:8:meaning-hunt:meaning-isik-tutmak-01-aq5911","meaning-hunt"
"pilot_slot_074","15","2","launch-candidate:phase5h:7:pattern-lab:pattern-matchsticks-01-jmob3w","phase5h:7:pattern-lab:pattern-matchsticks-01-jmob3w","pattern-lab"
"pilot_slot_074","15","2","launch-candidate:phase5h:8:problem-hunter:g8-linear-tank-01","phase5h:8:problem-hunter:g8-linear-tank-01","problem-hunter"
"pilot_slot_074","15","2","launch-candidate:phase5h:6:religion-practice:g6-truthfulness-01","phase5h:6:religion-practice:g6-truthfulness-01","religion-practice"
"pilot_slot_074","15","3","launch-candidate:phase5h:5:science-lab:g5-conductor-evidence-01","phase5h:5:science-lab:g5-conductor-evidence-01","science-lab"
"pilot_slot_074","15","3","launch-candidate:phase5h:6:science-reasoning:g6-bulb-brightness-variable-01","phase5h:6:science-reasoning:g6-bulb-brightness-variable-01","science-reasoning"
"pilot_slot_074","15","3","launch-candidate:phase5h:7:social-citizenship:g7-accessibility-equality-01","phase5h:7:social-citizenship:g7-accessibility-equality-01","social-citizenship"
"pilot_slot_074","15","3","launch-candidate:phase5h:5:social-time-travel:g5-first-settlements-evidence-01","phase5h:5:social-time-travel:g5-first-settlements-evidence-01","social-time-travel"
"pilot_slot_074","15","3","launch-candidate:phase5h:6:speed-math:speed-percent-sale-01-y9orlf","phase5h:6:speed-math:speed-percent-sale-01-y9orlf","speed-math"
"pilot_slot_074","15","3","launch-candidate:phase5h:5:target-number:target-number-premium-03-287srg","phase5h:5:target-number:target-number-premium-03-287srg","target-number"
"pilot_slot_074","15","4","launch-candidate:phase5h:6:word-ladder:ladder-nar-kol-01-1ti8nxf","phase5h:6:word-ladder:ladder-nar-kol-01-1ti8nxf","word-ladder"
"pilot_slot_074","15","4","launch-candidate:phase5h:5:word-mine:word-mine-premium-05-scc0je","phase5h:5:word-mine:word-mine-premium-05-scc0je","word-mine"
"pilot_slot_074","15","4","launch-candidate:phase5h:8:english-vocabulary:english-vocab-context-12-1jd1pbt","phase5h:8:english-vocabulary:english-vocab-context-12-1jd1pbt","english-vocabulary"
"pilot_slot_074","15","4","launch-candidate:phase5h:8:religion-practice:religion-help-dignity-01-1sq4xqq","phase5h:8:religion-practice:religion-help-dignity-01-1sq4xqq","religion-practice"
"pilot_slot_074","15","4","launch-candidate:phase5h:7:science-lab:science-ecosystem-chain-01-1gv13n3","phase5h:7:science-lab:science-ecosystem-chain-01-1gv13n3","science-lab"
"pilot_slot_074","15","4","launch-candidate:phase5h:8:science-reasoning:g8-photosynthesis-light-01","phase5h:8:science-reasoning:g8-photosynthesis-light-01","science-reasoning"
"pilot_slot_075","15","1","launch-candidate:phase5h:6:english-cloze:eng-cloze-cause-result-01-19phl4r","phase5h:6:english-cloze:eng-cloze-cause-result-01-19phl4r","english-cloze"
"pilot_slot_075","15","1","launch-candidate:phase5h:7:english-sentence-builder:order-if-finish-01-11i74e","phase5h:7:english-sentence-builder:order-if-finish-01-11i74e","english-sentence-builder"
"pilot_slot_075","15","1","launch-candidate:phase5h:5:english-vocabulary:g35-en-vocab-protect-01-18is450","phase5h:5:english-vocabulary:g35-en-vocab-protect-01-18is450","english-vocabulary"
"pilot_slot_075","15","1","launch-candidate:phase5h:6:error-detective:math-equation-error-01-nl452y","phase5h:6:error-detective:math-equation-error-01-nl452y","error-detective"
"pilot_slot_075","15","1","launch-candidate:phase5h:8:lgs-foundation:lgs-probability-bag-01-10u5ryk","phase5h:8:lgs-foundation:lgs-probability-bag-01-10u5ryk","lgs-foundation"
"pilot_slot_075","15","1","launch-candidate:phase5h:8:logic-station:logic-schedule-possible-01-mssrym","phase5h:8:logic-station:logic-schedule-possible-01-mssrym","logic-station"
"pilot_slot_075","15","2","launch-candidate:phase5h:8:meaning-hunt:meaning-isik-tutmak-01-aq5911","phase5h:8:meaning-hunt:meaning-isik-tutmak-01-aq5911","meaning-hunt"
"pilot_slot_075","15","2","launch-candidate:phase5h:7:olympiad-ladder:olympiad-pigeonhole-remainder-01-144voa7","phase5h:7:olympiad-ladder:olympiad-pigeonhole-remainder-01-144voa7","olympiad-ladder"
"pilot_slot_075","15","2","launch-candidate:phase5h:8:paragraph-detective:tr-main-idea-01-122remb","phase5h:8:paragraph-detective:tr-main-idea-01-122remb","paragraph-detective"
"pilot_slot_075","15","2","launch-candidate:phase5h:8:problem-hunter:g8-linear-tank-01","phase5h:8:problem-hunter:g8-linear-tank-01","problem-hunter"
"pilot_slot_075","15","2","launch-candidate:phase5h:5:religion-practice:g5-ihlas-meaning-01","phase5h:5:religion-practice:g5-ihlas-meaning-01","religion-practice"
"pilot_slot_075","15","2","launch-candidate:phase5h:5:science-lab:g5-conductor-evidence-01","phase5h:5:science-lab:g5-conductor-evidence-01","science-lab"
"pilot_slot_075","15","3","launch-candidate:phase5h:6:science-reasoning:g6-bulb-brightness-variable-01","phase5h:6:science-reasoning:g6-bulb-brightness-variable-01","science-reasoning"
"pilot_slot_075","15","3","launch-candidate:phase5h:7:social-citizenship:g7-accessibility-equality-01","phase5h:7:social-citizenship:g7-accessibility-equality-01","social-citizenship"
"pilot_slot_075","15","3","launch-candidate:phase5h:6:social-map-skills:g6-relative-location-01","phase5h:6:social-map-skills:g6-relative-location-01","social-map-skills"
"pilot_slot_075","15","3","launch-candidate:phase5h:5:social-time-travel:g5-first-settlements-evidence-01","phase5h:5:social-time-travel:g5-first-settlements-evidence-01","social-time-travel"
"pilot_slot_075","15","3","launch-candidate:phase5h:6:speed-math:speed-percent-sale-01-y9orlf","phase5h:6:speed-math:speed-percent-sale-01-y9orlf","speed-math"
"pilot_slot_075","15","3","launch-candidate:phase5h:5:target-number:target-number-premium-03-287srg","phase5h:5:target-number:target-number-premium-03-287srg","target-number"
"pilot_slot_075","15","4","launch-candidate:phase5h:6:word-ladder:ladder-nar-kol-01-1ti8nxf","phase5h:6:word-ladder:ladder-nar-kol-01-1ti8nxf","word-ladder"
"pilot_slot_075","15","4","launch-candidate:phase5h:6:religion-practice:g6-truthfulness-01","phase5h:6:religion-practice:g6-truthfulness-01","religion-practice"
"pilot_slot_075","15","4","launch-candidate:phase5h:8:science-reasoning:g8-photosynthesis-light-01","phase5h:8:science-reasoning:g8-photosynthesis-light-01","science-reasoning"
"pilot_slot_075","15","4","launch-candidate:phase5h:8:social-time-travel:g8-national-struggle-source-01","phase5h:8:social-time-travel:g8-national-struggle-source-01","social-time-travel"
"pilot_slot_075","15","4","launch-candidate:phase5h:7:religion-practice:g7-belief-behaviour-01","phase5h:7:religion-practice:g7-belief-behaviour-01","religion-practice"
"pilot_slot_075","15","4","launch-candidate:phase5h:8:religion-practice:religion-help-dignity-01-1sq4xqq","phase5h:8:religion-practice:religion-help-dignity-01-1sq4xqq","religion-practice"
"pilot_slot_076","16","1","launch-candidate:phase5h:6:english-cloze:eng-cloze-cause-result-01-19phl4r","phase5h:6:english-cloze:eng-cloze-cause-result-01-19phl4r","english-cloze"
"pilot_slot_076","16","1","launch-candidate:phase5h:8:english-vocabulary:english-vocab-context-12-1jd1pbt","phase5h:8:english-vocabulary:english-vocab-context-12-1jd1pbt","english-vocabulary"
"pilot_slot_076","16","1","launch-candidate:phase5h:6:error-detective:math-equation-error-01-nl452y","phase5h:6:error-detective:math-equation-error-01-nl452y","error-detective"
"pilot_slot_076","16","1","launch-candidate:phase5h:7:forbidden-story:story-forbidden-u-01-1ujd3uf","phase5h:7:forbidden-story:story-forbidden-u-01-1ujd3uf","forbidden-story"
"pilot_slot_076","16","1","launch-candidate:phase5h:5:geometry-lab:g35-geometry-composite-area-01-8grgur","phase5h:5:geometry-lab:g35-geometry-composite-area-01-8grgur","geometry-lab"
"pilot_slot_076","16","1","launch-candidate:phase5h:8:logic-station:logic-schedule-possible-01-mssrym","phase5h:8:logic-station:logic-schedule-possible-01-mssrym","logic-station"
"pilot_slot_076","16","2","launch-candidate:phase5h:8:meaning-hunt:meaning-isik-tutmak-01-aq5911","phase5h:8:meaning-hunt:meaning-isik-tutmak-01-aq5911","meaning-hunt"
"pilot_slot_076","16","2","launch-candidate:phase5h:7:olympiad-ladder:olympiad-pigeonhole-remainder-01-144voa7","phase5h:7:olympiad-ladder:olympiad-pigeonhole-remainder-01-144voa7","olympiad-ladder"
"pilot_slot_076","16","2","launch-candidate:phase5h:8:paragraph-detective:tr-main-idea-01-122remb","phase5h:8:paragraph-detective:tr-main-idea-01-122remb","paragraph-detective"
"pilot_slot_076","16","2","launch-candidate:phase5h:7:pattern-lab:pattern-matchsticks-01-jmob3w","phase5h:7:pattern-lab:pattern-matchsticks-01-jmob3w","pattern-lab"
"pilot_slot_076","16","2","launch-candidate:phase5h:8:problem-hunter:g8-linear-tank-01","phase5h:8:problem-hunter:g8-linear-tank-01","problem-hunter"
"pilot_slot_076","16","2","launch-candidate:phase5h:5:religion-practice:g5-ihlas-meaning-01","phase5h:5:religion-practice:g5-ihlas-meaning-01","religion-practice"
"pilot_slot_076","16","3","launch-candidate:phase5h:5:science-lab:g5-conductor-evidence-01","phase5h:5:science-lab:g5-conductor-evidence-01","science-lab"
"pilot_slot_076","16","3","launch-candidate:phase5h:8:science-reasoning:g8-photosynthesis-light-01","phase5h:8:science-reasoning:g8-photosynthesis-light-01","science-reasoning"
"pilot_slot_076","16","3","launch-candidate:phase5h:7:social-citizenship:g7-accessibility-equality-01","phase5h:7:social-citizenship:g7-accessibility-equality-01","social-citizenship"
"pilot_slot_076","16","3","launch-candidate:phase5h:6:social-map-skills:g6-relative-location-01","phase5h:6:social-map-skills:g6-relative-location-01","social-map-skills"
"pilot_slot_076","16","3","launch-candidate:phase5h:5:social-time-travel:g5-first-settlements-evidence-01","phase5h:5:social-time-travel:g5-first-settlements-evidence-01","social-time-travel"
"pilot_slot_076","16","3","launch-candidate:phase5h:5:target-number:target-number-premium-03-287srg","phase5h:5:target-number:target-number-premium-03-287srg","target-number"
"pilot_slot_076","16","4","launch-candidate:phase5h:6:word-ladder:ladder-nar-kol-01-1ti8nxf","phase5h:6:word-ladder:ladder-nar-kol-01-1ti8nxf","word-ladder"
"pilot_slot_076","16","4","launch-candidate:phase5h:5:word-mine:word-mine-premium-05-scc0je","phase5h:5:word-mine:word-mine-premium-05-scc0je","word-mine"
"pilot_slot_076","16","4","launch-candidate:phase5h:6:religion-practice:g6-truthfulness-01","phase5h:6:religion-practice:g6-truthfulness-01","religion-practice"
"pilot_slot_076","16","4","launch-candidate:phase5h:7:science-lab:science-ecosystem-chain-01-1gv13n3","phase5h:7:science-lab:science-ecosystem-chain-01-1gv13n3","science-lab"
"pilot_slot_076","16","4","launch-candidate:phase5h:7:religion-practice:g7-belief-behaviour-01","phase5h:7:religion-practice:g7-belief-behaviour-01","religion-practice"
"pilot_slot_076","16","4","launch-candidate:phase5h:8:religion-practice:religion-help-dignity-01-1sq4xqq","phase5h:8:religion-practice:religion-help-dignity-01-1sq4xqq","religion-practice"
"pilot_slot_077","16","1","launch-candidate:phase5h:6:english-cloze:eng-cloze-cause-result-01-19phl4r","phase5h:6:english-cloze:eng-cloze-cause-result-01-19phl4r","english-cloze"
"pilot_slot_077","16","1","launch-candidate:phase5h:7:english-sentence-builder:order-if-finish-01-11i74e","phase5h:7:english-sentence-builder:order-if-finish-01-11i74e","english-sentence-builder"
"pilot_slot_077","16","1","launch-candidate:phase5h:5:english-vocabulary:g35-en-vocab-protect-01-18is450","phase5h:5:english-vocabulary:g35-en-vocab-protect-01-18is450","english-vocabulary"
"pilot_slot_077","16","1","launch-candidate:phase5h:6:error-detective:math-equation-error-01-nl452y","phase5h:6:error-detective:math-equation-error-01-nl452y","error-detective"
"pilot_slot_077","16","1","launch-candidate:phase5h:5:geometry-lab:g35-geometry-composite-area-01-8grgur","phase5h:5:geometry-lab:g35-geometry-composite-area-01-8grgur","geometry-lab"
"pilot_slot_077","16","1","launch-candidate:phase5h:8:lgs-foundation:lgs-probability-bag-01-10u5ryk","phase5h:8:lgs-foundation:lgs-probability-bag-01-10u5ryk","lgs-foundation"
"pilot_slot_077","16","2","launch-candidate:phase5h:8:logic-station:logic-schedule-possible-01-mssrym","phase5h:8:logic-station:logic-schedule-possible-01-mssrym","logic-station"
"pilot_slot_077","16","2","launch-candidate:phase5h:8:meaning-hunt:meaning-isik-tutmak-01-aq5911","phase5h:8:meaning-hunt:meaning-isik-tutmak-01-aq5911","meaning-hunt"
"pilot_slot_077","16","2","launch-candidate:phase5h:7:pattern-lab:pattern-matchsticks-01-jmob3w","phase5h:7:pattern-lab:pattern-matchsticks-01-jmob3w","pattern-lab"
"pilot_slot_077","16","2","launch-candidate:phase5h:8:problem-hunter:g8-linear-tank-01","phase5h:8:problem-hunter:g8-linear-tank-01","problem-hunter"
"pilot_slot_077","16","2","launch-candidate:phase5h:6:religion-practice:g6-truthfulness-01","phase5h:6:religion-practice:g6-truthfulness-01","religion-practice"
"pilot_slot_077","16","2","launch-candidate:phase5h:5:science-lab:g5-conductor-evidence-01","phase5h:5:science-lab:g5-conductor-evidence-01","science-lab"
"pilot_slot_077","16","3","launch-candidate:phase5h:6:science-reasoning:g6-bulb-brightness-variable-01","phase5h:6:science-reasoning:g6-bulb-brightness-variable-01","science-reasoning"
"pilot_slot_077","16","3","launch-candidate:phase5h:7:social-citizenship:g7-accessibility-equality-01","phase5h:7:social-citizenship:g7-accessibility-equality-01","social-citizenship"
"pilot_slot_077","16","3","launch-candidate:phase5h:5:social-time-travel:g5-first-settlements-evidence-01","phase5h:5:social-time-travel:g5-first-settlements-evidence-01","social-time-travel"
"pilot_slot_077","16","3","launch-candidate:phase5h:6:speed-math:speed-percent-sale-01-y9orlf","phase5h:6:speed-math:speed-percent-sale-01-y9orlf","speed-math"
"pilot_slot_077","16","3","launch-candidate:phase5h:5:target-number:target-number-premium-03-287srg","phase5h:5:target-number:target-number-premium-03-287srg","target-number"
"pilot_slot_077","16","3","launch-candidate:phase5h:6:word-ladder:ladder-nar-kol-01-1ti8nxf","phase5h:6:word-ladder:ladder-nar-kol-01-1ti8nxf","word-ladder"
"pilot_slot_077","16","4","launch-candidate:phase5h:5:word-mine:word-mine-premium-05-scc0je","phase5h:5:word-mine:word-mine-premium-05-scc0je","word-mine"
"pilot_slot_077","16","4","launch-candidate:phase5h:8:english-vocabulary:english-vocab-context-12-1jd1pbt","phase5h:8:english-vocabulary:english-vocab-context-12-1jd1pbt","english-vocabulary"
"pilot_slot_077","16","4","launch-candidate:phase5h:8:religion-practice:religion-help-dignity-01-1sq4xqq","phase5h:8:religion-practice:religion-help-dignity-01-1sq4xqq","religion-practice"
"pilot_slot_077","16","4","launch-candidate:phase5h:7:science-lab:science-ecosystem-chain-01-1gv13n3","phase5h:7:science-lab:science-ecosystem-chain-01-1gv13n3","science-lab"
"pilot_slot_077","16","4","launch-candidate:phase5h:8:science-reasoning:g8-photosynthesis-light-01","phase5h:8:science-reasoning:g8-photosynthesis-light-01","science-reasoning"
"pilot_slot_077","16","4","launch-candidate:phase5h:8:social-time-travel:g8-national-struggle-source-01","phase5h:8:social-time-travel:g8-national-struggle-source-01","social-time-travel"
"pilot_slot_078","16","1","launch-candidate:phase5h:7:english-sentence-builder:order-if-finish-01-11i74e","phase5h:7:english-sentence-builder:order-if-finish-01-11i74e","english-sentence-builder"
"pilot_slot_078","16","1","launch-candidate:phase5h:5:english-vocabulary:g35-en-vocab-protect-01-18is450","phase5h:5:english-vocabulary:g35-en-vocab-protect-01-18is450","english-vocabulary"
"pilot_slot_078","16","1","launch-candidate:phase5h:6:error-detective:math-equation-error-01-nl452y","phase5h:6:error-detective:math-equation-error-01-nl452y","error-detective"
"pilot_slot_078","16","1","launch-candidate:phase5h:7:forbidden-story:story-forbidden-u-01-1ujd3uf","phase5h:7:forbidden-story:story-forbidden-u-01-1ujd3uf","forbidden-story"
"pilot_slot_078","16","1","launch-candidate:phase5h:8:lgs-foundation:lgs-probability-bag-01-10u5ryk","phase5h:8:lgs-foundation:lgs-probability-bag-01-10u5ryk","lgs-foundation"
"pilot_slot_078","16","1","launch-candidate:phase5h:8:logic-station:logic-schedule-possible-01-mssrym","phase5h:8:logic-station:logic-schedule-possible-01-mssrym","logic-station"
"pilot_slot_078","16","2","launch-candidate:phase5h:8:meaning-hunt:meaning-isik-tutmak-01-aq5911","phase5h:8:meaning-hunt:meaning-isik-tutmak-01-aq5911","meaning-hunt"
"pilot_slot_078","16","2","launch-candidate:phase5h:7:olympiad-ladder:olympiad-pigeonhole-remainder-01-144voa7","phase5h:7:olympiad-ladder:olympiad-pigeonhole-remainder-01-144voa7","olympiad-ladder"
"pilot_slot_078","16","2","launch-candidate:phase5h:8:paragraph-detective:tr-main-idea-01-122remb","phase5h:8:paragraph-detective:tr-main-idea-01-122remb","paragraph-detective"
"pilot_slot_078","16","2","launch-candidate:phase5h:8:problem-hunter:g8-linear-tank-01","phase5h:8:problem-hunter:g8-linear-tank-01","problem-hunter"
"pilot_slot_078","16","2","launch-candidate:phase5h:5:religion-practice:g5-ihlas-meaning-01","phase5h:5:religion-practice:g5-ihlas-meaning-01","religion-practice"
"pilot_slot_078","16","2","launch-candidate:phase5h:5:science-lab:g5-conductor-evidence-01","phase5h:5:science-lab:g5-conductor-evidence-01","science-lab"
"pilot_slot_078","16","3","launch-candidate:phase5h:6:science-reasoning:g6-bulb-brightness-variable-01","phase5h:6:science-reasoning:g6-bulb-brightness-variable-01","science-reasoning"
"pilot_slot_078","16","3","launch-candidate:phase5h:7:social-citizenship:g7-accessibility-equality-01","phase5h:7:social-citizenship:g7-accessibility-equality-01","social-citizenship"
"pilot_slot_078","16","3","launch-candidate:phase5h:6:social-map-skills:g6-relative-location-01","phase5h:6:social-map-skills:g6-relative-location-01","social-map-skills"
"pilot_slot_078","16","3","launch-candidate:phase5h:5:social-time-travel:g5-first-settlements-evidence-01","phase5h:5:social-time-travel:g5-first-settlements-evidence-01","social-time-travel"
"pilot_slot_078","16","3","launch-candidate:phase5h:6:speed-math:speed-percent-sale-01-y9orlf","phase5h:6:speed-math:speed-percent-sale-01-y9orlf","speed-math"
"pilot_slot_078","16","3","launch-candidate:phase5h:5:target-number:target-number-premium-03-287srg","phase5h:5:target-number:target-number-premium-03-287srg","target-number"
"pilot_slot_078","16","4","launch-candidate:phase5h:6:word-ladder:ladder-nar-kol-01-1ti8nxf","phase5h:6:word-ladder:ladder-nar-kol-01-1ti8nxf","word-ladder"
"pilot_slot_078","16","4","launch-candidate:phase5h:6:religion-practice:g6-truthfulness-01","phase5h:6:religion-practice:g6-truthfulness-01","religion-practice"
"pilot_slot_078","16","4","launch-candidate:phase5h:8:science-reasoning:g8-photosynthesis-light-01","phase5h:8:science-reasoning:g8-photosynthesis-light-01","science-reasoning"
"pilot_slot_078","16","4","launch-candidate:phase5h:8:social-time-travel:g8-national-struggle-source-01","phase5h:8:social-time-travel:g8-national-struggle-source-01","social-time-travel"
"pilot_slot_078","16","4","launch-candidate:phase5h:7:religion-practice:g7-belief-behaviour-01","phase5h:7:religion-practice:g7-belief-behaviour-01","religion-practice"
"pilot_slot_078","16","4","launch-candidate:phase5h:8:religion-practice:religion-help-dignity-01-1sq4xqq","phase5h:8:religion-practice:religion-help-dignity-01-1sq4xqq","religion-practice"
"pilot_slot_079","16","1","launch-candidate:phase5h:6:english-cloze:eng-cloze-cause-result-01-19phl4r","phase5h:6:english-cloze:eng-cloze-cause-result-01-19phl4r","english-cloze"
"pilot_slot_079","16","1","launch-candidate:phase5h:7:english-sentence-builder:order-if-finish-01-11i74e","phase5h:7:english-sentence-builder:order-if-finish-01-11i74e","english-sentence-builder"
"pilot_slot_079","16","1","launch-candidate:phase5h:5:english-vocabulary:g35-en-vocab-protect-01-18is450","phase5h:5:english-vocabulary:g35-en-vocab-protect-01-18is450","english-vocabulary"
"pilot_slot_079","16","1","launch-candidate:phase5h:6:error-detective:math-equation-error-01-nl452y","phase5h:6:error-detective:math-equation-error-01-nl452y","error-detective"
"pilot_slot_079","16","1","launch-candidate:phase5h:7:forbidden-story:story-forbidden-u-01-1ujd3uf","phase5h:7:forbidden-story:story-forbidden-u-01-1ujd3uf","forbidden-story"
"pilot_slot_079","16","1","launch-candidate:phase5h:5:geometry-lab:g35-geometry-composite-area-01-8grgur","phase5h:5:geometry-lab:g35-geometry-composite-area-01-8grgur","geometry-lab"
"pilot_slot_079","16","2","launch-candidate:phase5h:8:lgs-foundation:lgs-probability-bag-01-10u5ryk","phase5h:8:lgs-foundation:lgs-probability-bag-01-10u5ryk","lgs-foundation"
"pilot_slot_079","16","2","launch-candidate:phase5h:8:meaning-hunt:meaning-isik-tutmak-01-aq5911","phase5h:8:meaning-hunt:meaning-isik-tutmak-01-aq5911","meaning-hunt"
"pilot_slot_079","16","2","launch-candidate:phase5h:7:olympiad-ladder:olympiad-pigeonhole-remainder-01-144voa7","phase5h:7:olympiad-ladder:olympiad-pigeonhole-remainder-01-144voa7","olympiad-ladder"
"pilot_slot_079","16","2","launch-candidate:phase5h:8:paragraph-detective:tr-main-idea-01-122remb","phase5h:8:paragraph-detective:tr-main-idea-01-122remb","paragraph-detective"
"pilot_slot_079","16","2","launch-candidate:phase5h:7:pattern-lab:pattern-matchsticks-01-jmob3w","phase5h:7:pattern-lab:pattern-matchsticks-01-jmob3w","pattern-lab"
"pilot_slot_079","16","2","launch-candidate:phase5h:8:problem-hunter:g8-linear-tank-01","phase5h:8:problem-hunter:g8-linear-tank-01","problem-hunter"
"pilot_slot_079","16","3","launch-candidate:phase5h:5:religion-practice:g5-ihlas-meaning-01","phase5h:5:religion-practice:g5-ihlas-meaning-01","religion-practice"
"pilot_slot_079","16","3","launch-candidate:phase5h:7:science-lab:science-ecosystem-chain-01-1gv13n3","phase5h:7:science-lab:science-ecosystem-chain-01-1gv13n3","science-lab"
"pilot_slot_079","16","3","launch-candidate:phase5h:6:science-reasoning:g6-bulb-brightness-variable-01","phase5h:6:science-reasoning:g6-bulb-brightness-variable-01","science-reasoning"
"pilot_slot_079","16","3","launch-candidate:phase5h:6:social-map-skills:g6-relative-location-01","phase5h:6:social-map-skills:g6-relative-location-01","social-map-skills"
"pilot_slot_079","16","3","launch-candidate:phase5h:5:social-time-travel:g5-first-settlements-evidence-01","phase5h:5:social-time-travel:g5-first-settlements-evidence-01","social-time-travel"
"pilot_slot_079","16","3","launch-candidate:phase5h:6:speed-math:speed-percent-sale-01-y9orlf","phase5h:6:speed-math:speed-percent-sale-01-y9orlf","speed-math"
"pilot_slot_079","16","4","launch-candidate:phase5h:6:word-ladder:ladder-nar-kol-01-1ti8nxf","phase5h:6:word-ladder:ladder-nar-kol-01-1ti8nxf","word-ladder"
"pilot_slot_079","16","4","launch-candidate:phase5h:5:word-mine:word-mine-premium-05-scc0je","phase5h:5:word-mine:word-mine-premium-05-scc0je","word-mine"
"pilot_slot_079","16","4","launch-candidate:phase5h:8:english-vocabulary:english-vocab-context-12-1jd1pbt","phase5h:8:english-vocabulary:english-vocab-context-12-1jd1pbt","english-vocabulary"
"pilot_slot_079","16","4","launch-candidate:phase5h:7:religion-practice:g7-belief-behaviour-01","phase5h:7:religion-practice:g7-belief-behaviour-01","religion-practice"
"pilot_slot_079","16","4","launch-candidate:phase5h:8:science-reasoning:g8-photosynthesis-light-01","phase5h:8:science-reasoning:g8-photosynthesis-light-01","science-reasoning"
"pilot_slot_079","16","4","launch-candidate:phase5h:8:social-time-travel:g8-national-struggle-source-01","phase5h:8:social-time-travel:g8-national-struggle-source-01","social-time-travel"
"pilot_slot_080","16","1","launch-candidate:phase5h:6:english-cloze:eng-cloze-cause-result-01-19phl4r","phase5h:6:english-cloze:eng-cloze-cause-result-01-19phl4r","english-cloze"
"pilot_slot_080","16","1","launch-candidate:phase5h:7:english-sentence-builder:order-if-finish-01-11i74e","phase5h:7:english-sentence-builder:order-if-finish-01-11i74e","english-sentence-builder"
"pilot_slot_080","16","1","launch-candidate:phase5h:5:english-vocabulary:g35-en-vocab-protect-01-18is450","phase5h:5:english-vocabulary:g35-en-vocab-protect-01-18is450","english-vocabulary"
"pilot_slot_080","16","1","launch-candidate:phase5h:7:forbidden-story:story-forbidden-u-01-1ujd3uf","phase5h:7:forbidden-story:story-forbidden-u-01-1ujd3uf","forbidden-story"
"pilot_slot_080","16","1","launch-candidate:phase5h:5:geometry-lab:g35-geometry-composite-area-01-8grgur","phase5h:5:geometry-lab:g35-geometry-composite-area-01-8grgur","geometry-lab"
"pilot_slot_080","16","1","launch-candidate:phase5h:8:lgs-foundation:lgs-probability-bag-01-10u5ryk","phase5h:8:lgs-foundation:lgs-probability-bag-01-10u5ryk","lgs-foundation"
"pilot_slot_080","16","2","launch-candidate:phase5h:8:logic-station:logic-schedule-possible-01-mssrym","phase5h:8:logic-station:logic-schedule-possible-01-mssrym","logic-station"
"pilot_slot_080","16","2","launch-candidate:phase5h:7:olympiad-ladder:olympiad-pigeonhole-remainder-01-144voa7","phase5h:7:olympiad-ladder:olympiad-pigeonhole-remainder-01-144voa7","olympiad-ladder"
"pilot_slot_080","16","2","launch-candidate:phase5h:8:paragraph-detective:tr-main-idea-01-122remb","phase5h:8:paragraph-detective:tr-main-idea-01-122remb","paragraph-detective"
"pilot_slot_080","16","2","launch-candidate:phase5h:7:pattern-lab:pattern-matchsticks-01-jmob3w","phase5h:7:pattern-lab:pattern-matchsticks-01-jmob3w","pattern-lab"
"pilot_slot_080","16","2","launch-candidate:phase5h:5:religion-practice:g5-ihlas-meaning-01","phase5h:5:religion-practice:g5-ihlas-meaning-01","religion-practice"
"pilot_slot_080","16","2","launch-candidate:phase5h:5:science-lab:g5-conductor-evidence-01","phase5h:5:science-lab:g5-conductor-evidence-01","science-lab"
"pilot_slot_080","16","3","launch-candidate:phase5h:6:science-reasoning:g6-bulb-brightness-variable-01","phase5h:6:science-reasoning:g6-bulb-brightness-variable-01","science-reasoning"
"pilot_slot_080","16","3","launch-candidate:phase5h:7:social-citizenship:g7-accessibility-equality-01","phase5h:7:social-citizenship:g7-accessibility-equality-01","social-citizenship"
"pilot_slot_080","16","3","launch-candidate:phase5h:6:social-map-skills:g6-relative-location-01","phase5h:6:social-map-skills:g6-relative-location-01","social-map-skills"
"pilot_slot_080","16","3","launch-candidate:phase5h:8:social-time-travel:g8-national-struggle-source-01","phase5h:8:social-time-travel:g8-national-struggle-source-01","social-time-travel"
"pilot_slot_080","16","3","launch-candidate:phase5h:6:speed-math:speed-percent-sale-01-y9orlf","phase5h:6:speed-math:speed-percent-sale-01-y9orlf","speed-math"
"pilot_slot_080","16","3","launch-candidate:phase5h:5:target-number:target-number-premium-03-287srg","phase5h:5:target-number:target-number-premium-03-287srg","target-number"
"pilot_slot_080","16","4","launch-candidate:phase5h:5:word-mine:word-mine-premium-05-scc0je","phase5h:5:word-mine:word-mine-premium-05-scc0je","word-mine"
"pilot_slot_080","16","4","launch-candidate:phase5h:8:english-vocabulary:english-vocab-context-12-1jd1pbt","phase5h:8:english-vocabulary:english-vocab-context-12-1jd1pbt","english-vocabulary"
"pilot_slot_080","16","4","launch-candidate:phase5h:6:religion-practice:g6-truthfulness-01","phase5h:6:religion-practice:g6-truthfulness-01","religion-practice"
"pilot_slot_080","16","4","launch-candidate:phase5h:7:science-lab:science-ecosystem-chain-01-1gv13n3","phase5h:7:science-lab:science-ecosystem-chain-01-1gv13n3","science-lab"
"pilot_slot_080","16","4","launch-candidate:phase5h:7:religion-practice:g7-belief-behaviour-01","phase5h:7:religion-practice:g7-belief-behaviour-01","religion-practice"
"pilot_slot_080","16","4","launch-candidate:phase5h:8:religion-practice:religion-help-dignity-01-1sq4xqq","phase5h:8:religion-practice:religion-help-dignity-01-1sq4xqq","religion-practice"
"pilot_slot_081","17","1","launch-candidate:phase5h:7:english-sentence-builder:order-if-finish-01-11i74e","phase5h:7:english-sentence-builder:order-if-finish-01-11i74e","english-sentence-builder"
"pilot_slot_081","17","1","launch-candidate:phase5h:5:english-vocabulary:g35-en-vocab-protect-01-18is450","phase5h:5:english-vocabulary:g35-en-vocab-protect-01-18is450","english-vocabulary"
"pilot_slot_081","17","1","launch-candidate:phase5h:6:error-detective:math-equation-error-01-nl452y","phase5h:6:error-detective:math-equation-error-01-nl452y","error-detective"
"pilot_slot_081","17","1","launch-candidate:phase5h:7:forbidden-story:story-forbidden-u-01-1ujd3uf","phase5h:7:forbidden-story:story-forbidden-u-01-1ujd3uf","forbidden-story"
"pilot_slot_081","17","1","launch-candidate:phase5h:5:geometry-lab:g35-geometry-composite-area-01-8grgur","phase5h:5:geometry-lab:g35-geometry-composite-area-01-8grgur","geometry-lab"
"pilot_slot_081","17","1","launch-candidate:phase5h:8:lgs-foundation:lgs-probability-bag-01-10u5ryk","phase5h:8:lgs-foundation:lgs-probability-bag-01-10u5ryk","lgs-foundation"
"pilot_slot_081","17","2","launch-candidate:phase5h:8:logic-station:logic-schedule-possible-01-mssrym","phase5h:8:logic-station:logic-schedule-possible-01-mssrym","logic-station"
"pilot_slot_081","17","2","launch-candidate:phase5h:8:meaning-hunt:meaning-isik-tutmak-01-aq5911","phase5h:8:meaning-hunt:meaning-isik-tutmak-01-aq5911","meaning-hunt"
"pilot_slot_081","17","2","launch-candidate:phase5h:7:olympiad-ladder:olympiad-pigeonhole-remainder-01-144voa7","phase5h:7:olympiad-ladder:olympiad-pigeonhole-remainder-01-144voa7","olympiad-ladder"
"pilot_slot_081","17","2","launch-candidate:phase5h:8:paragraph-detective:tr-main-idea-01-122remb","phase5h:8:paragraph-detective:tr-main-idea-01-122remb","paragraph-detective"
"pilot_slot_081","17","2","launch-candidate:phase5h:8:problem-hunter:g8-linear-tank-01","phase5h:8:problem-hunter:g8-linear-tank-01","problem-hunter"
"pilot_slot_081","17","2","launch-candidate:phase5h:5:religion-practice:g5-ihlas-meaning-01","phase5h:5:religion-practice:g5-ihlas-meaning-01","religion-practice"
"pilot_slot_081","17","3","launch-candidate:phase5h:6:science-reasoning:g6-bulb-brightness-variable-01","phase5h:6:science-reasoning:g6-bulb-brightness-variable-01","science-reasoning"
"pilot_slot_081","17","3","launch-candidate:phase5h:7:social-citizenship:g7-accessibility-equality-01","phase5h:7:social-citizenship:g7-accessibility-equality-01","social-citizenship"
"pilot_slot_081","17","3","launch-candidate:phase5h:6:social-map-skills:g6-relative-location-01","phase5h:6:social-map-skills:g6-relative-location-01","social-map-skills"
"pilot_slot_081","17","3","launch-candidate:phase5h:5:social-time-travel:g5-first-settlements-evidence-01","phase5h:5:social-time-travel:g5-first-settlements-evidence-01","social-time-travel"
"pilot_slot_081","17","3","launch-candidate:phase5h:6:speed-math:speed-percent-sale-01-y9orlf","phase5h:6:speed-math:speed-percent-sale-01-y9orlf","speed-math"
"pilot_slot_081","17","3","launch-candidate:phase5h:5:target-number:target-number-premium-03-287srg","phase5h:5:target-number:target-number-premium-03-287srg","target-number"
"pilot_slot_081","17","4","launch-candidate:phase5h:6:word-ladder:ladder-nar-kol-01-1ti8nxf","phase5h:6:word-ladder:ladder-nar-kol-01-1ti8nxf","word-ladder"
"pilot_slot_081","17","4","launch-candidate:phase5h:6:religion-practice:g6-truthfulness-01","phase5h:6:religion-practice:g6-truthfulness-01","religion-practice"
"pilot_slot_081","17","4","launch-candidate:phase5h:8:science-reasoning:g8-photosynthesis-light-01","phase5h:8:science-reasoning:g8-photosynthesis-light-01","science-reasoning"
"pilot_slot_081","17","4","launch-candidate:phase5h:8:social-time-travel:g8-national-struggle-source-01","phase5h:8:social-time-travel:g8-national-struggle-source-01","social-time-travel"
"pilot_slot_081","17","4","launch-candidate:phase5h:7:religion-practice:g7-belief-behaviour-01","phase5h:7:religion-practice:g7-belief-behaviour-01","religion-practice"
"pilot_slot_081","17","4","launch-candidate:phase5h:8:religion-practice:religion-help-dignity-01-1sq4xqq","phase5h:8:religion-practice:religion-help-dignity-01-1sq4xqq","religion-practice"
"pilot_slot_082","17","1","launch-candidate:phase5h:6:english-cloze:eng-cloze-cause-result-01-19phl4r","phase5h:6:english-cloze:eng-cloze-cause-result-01-19phl4r","english-cloze"
"pilot_slot_082","17","1","launch-candidate:phase5h:7:english-sentence-builder:order-if-finish-01-11i74e","phase5h:7:english-sentence-builder:order-if-finish-01-11i74e","english-sentence-builder"
"pilot_slot_082","17","1","launch-candidate:phase5h:5:english-vocabulary:g35-en-vocab-protect-01-18is450","phase5h:5:english-vocabulary:g35-en-vocab-protect-01-18is450","english-vocabulary"
"pilot_slot_082","17","1","launch-candidate:phase5h:6:error-detective:math-equation-error-01-nl452y","phase5h:6:error-detective:math-equation-error-01-nl452y","error-detective"
"pilot_slot_082","17","1","launch-candidate:phase5h:7:forbidden-story:story-forbidden-u-01-1ujd3uf","phase5h:7:forbidden-story:story-forbidden-u-01-1ujd3uf","forbidden-story"
"pilot_slot_082","17","1","launch-candidate:phase5h:5:geometry-lab:g35-geometry-composite-area-01-8grgur","phase5h:5:geometry-lab:g35-geometry-composite-area-01-8grgur","geometry-lab"
"pilot_slot_082","17","2","launch-candidate:phase5h:8:lgs-foundation:lgs-probability-bag-01-10u5ryk","phase5h:8:lgs-foundation:lgs-probability-bag-01-10u5ryk","lgs-foundation"
"pilot_slot_082","17","2","launch-candidate:phase5h:7:olympiad-ladder:olympiad-pigeonhole-remainder-01-144voa7","phase5h:7:olympiad-ladder:olympiad-pigeonhole-remainder-01-144voa7","olympiad-ladder"
"pilot_slot_082","17","2","launch-candidate:phase5h:8:paragraph-detective:tr-main-idea-01-122remb","phase5h:8:paragraph-detective:tr-main-idea-01-122remb","paragraph-detective"
"pilot_slot_082","17","2","launch-candidate:phase5h:7:pattern-lab:pattern-matchsticks-01-jmob3w","phase5h:7:pattern-lab:pattern-matchsticks-01-jmob3w","pattern-lab"
"pilot_slot_082","17","2","launch-candidate:phase5h:8:problem-hunter:g8-linear-tank-01","phase5h:8:problem-hunter:g8-linear-tank-01","problem-hunter"
"pilot_slot_082","17","2","launch-candidate:phase5h:5:religion-practice:g5-ihlas-meaning-01","phase5h:5:religion-practice:g5-ihlas-meaning-01","religion-practice"
"pilot_slot_082","17","3","launch-candidate:phase5h:5:science-lab:g5-conductor-evidence-01","phase5h:5:science-lab:g5-conductor-evidence-01","science-lab"
"pilot_slot_082","17","3","launch-candidate:phase5h:6:science-reasoning:g6-bulb-brightness-variable-01","phase5h:6:science-reasoning:g6-bulb-brightness-variable-01","science-reasoning"
"pilot_slot_082","17","3","launch-candidate:phase5h:6:social-map-skills:g6-relative-location-01","phase5h:6:social-map-skills:g6-relative-location-01","social-map-skills"
"pilot_slot_082","17","3","launch-candidate:phase5h:5:social-time-travel:g5-first-settlements-evidence-01","phase5h:5:social-time-travel:g5-first-settlements-evidence-01","social-time-travel"
"pilot_slot_082","17","3","launch-candidate:phase5h:6:speed-math:speed-percent-sale-01-y9orlf","phase5h:6:speed-math:speed-percent-sale-01-y9orlf","speed-math"
"pilot_slot_082","17","3","launch-candidate:phase5h:6:word-ladder:ladder-nar-kol-01-1ti8nxf","phase5h:6:word-ladder:ladder-nar-kol-01-1ti8nxf","word-ladder"
"pilot_slot_082","17","4","launch-candidate:phase5h:5:word-mine:word-mine-premium-05-scc0je","phase5h:5:word-mine:word-mine-premium-05-scc0je","word-mine"
"pilot_slot_082","17","4","launch-candidate:phase5h:8:english-vocabulary:english-vocab-context-12-1jd1pbt","phase5h:8:english-vocabulary:english-vocab-context-12-1jd1pbt","english-vocabulary"
"pilot_slot_082","17","4","launch-candidate:phase5h:7:religion-practice:g7-belief-behaviour-01","phase5h:7:religion-practice:g7-belief-behaviour-01","religion-practice"
"pilot_slot_082","17","4","launch-candidate:phase5h:7:science-lab:science-ecosystem-chain-01-1gv13n3","phase5h:7:science-lab:science-ecosystem-chain-01-1gv13n3","science-lab"
"pilot_slot_082","17","4","launch-candidate:phase5h:8:science-reasoning:g8-photosynthesis-light-01","phase5h:8:science-reasoning:g8-photosynthesis-light-01","science-reasoning"
"pilot_slot_082","17","4","launch-candidate:phase5h:8:social-time-travel:g8-national-struggle-source-01","phase5h:8:social-time-travel:g8-national-struggle-source-01","social-time-travel"
"pilot_slot_083","17","1","launch-candidate:phase5h:6:english-cloze:eng-cloze-cause-result-01-19phl4r","phase5h:6:english-cloze:eng-cloze-cause-result-01-19phl4r","english-cloze"
"pilot_slot_083","17","1","launch-candidate:phase5h:5:english-vocabulary:g35-en-vocab-protect-01-18is450","phase5h:5:english-vocabulary:g35-en-vocab-protect-01-18is450","english-vocabulary"
"pilot_slot_083","17","1","launch-candidate:phase5h:7:forbidden-story:story-forbidden-u-01-1ujd3uf","phase5h:7:forbidden-story:story-forbidden-u-01-1ujd3uf","forbidden-story"
"pilot_slot_083","17","1","launch-candidate:phase5h:5:geometry-lab:g35-geometry-composite-area-01-8grgur","phase5h:5:geometry-lab:g35-geometry-composite-area-01-8grgur","geometry-lab"
"pilot_slot_083","17","1","launch-candidate:phase5h:8:lgs-foundation:lgs-probability-bag-01-10u5ryk","phase5h:8:lgs-foundation:lgs-probability-bag-01-10u5ryk","lgs-foundation"
"pilot_slot_083","17","1","launch-candidate:phase5h:8:logic-station:logic-schedule-possible-01-mssrym","phase5h:8:logic-station:logic-schedule-possible-01-mssrym","logic-station"
"pilot_slot_083","17","2","launch-candidate:phase5h:8:meaning-hunt:meaning-isik-tutmak-01-aq5911","phase5h:8:meaning-hunt:meaning-isik-tutmak-01-aq5911","meaning-hunt"
"pilot_slot_083","17","2","launch-candidate:phase5h:7:olympiad-ladder:olympiad-pigeonhole-remainder-01-144voa7","phase5h:7:olympiad-ladder:olympiad-pigeonhole-remainder-01-144voa7","olympiad-ladder"
"pilot_slot_083","17","2","launch-candidate:phase5h:8:paragraph-detective:tr-main-idea-01-122remb","phase5h:8:paragraph-detective:tr-main-idea-01-122remb","paragraph-detective"
"pilot_slot_083","17","2","launch-candidate:phase5h:7:pattern-lab:pattern-matchsticks-01-jmob3w","phase5h:7:pattern-lab:pattern-matchsticks-01-jmob3w","pattern-lab"
"pilot_slot_083","17","2","launch-candidate:phase5h:5:religion-practice:g5-ihlas-meaning-01","phase5h:5:religion-practice:g5-ihlas-meaning-01","religion-practice"
"pilot_slot_083","17","2","launch-candidate:phase5h:5:science-lab:g5-conductor-evidence-01","phase5h:5:science-lab:g5-conductor-evidence-01","science-lab"
"pilot_slot_083","17","3","launch-candidate:phase5h:6:science-reasoning:g6-bulb-brightness-variable-01","phase5h:6:science-reasoning:g6-bulb-brightness-variable-01","science-reasoning"
"pilot_slot_083","17","3","launch-candidate:phase5h:7:social-citizenship:g7-accessibility-equality-01","phase5h:7:social-citizenship:g7-accessibility-equality-01","social-citizenship"
"pilot_slot_083","17","3","launch-candidate:phase5h:6:social-map-skills:g6-relative-location-01","phase5h:6:social-map-skills:g6-relative-location-01","social-map-skills"
"pilot_slot_083","17","3","launch-candidate:phase5h:8:social-time-travel:g8-national-struggle-source-01","phase5h:8:social-time-travel:g8-national-struggle-source-01","social-time-travel"
"pilot_slot_083","17","3","launch-candidate:phase5h:6:speed-math:speed-percent-sale-01-y9orlf","phase5h:6:speed-math:speed-percent-sale-01-y9orlf","speed-math"
"pilot_slot_083","17","3","launch-candidate:phase5h:5:target-number:target-number-premium-03-287srg","phase5h:5:target-number:target-number-premium-03-287srg","target-number"
"pilot_slot_083","17","4","launch-candidate:phase5h:5:word-mine:word-mine-premium-05-scc0je","phase5h:5:word-mine:word-mine-premium-05-scc0je","word-mine"
"pilot_slot_083","17","4","launch-candidate:phase5h:8:english-vocabulary:english-vocab-context-12-1jd1pbt","phase5h:8:english-vocabulary:english-vocab-context-12-1jd1pbt","english-vocabulary"
"pilot_slot_083","17","4","launch-candidate:phase5h:6:religion-practice:g6-truthfulness-01","phase5h:6:religion-practice:g6-truthfulness-01","religion-practice"
"pilot_slot_083","17","4","launch-candidate:phase5h:7:science-lab:science-ecosystem-chain-01-1gv13n3","phase5h:7:science-lab:science-ecosystem-chain-01-1gv13n3","science-lab"
"pilot_slot_083","17","4","launch-candidate:phase5h:7:religion-practice:g7-belief-behaviour-01","phase5h:7:religion-practice:g7-belief-behaviour-01","religion-practice"
"pilot_slot_083","17","4","launch-candidate:phase5h:8:religion-practice:religion-help-dignity-01-1sq4xqq","phase5h:8:religion-practice:religion-help-dignity-01-1sq4xqq","religion-practice"
"pilot_slot_084","17","1","launch-candidate:phase5h:6:english-cloze:eng-cloze-cause-result-01-19phl4r","phase5h:6:english-cloze:eng-cloze-cause-result-01-19phl4r","english-cloze"
"pilot_slot_084","17","1","launch-candidate:phase5h:7:english-sentence-builder:order-if-finish-01-11i74e","phase5h:7:english-sentence-builder:order-if-finish-01-11i74e","english-sentence-builder"
"pilot_slot_084","17","1","launch-candidate:phase5h:8:english-vocabulary:english-vocab-context-12-1jd1pbt","phase5h:8:english-vocabulary:english-vocab-context-12-1jd1pbt","english-vocabulary"
"pilot_slot_084","17","1","launch-candidate:phase5h:6:error-detective:math-equation-error-01-nl452y","phase5h:6:error-detective:math-equation-error-01-nl452y","error-detective"
"pilot_slot_084","17","1","launch-candidate:phase5h:7:forbidden-story:story-forbidden-u-01-1ujd3uf","phase5h:7:forbidden-story:story-forbidden-u-01-1ujd3uf","forbidden-story"
"pilot_slot_084","17","1","launch-candidate:phase5h:5:geometry-lab:g35-geometry-composite-area-01-8grgur","phase5h:5:geometry-lab:g35-geometry-composite-area-01-8grgur","geometry-lab"
"pilot_slot_084","17","2","launch-candidate:phase5h:8:logic-station:logic-schedule-possible-01-mssrym","phase5h:8:logic-station:logic-schedule-possible-01-mssrym","logic-station"
"pilot_slot_084","17","2","launch-candidate:phase5h:8:meaning-hunt:meaning-isik-tutmak-01-aq5911","phase5h:8:meaning-hunt:meaning-isik-tutmak-01-aq5911","meaning-hunt"
"pilot_slot_084","17","2","launch-candidate:phase5h:7:olympiad-ladder:olympiad-pigeonhole-remainder-01-144voa7","phase5h:7:olympiad-ladder:olympiad-pigeonhole-remainder-01-144voa7","olympiad-ladder"
"pilot_slot_084","17","2","launch-candidate:phase5h:8:paragraph-detective:tr-main-idea-01-122remb","phase5h:8:paragraph-detective:tr-main-idea-01-122remb","paragraph-detective"
"pilot_slot_084","17","2","launch-candidate:phase5h:7:pattern-lab:pattern-matchsticks-01-jmob3w","phase5h:7:pattern-lab:pattern-matchsticks-01-jmob3w","pattern-lab"
"pilot_slot_084","17","2","launch-candidate:phase5h:8:problem-hunter:g8-linear-tank-01","phase5h:8:problem-hunter:g8-linear-tank-01","problem-hunter"
"pilot_slot_084","17","3","launch-candidate:phase5h:5:religion-practice:g5-ihlas-meaning-01","phase5h:5:religion-practice:g5-ihlas-meaning-01","religion-practice"
"pilot_slot_084","17","3","launch-candidate:phase5h:5:science-lab:g5-conductor-evidence-01","phase5h:5:science-lab:g5-conductor-evidence-01","science-lab"
"pilot_slot_084","17","3","launch-candidate:phase5h:8:science-reasoning:g8-photosynthesis-light-01","phase5h:8:science-reasoning:g8-photosynthesis-light-01","science-reasoning"
"pilot_slot_084","17","3","launch-candidate:phase5h:7:social-citizenship:g7-accessibility-equality-01","phase5h:7:social-citizenship:g7-accessibility-equality-01","social-citizenship"
"pilot_slot_084","17","3","launch-candidate:phase5h:6:social-map-skills:g6-relative-location-01","phase5h:6:social-map-skills:g6-relative-location-01","social-map-skills"
"pilot_slot_084","17","3","launch-candidate:phase5h:5:social-time-travel:g5-first-settlements-evidence-01","phase5h:5:social-time-travel:g5-first-settlements-evidence-01","social-time-travel"
"pilot_slot_084","17","4","launch-candidate:phase5h:5:target-number:target-number-premium-03-287srg","phase5h:5:target-number:target-number-premium-03-287srg","target-number"
"pilot_slot_084","17","4","launch-candidate:phase5h:6:word-ladder:ladder-nar-kol-01-1ti8nxf","phase5h:6:word-ladder:ladder-nar-kol-01-1ti8nxf","word-ladder"
"pilot_slot_084","17","4","launch-candidate:phase5h:5:word-mine:word-mine-premium-05-scc0je","phase5h:5:word-mine:word-mine-premium-05-scc0je","word-mine"
"pilot_slot_084","17","4","launch-candidate:phase5h:6:religion-practice:g6-truthfulness-01","phase5h:6:religion-practice:g6-truthfulness-01","religion-practice"
"pilot_slot_084","17","4","launch-candidate:phase5h:7:science-lab:science-ecosystem-chain-01-1gv13n3","phase5h:7:science-lab:science-ecosystem-chain-01-1gv13n3","science-lab"
"pilot_slot_084","17","4","launch-candidate:phase5h:8:religion-practice:religion-help-dignity-01-1sq4xqq","phase5h:8:religion-practice:religion-help-dignity-01-1sq4xqq","religion-practice"
"pilot_slot_085","17","1","launch-candidate:phase5h:6:english-cloze:eng-cloze-cause-result-01-19phl4r","phase5h:6:english-cloze:eng-cloze-cause-result-01-19phl4r","english-cloze"
"pilot_slot_085","17","1","launch-candidate:phase5h:7:english-sentence-builder:order-if-finish-01-11i74e","phase5h:7:english-sentence-builder:order-if-finish-01-11i74e","english-sentence-builder"
"pilot_slot_085","17","1","launch-candidate:phase5h:5:english-vocabulary:g35-en-vocab-protect-01-18is450","phase5h:5:english-vocabulary:g35-en-vocab-protect-01-18is450","english-vocabulary"
"pilot_slot_085","17","1","launch-candidate:phase5h:6:error-detective:math-equation-error-01-nl452y","phase5h:6:error-detective:math-equation-error-01-nl452y","error-detective"
"pilot_slot_085","17","1","launch-candidate:phase5h:8:lgs-foundation:lgs-probability-bag-01-10u5ryk","phase5h:8:lgs-foundation:lgs-probability-bag-01-10u5ryk","lgs-foundation"
"pilot_slot_085","17","1","launch-candidate:phase5h:8:logic-station:logic-schedule-possible-01-mssrym","phase5h:8:logic-station:logic-schedule-possible-01-mssrym","logic-station"
"pilot_slot_085","17","2","launch-candidate:phase5h:8:meaning-hunt:meaning-isik-tutmak-01-aq5911","phase5h:8:meaning-hunt:meaning-isik-tutmak-01-aq5911","meaning-hunt"
"pilot_slot_085","17","2","launch-candidate:phase5h:7:pattern-lab:pattern-matchsticks-01-jmob3w","phase5h:7:pattern-lab:pattern-matchsticks-01-jmob3w","pattern-lab"
"pilot_slot_085","17","2","launch-candidate:phase5h:8:problem-hunter:g8-linear-tank-01","phase5h:8:problem-hunter:g8-linear-tank-01","problem-hunter"
"pilot_slot_085","17","2","launch-candidate:phase5h:6:religion-practice:g6-truthfulness-01","phase5h:6:religion-practice:g6-truthfulness-01","religion-practice"
"pilot_slot_085","17","2","launch-candidate:phase5h:5:science-lab:g5-conductor-evidence-01","phase5h:5:science-lab:g5-conductor-evidence-01","science-lab"
"pilot_slot_085","17","2","launch-candidate:phase5h:6:science-reasoning:g6-bulb-brightness-variable-01","phase5h:6:science-reasoning:g6-bulb-brightness-variable-01","science-reasoning"
"pilot_slot_085","17","3","launch-candidate:phase5h:7:social-citizenship:g7-accessibility-equality-01","phase5h:7:social-citizenship:g7-accessibility-equality-01","social-citizenship"
"pilot_slot_085","17","3","launch-candidate:phase5h:5:social-time-travel:g5-first-settlements-evidence-01","phase5h:5:social-time-travel:g5-first-settlements-evidence-01","social-time-travel"
"pilot_slot_085","17","3","launch-candidate:phase5h:6:speed-math:speed-percent-sale-01-y9orlf","phase5h:6:speed-math:speed-percent-sale-01-y9orlf","speed-math"
"pilot_slot_085","17","3","launch-candidate:phase5h:5:target-number:target-number-premium-03-287srg","phase5h:5:target-number:target-number-premium-03-287srg","target-number"
"pilot_slot_085","17","3","launch-candidate:phase5h:6:word-ladder:ladder-nar-kol-01-1ti8nxf","phase5h:6:word-ladder:ladder-nar-kol-01-1ti8nxf","word-ladder"
"pilot_slot_085","17","3","launch-candidate:phase5h:5:word-mine:word-mine-premium-05-scc0je","phase5h:5:word-mine:word-mine-premium-05-scc0je","word-mine"
"pilot_slot_085","17","4","launch-candidate:phase5h:8:english-vocabulary:english-vocab-context-12-1jd1pbt","phase5h:8:english-vocabulary:english-vocab-context-12-1jd1pbt","english-vocabulary"
"pilot_slot_085","17","4","launch-candidate:phase5h:7:religion-practice:g7-belief-behaviour-01","phase5h:7:religion-practice:g7-belief-behaviour-01","religion-practice"
"pilot_slot_085","17","4","launch-candidate:phase5h:7:science-lab:science-ecosystem-chain-01-1gv13n3","phase5h:7:science-lab:science-ecosystem-chain-01-1gv13n3","science-lab"
"pilot_slot_085","17","4","launch-candidate:phase5h:8:science-reasoning:g8-photosynthesis-light-01","phase5h:8:science-reasoning:g8-photosynthesis-light-01","science-reasoning"
"pilot_slot_085","17","4","launch-candidate:phase5h:8:social-time-travel:g8-national-struggle-source-01","phase5h:8:social-time-travel:g8-national-struggle-source-01","social-time-travel"
"pilot_slot_085","17","4","launch-candidate:phase5h:8:religion-practice:religion-help-dignity-01-1sq4xqq","phase5h:8:religion-practice:religion-help-dignity-01-1sq4xqq","religion-practice"
"pilot_slot_086","18","1","launch-candidate:phase5h:6:english-cloze:eng-cloze-cause-result-01-19phl4r","phase5h:6:english-cloze:eng-cloze-cause-result-01-19phl4r","english-cloze"
"pilot_slot_086","18","1","launch-candidate:phase5h:5:english-vocabulary:g35-en-vocab-protect-01-18is450","phase5h:5:english-vocabulary:g35-en-vocab-protect-01-18is450","english-vocabulary"
"pilot_slot_086","18","1","launch-candidate:phase5h:6:error-detective:math-equation-error-01-nl452y","phase5h:6:error-detective:math-equation-error-01-nl452y","error-detective"
"pilot_slot_086","18","1","launch-candidate:phase5h:7:forbidden-story:story-forbidden-u-01-1ujd3uf","phase5h:7:forbidden-story:story-forbidden-u-01-1ujd3uf","forbidden-story"
"pilot_slot_086","18","1","launch-candidate:phase5h:5:geometry-lab:g35-geometry-composite-area-01-8grgur","phase5h:5:geometry-lab:g35-geometry-composite-area-01-8grgur","geometry-lab"
"pilot_slot_086","18","1","launch-candidate:phase5h:8:lgs-foundation:lgs-probability-bag-01-10u5ryk","phase5h:8:lgs-foundation:lgs-probability-bag-01-10u5ryk","lgs-foundation"
"pilot_slot_086","18","2","launch-candidate:phase5h:8:logic-station:logic-schedule-possible-01-mssrym","phase5h:8:logic-station:logic-schedule-possible-01-mssrym","logic-station"
"pilot_slot_086","18","2","launch-candidate:phase5h:8:meaning-hunt:meaning-isik-tutmak-01-aq5911","phase5h:8:meaning-hunt:meaning-isik-tutmak-01-aq5911","meaning-hunt"
"pilot_slot_086","18","2","launch-candidate:phase5h:7:olympiad-ladder:olympiad-pigeonhole-remainder-01-144voa7","phase5h:7:olympiad-ladder:olympiad-pigeonhole-remainder-01-144voa7","olympiad-ladder"
"pilot_slot_086","18","2","launch-candidate:phase5h:8:paragraph-detective:tr-main-idea-01-122remb","phase5h:8:paragraph-detective:tr-main-idea-01-122remb","paragraph-detective"
"pilot_slot_086","18","2","launch-candidate:phase5h:7:pattern-lab:pattern-matchsticks-01-jmob3w","phase5h:7:pattern-lab:pattern-matchsticks-01-jmob3w","pattern-lab"
"pilot_slot_086","18","2","launch-candidate:phase5h:5:religion-practice:g5-ihlas-meaning-01","phase5h:5:religion-practice:g5-ihlas-meaning-01","religion-practice"
"pilot_slot_086","18","3","launch-candidate:phase5h:5:science-lab:g5-conductor-evidence-01","phase5h:5:science-lab:g5-conductor-evidence-01","science-lab"
"pilot_slot_086","18","3","launch-candidate:phase5h:7:social-citizenship:g7-accessibility-equality-01","phase5h:7:social-citizenship:g7-accessibility-equality-01","social-citizenship"
"pilot_slot_086","18","3","launch-candidate:phase5h:6:social-map-skills:g6-relative-location-01","phase5h:6:social-map-skills:g6-relative-location-01","social-map-skills"
"pilot_slot_086","18","3","launch-candidate:phase5h:8:social-time-travel:g8-national-struggle-source-01","phase5h:8:social-time-travel:g8-national-struggle-source-01","social-time-travel"
"pilot_slot_086","18","3","launch-candidate:phase5h:6:speed-math:speed-percent-sale-01-y9orlf","phase5h:6:speed-math:speed-percent-sale-01-y9orlf","speed-math"
"pilot_slot_086","18","3","launch-candidate:phase5h:5:target-number:target-number-premium-03-287srg","phase5h:5:target-number:target-number-premium-03-287srg","target-number"
"pilot_slot_086","18","4","launch-candidate:phase5h:5:word-mine:word-mine-premium-05-scc0je","phase5h:5:word-mine:word-mine-premium-05-scc0je","word-mine"
"pilot_slot_086","18","4","launch-candidate:phase5h:8:english-vocabulary:english-vocab-context-12-1jd1pbt","phase5h:8:english-vocabulary:english-vocab-context-12-1jd1pbt","english-vocabulary"
"pilot_slot_086","18","4","launch-candidate:phase5h:6:religion-practice:g6-truthfulness-01","phase5h:6:religion-practice:g6-truthfulness-01","religion-practice"
"pilot_slot_086","18","4","launch-candidate:phase5h:7:science-lab:science-ecosystem-chain-01-1gv13n3","phase5h:7:science-lab:science-ecosystem-chain-01-1gv13n3","science-lab"
"pilot_slot_086","18","4","launch-candidate:phase5h:7:religion-practice:g7-belief-behaviour-01","phase5h:7:religion-practice:g7-belief-behaviour-01","religion-practice"
"pilot_slot_086","18","4","launch-candidate:phase5h:8:religion-practice:religion-help-dignity-01-1sq4xqq","phase5h:8:religion-practice:religion-help-dignity-01-1sq4xqq","religion-practice"
"pilot_slot_087","18","1","launch-candidate:phase5h:6:english-cloze:eng-cloze-cause-result-01-19phl4r","phase5h:6:english-cloze:eng-cloze-cause-result-01-19phl4r","english-cloze"
"pilot_slot_087","18","1","launch-candidate:phase5h:7:english-sentence-builder:order-if-finish-01-11i74e","phase5h:7:english-sentence-builder:order-if-finish-01-11i74e","english-sentence-builder"
"pilot_slot_087","18","1","launch-candidate:phase5h:8:english-vocabulary:english-vocab-context-12-1jd1pbt","phase5h:8:english-vocabulary:english-vocab-context-12-1jd1pbt","english-vocabulary"
"pilot_slot_087","18","1","launch-candidate:phase5h:6:error-detective:math-equation-error-01-nl452y","phase5h:6:error-detective:math-equation-error-01-nl452y","error-detective"
"pilot_slot_087","18","1","launch-candidate:phase5h:7:forbidden-story:story-forbidden-u-01-1ujd3uf","phase5h:7:forbidden-story:story-forbidden-u-01-1ujd3uf","forbidden-story"
"pilot_slot_087","18","1","launch-candidate:phase5h:5:geometry-lab:g35-geometry-composite-area-01-8grgur","phase5h:5:geometry-lab:g35-geometry-composite-area-01-8grgur","geometry-lab"
"pilot_slot_087","18","2","launch-candidate:phase5h:8:logic-station:logic-schedule-possible-01-mssrym","phase5h:8:logic-station:logic-schedule-possible-01-mssrym","logic-station"
"pilot_slot_087","18","2","launch-candidate:phase5h:8:meaning-hunt:meaning-isik-tutmak-01-aq5911","phase5h:8:meaning-hunt:meaning-isik-tutmak-01-aq5911","meaning-hunt"
"pilot_slot_087","18","2","launch-candidate:phase5h:7:olympiad-ladder:olympiad-pigeonhole-remainder-01-144voa7","phase5h:7:olympiad-ladder:olympiad-pigeonhole-remainder-01-144voa7","olympiad-ladder"
"pilot_slot_087","18","2","launch-candidate:phase5h:7:pattern-lab:pattern-matchsticks-01-jmob3w","phase5h:7:pattern-lab:pattern-matchsticks-01-jmob3w","pattern-lab"
"pilot_slot_087","18","2","launch-candidate:phase5h:8:problem-hunter:g8-linear-tank-01","phase5h:8:problem-hunter:g8-linear-tank-01","problem-hunter"
"pilot_slot_087","18","2","launch-candidate:phase5h:5:religion-practice:g5-ihlas-meaning-01","phase5h:5:religion-practice:g5-ihlas-meaning-01","religion-practice"
"pilot_slot_087","18","3","launch-candidate:phase5h:5:science-lab:g5-conductor-evidence-01","phase5h:5:science-lab:g5-conductor-evidence-01","science-lab"
"pilot_slot_087","18","3","launch-candidate:phase5h:6:science-reasoning:g6-bulb-brightness-variable-01","phase5h:6:science-reasoning:g6-bulb-brightness-variable-01","science-reasoning"
"pilot_slot_087","18","3","launch-candidate:phase5h:7:social-citizenship:g7-accessibility-equality-01","phase5h:7:social-citizenship:g7-accessibility-equality-01","social-citizenship"
"pilot_slot_087","18","3","launch-candidate:phase5h:6:social-map-skills:g6-relative-location-01","phase5h:6:social-map-skills:g6-relative-location-01","social-map-skills"
"pilot_slot_087","18","3","launch-candidate:phase5h:5:social-time-travel:g5-first-settlements-evidence-01","phase5h:5:social-time-travel:g5-first-settlements-evidence-01","social-time-travel"
"pilot_slot_087","18","3","launch-candidate:phase5h:5:target-number:target-number-premium-03-287srg","phase5h:5:target-number:target-number-premium-03-287srg","target-number"
"pilot_slot_087","18","4","launch-candidate:phase5h:6:word-ladder:ladder-nar-kol-01-1ti8nxf","phase5h:6:word-ladder:ladder-nar-kol-01-1ti8nxf","word-ladder"
"pilot_slot_087","18","4","launch-candidate:phase5h:5:word-mine:word-mine-premium-05-scc0je","phase5h:5:word-mine:word-mine-premium-05-scc0je","word-mine"
"pilot_slot_087","18","4","launch-candidate:phase5h:6:religion-practice:g6-truthfulness-01","phase5h:6:religion-practice:g6-truthfulness-01","religion-practice"
"pilot_slot_087","18","4","launch-candidate:phase5h:7:science-lab:science-ecosystem-chain-01-1gv13n3","phase5h:7:science-lab:science-ecosystem-chain-01-1gv13n3","science-lab"
"pilot_slot_087","18","4","launch-candidate:phase5h:8:science-reasoning:g8-photosynthesis-light-01","phase5h:8:science-reasoning:g8-photosynthesis-light-01","science-reasoning"
"pilot_slot_087","18","4","launch-candidate:phase5h:8:religion-practice:religion-help-dignity-01-1sq4xqq","phase5h:8:religion-practice:religion-help-dignity-01-1sq4xqq","religion-practice"
"pilot_slot_088","18","1","launch-candidate:phase5h:6:english-cloze:eng-cloze-cause-result-01-19phl4r","phase5h:6:english-cloze:eng-cloze-cause-result-01-19phl4r","english-cloze"
"pilot_slot_088","18","1","launch-candidate:phase5h:7:english-sentence-builder:order-if-finish-01-11i74e","phase5h:7:english-sentence-builder:order-if-finish-01-11i74e","english-sentence-builder"
"pilot_slot_088","18","1","launch-candidate:phase5h:5:english-vocabulary:g35-en-vocab-protect-01-18is450","phase5h:5:english-vocabulary:g35-en-vocab-protect-01-18is450","english-vocabulary"
"pilot_slot_088","18","1","launch-candidate:phase5h:6:error-detective:math-equation-error-01-nl452y","phase5h:6:error-detective:math-equation-error-01-nl452y","error-detective"
"pilot_slot_088","18","1","launch-candidate:phase5h:8:lgs-foundation:lgs-probability-bag-01-10u5ryk","phase5h:8:lgs-foundation:lgs-probability-bag-01-10u5ryk","lgs-foundation"
"pilot_slot_088","18","1","launch-candidate:phase5h:8:logic-station:logic-schedule-possible-01-mssrym","phase5h:8:logic-station:logic-schedule-possible-01-mssrym","logic-station"
"pilot_slot_088","18","2","launch-candidate:phase5h:8:meaning-hunt:meaning-isik-tutmak-01-aq5911","phase5h:8:meaning-hunt:meaning-isik-tutmak-01-aq5911","meaning-hunt"
"pilot_slot_088","18","2","launch-candidate:phase5h:8:paragraph-detective:tr-main-idea-01-122remb","phase5h:8:paragraph-detective:tr-main-idea-01-122remb","paragraph-detective"
"pilot_slot_088","18","2","launch-candidate:phase5h:7:pattern-lab:pattern-matchsticks-01-jmob3w","phase5h:7:pattern-lab:pattern-matchsticks-01-jmob3w","pattern-lab"
"pilot_slot_088","18","2","launch-candidate:phase5h:8:problem-hunter:g8-linear-tank-01","phase5h:8:problem-hunter:g8-linear-tank-01","problem-hunter"
"pilot_slot_088","18","2","launch-candidate:phase5h:6:religion-practice:g6-truthfulness-01","phase5h:6:religion-practice:g6-truthfulness-01","religion-practice"
"pilot_slot_088","18","2","launch-candidate:phase5h:5:science-lab:g5-conductor-evidence-01","phase5h:5:science-lab:g5-conductor-evidence-01","science-lab"
"pilot_slot_088","18","3","launch-candidate:phase5h:6:science-reasoning:g6-bulb-brightness-variable-01","phase5h:6:science-reasoning:g6-bulb-brightness-variable-01","science-reasoning"
"pilot_slot_088","18","3","launch-candidate:phase5h:7:social-citizenship:g7-accessibility-equality-01","phase5h:7:social-citizenship:g7-accessibility-equality-01","social-citizenship"
"pilot_slot_088","18","3","launch-candidate:phase5h:5:social-time-travel:g5-first-settlements-evidence-01","phase5h:5:social-time-travel:g5-first-settlements-evidence-01","social-time-travel"
"pilot_slot_088","18","3","launch-candidate:phase5h:6:speed-math:speed-percent-sale-01-y9orlf","phase5h:6:speed-math:speed-percent-sale-01-y9orlf","speed-math"
"pilot_slot_088","18","3","launch-candidate:phase5h:5:target-number:target-number-premium-03-287srg","phase5h:5:target-number:target-number-premium-03-287srg","target-number"
"pilot_slot_088","18","3","launch-candidate:phase5h:6:word-ladder:ladder-nar-kol-01-1ti8nxf","phase5h:6:word-ladder:ladder-nar-kol-01-1ti8nxf","word-ladder"
"pilot_slot_088","18","4","launch-candidate:phase5h:5:word-mine:word-mine-premium-05-scc0je","phase5h:5:word-mine:word-mine-premium-05-scc0je","word-mine"
"pilot_slot_088","18","4","launch-candidate:phase5h:7:religion-practice:g7-belief-behaviour-01","phase5h:7:religion-practice:g7-belief-behaviour-01","religion-practice"
"pilot_slot_088","18","4","launch-candidate:phase5h:7:science-lab:science-ecosystem-chain-01-1gv13n3","phase5h:7:science-lab:science-ecosystem-chain-01-1gv13n3","science-lab"
"pilot_slot_088","18","4","launch-candidate:phase5h:8:science-reasoning:g8-photosynthesis-light-01","phase5h:8:science-reasoning:g8-photosynthesis-light-01","science-reasoning"
"pilot_slot_088","18","4","launch-candidate:phase5h:8:social-time-travel:g8-national-struggle-source-01","phase5h:8:social-time-travel:g8-national-struggle-source-01","social-time-travel"
"pilot_slot_088","18","4","launch-candidate:phase5h:8:religion-practice:religion-help-dignity-01-1sq4xqq","phase5h:8:religion-practice:religion-help-dignity-01-1sq4xqq","religion-practice"
"pilot_slot_089","18","1","launch-candidate:phase5h:7:english-sentence-builder:order-if-finish-01-11i74e","phase5h:7:english-sentence-builder:order-if-finish-01-11i74e","english-sentence-builder"
"pilot_slot_089","18","1","launch-candidate:phase5h:5:english-vocabulary:g35-en-vocab-protect-01-18is450","phase5h:5:english-vocabulary:g35-en-vocab-protect-01-18is450","english-vocabulary"
"pilot_slot_089","18","1","launch-candidate:phase5h:6:error-detective:math-equation-error-01-nl452y","phase5h:6:error-detective:math-equation-error-01-nl452y","error-detective"
"pilot_slot_089","18","1","launch-candidate:phase5h:7:forbidden-story:story-forbidden-u-01-1ujd3uf","phase5h:7:forbidden-story:story-forbidden-u-01-1ujd3uf","forbidden-story"
"pilot_slot_089","18","1","launch-candidate:phase5h:5:geometry-lab:g35-geometry-composite-area-01-8grgur","phase5h:5:geometry-lab:g35-geometry-composite-area-01-8grgur","geometry-lab"
"pilot_slot_089","18","1","launch-candidate:phase5h:8:lgs-foundation:lgs-probability-bag-01-10u5ryk","phase5h:8:lgs-foundation:lgs-probability-bag-01-10u5ryk","lgs-foundation"
"pilot_slot_089","18","2","launch-candidate:phase5h:8:logic-station:logic-schedule-possible-01-mssrym","phase5h:8:logic-station:logic-schedule-possible-01-mssrym","logic-station"
"pilot_slot_089","18","2","launch-candidate:phase5h:8:meaning-hunt:meaning-isik-tutmak-01-aq5911","phase5h:8:meaning-hunt:meaning-isik-tutmak-01-aq5911","meaning-hunt"
"pilot_slot_089","18","2","launch-candidate:phase5h:7:olympiad-ladder:olympiad-pigeonhole-remainder-01-144voa7","phase5h:7:olympiad-ladder:olympiad-pigeonhole-remainder-01-144voa7","olympiad-ladder"
"pilot_slot_089","18","2","launch-candidate:phase5h:8:paragraph-detective:tr-main-idea-01-122remb","phase5h:8:paragraph-detective:tr-main-idea-01-122remb","paragraph-detective"
"pilot_slot_089","18","2","launch-candidate:phase5h:8:problem-hunter:g8-linear-tank-01","phase5h:8:problem-hunter:g8-linear-tank-01","problem-hunter"
"pilot_slot_089","18","2","launch-candidate:phase5h:5:religion-practice:g5-ihlas-meaning-01","phase5h:5:religion-practice:g5-ihlas-meaning-01","religion-practice"
"pilot_slot_089","18","3","launch-candidate:phase5h:6:science-reasoning:g6-bulb-brightness-variable-01","phase5h:6:science-reasoning:g6-bulb-brightness-variable-01","science-reasoning"
"pilot_slot_089","18","3","launch-candidate:phase5h:7:social-citizenship:g7-accessibility-equality-01","phase5h:7:social-citizenship:g7-accessibility-equality-01","social-citizenship"
"pilot_slot_089","18","3","launch-candidate:phase5h:6:social-map-skills:g6-relative-location-01","phase5h:6:social-map-skills:g6-relative-location-01","social-map-skills"
"pilot_slot_089","18","3","launch-candidate:phase5h:5:social-time-travel:g5-first-settlements-evidence-01","phase5h:5:social-time-travel:g5-first-settlements-evidence-01","social-time-travel"
"pilot_slot_089","18","3","launch-candidate:phase5h:6:speed-math:speed-percent-sale-01-y9orlf","phase5h:6:speed-math:speed-percent-sale-01-y9orlf","speed-math"
"pilot_slot_089","18","3","launch-candidate:phase5h:5:target-number:target-number-premium-03-287srg","phase5h:5:target-number:target-number-premium-03-287srg","target-number"
"pilot_slot_089","18","4","launch-candidate:phase5h:6:word-ladder:ladder-nar-kol-01-1ti8nxf","phase5h:6:word-ladder:ladder-nar-kol-01-1ti8nxf","word-ladder"
"pilot_slot_089","18","4","launch-candidate:phase5h:8:english-vocabulary:english-vocab-context-12-1jd1pbt","phase5h:8:english-vocabulary:english-vocab-context-12-1jd1pbt","english-vocabulary"
"pilot_slot_089","18","4","launch-candidate:phase5h:6:religion-practice:g6-truthfulness-01","phase5h:6:religion-practice:g6-truthfulness-01","religion-practice"
"pilot_slot_089","18","4","launch-candidate:phase5h:8:science-reasoning:g8-photosynthesis-light-01","phase5h:8:science-reasoning:g8-photosynthesis-light-01","science-reasoning"
"pilot_slot_089","18","4","launch-candidate:phase5h:8:social-time-travel:g8-national-struggle-source-01","phase5h:8:social-time-travel:g8-national-struggle-source-01","social-time-travel"
"pilot_slot_089","18","4","launch-candidate:phase5h:7:religion-practice:g7-belief-behaviour-01","phase5h:7:religion-practice:g7-belief-behaviour-01","religion-practice"
"pilot_slot_090","18","1","launch-candidate:phase5h:6:english-cloze:eng-cloze-cause-result-01-19phl4r","phase5h:6:english-cloze:eng-cloze-cause-result-01-19phl4r","english-cloze"
"pilot_slot_090","18","1","launch-candidate:phase5h:7:english-sentence-builder:order-if-finish-01-11i74e","phase5h:7:english-sentence-builder:order-if-finish-01-11i74e","english-sentence-builder"
"pilot_slot_090","18","1","launch-candidate:phase5h:5:english-vocabulary:g35-en-vocab-protect-01-18is450","phase5h:5:english-vocabulary:g35-en-vocab-protect-01-18is450","english-vocabulary"
"pilot_slot_090","18","1","launch-candidate:phase5h:7:forbidden-story:story-forbidden-u-01-1ujd3uf","phase5h:7:forbidden-story:story-forbidden-u-01-1ujd3uf","forbidden-story"
"pilot_slot_090","18","1","launch-candidate:phase5h:5:geometry-lab:g35-geometry-composite-area-01-8grgur","phase5h:5:geometry-lab:g35-geometry-composite-area-01-8grgur","geometry-lab"
"pilot_slot_090","18","1","launch-candidate:phase5h:8:lgs-foundation:lgs-probability-bag-01-10u5ryk","phase5h:8:lgs-foundation:lgs-probability-bag-01-10u5ryk","lgs-foundation"
"pilot_slot_090","18","2","launch-candidate:phase5h:7:olympiad-ladder:olympiad-pigeonhole-remainder-01-144voa7","phase5h:7:olympiad-ladder:olympiad-pigeonhole-remainder-01-144voa7","olympiad-ladder"
"pilot_slot_090","18","2","launch-candidate:phase5h:8:paragraph-detective:tr-main-idea-01-122remb","phase5h:8:paragraph-detective:tr-main-idea-01-122remb","paragraph-detective"
"pilot_slot_090","18","2","launch-candidate:phase5h:7:pattern-lab:pattern-matchsticks-01-jmob3w","phase5h:7:pattern-lab:pattern-matchsticks-01-jmob3w","pattern-lab"
"pilot_slot_090","18","2","launch-candidate:phase5h:8:problem-hunter:g8-linear-tank-01","phase5h:8:problem-hunter:g8-linear-tank-01","problem-hunter"
"pilot_slot_090","18","2","launch-candidate:phase5h:5:religion-practice:g5-ihlas-meaning-01","phase5h:5:religion-practice:g5-ihlas-meaning-01","religion-practice"
"pilot_slot_090","18","2","launch-candidate:phase5h:5:science-lab:g5-conductor-evidence-01","phase5h:5:science-lab:g5-conductor-evidence-01","science-lab"
"pilot_slot_090","18","3","launch-candidate:phase5h:6:science-reasoning:g6-bulb-brightness-variable-01","phase5h:6:science-reasoning:g6-bulb-brightness-variable-01","science-reasoning"
"pilot_slot_090","18","3","launch-candidate:phase5h:6:social-map-skills:g6-relative-location-01","phase5h:6:social-map-skills:g6-relative-location-01","social-map-skills"
"pilot_slot_090","18","3","launch-candidate:phase5h:5:social-time-travel:g5-first-settlements-evidence-01","phase5h:5:social-time-travel:g5-first-settlements-evidence-01","social-time-travel"
"pilot_slot_090","18","3","launch-candidate:phase5h:6:speed-math:speed-percent-sale-01-y9orlf","phase5h:6:speed-math:speed-percent-sale-01-y9orlf","speed-math"
"pilot_slot_090","18","3","launch-candidate:phase5h:6:word-ladder:ladder-nar-kol-01-1ti8nxf","phase5h:6:word-ladder:ladder-nar-kol-01-1ti8nxf","word-ladder"
"pilot_slot_090","18","3","launch-candidate:phase5h:5:word-mine:word-mine-premium-05-scc0je","phase5h:5:word-mine:word-mine-premium-05-scc0je","word-mine"
"pilot_slot_090","18","4","launch-candidate:phase5h:8:english-vocabulary:english-vocab-context-12-1jd1pbt","phase5h:8:english-vocabulary:english-vocab-context-12-1jd1pbt","english-vocabulary"
"pilot_slot_090","18","4","launch-candidate:phase5h:7:religion-practice:g7-belief-behaviour-01","phase5h:7:religion-practice:g7-belief-behaviour-01","religion-practice"
"pilot_slot_090","18","4","launch-candidate:phase5h:7:science-lab:science-ecosystem-chain-01-1gv13n3","phase5h:7:science-lab:science-ecosystem-chain-01-1gv13n3","science-lab"
"pilot_slot_090","18","4","launch-candidate:phase5h:8:science-reasoning:g8-photosynthesis-light-01","phase5h:8:science-reasoning:g8-photosynthesis-light-01","science-reasoning"
"pilot_slot_090","18","4","launch-candidate:phase5h:8:social-time-travel:g8-national-struggle-source-01","phase5h:8:social-time-travel:g8-national-struggle-source-01","social-time-travel"
"pilot_slot_090","18","4","launch-candidate:phase5h:8:religion-practice:religion-help-dignity-01-1sq4xqq","phase5h:8:religion-practice:religion-help-dignity-01-1sq4xqq","religion-practice"
"pilot_slot_091","19","1","launch-candidate:phase5h:6:english-cloze:eng-cloze-cause-result-01-19phl4r","phase5h:6:english-cloze:eng-cloze-cause-result-01-19phl4r","english-cloze"
"pilot_slot_091","19","1","launch-candidate:phase5h:7:english-sentence-builder:order-if-finish-01-11i74e","phase5h:7:english-sentence-builder:order-if-finish-01-11i74e","english-sentence-builder"
"pilot_slot_091","19","1","launch-candidate:phase5h:5:english-vocabulary:g35-en-vocab-protect-01-18is450","phase5h:5:english-vocabulary:g35-en-vocab-protect-01-18is450","english-vocabulary"
"pilot_slot_091","19","1","launch-candidate:phase5h:6:error-detective:math-equation-error-01-nl452y","phase5h:6:error-detective:math-equation-error-01-nl452y","error-detective"
"pilot_slot_091","19","1","launch-candidate:phase5h:8:lgs-foundation:lgs-probability-bag-01-10u5ryk","phase5h:8:lgs-foundation:lgs-probability-bag-01-10u5ryk","lgs-foundation"
"pilot_slot_091","19","1","launch-candidate:phase5h:8:logic-station:logic-schedule-possible-01-mssrym","phase5h:8:logic-station:logic-schedule-possible-01-mssrym","logic-station"
"pilot_slot_091","19","2","launch-candidate:phase5h:8:meaning-hunt:meaning-isik-tutmak-01-aq5911","phase5h:8:meaning-hunt:meaning-isik-tutmak-01-aq5911","meaning-hunt"
"pilot_slot_091","19","2","launch-candidate:phase5h:7:olympiad-ladder:olympiad-pigeonhole-remainder-01-144voa7","phase5h:7:olympiad-ladder:olympiad-pigeonhole-remainder-01-144voa7","olympiad-ladder"
"pilot_slot_091","19","2","launch-candidate:phase5h:8:paragraph-detective:tr-main-idea-01-122remb","phase5h:8:paragraph-detective:tr-main-idea-01-122remb","paragraph-detective"
"pilot_slot_091","19","2","launch-candidate:phase5h:7:pattern-lab:pattern-matchsticks-01-jmob3w","phase5h:7:pattern-lab:pattern-matchsticks-01-jmob3w","pattern-lab"
"pilot_slot_091","19","2","launch-candidate:phase5h:8:problem-hunter:g8-linear-tank-01","phase5h:8:problem-hunter:g8-linear-tank-01","problem-hunter"
"pilot_slot_091","19","2","launch-candidate:phase5h:6:religion-practice:g6-truthfulness-01","phase5h:6:religion-practice:g6-truthfulness-01","religion-practice"
"pilot_slot_091","19","3","launch-candidate:phase5h:5:science-lab:g5-conductor-evidence-01","phase5h:5:science-lab:g5-conductor-evidence-01","science-lab"
"pilot_slot_091","19","3","launch-candidate:phase5h:6:science-reasoning:g6-bulb-brightness-variable-01","phase5h:6:science-reasoning:g6-bulb-brightness-variable-01","science-reasoning"
"pilot_slot_091","19","3","launch-candidate:phase5h:7:social-citizenship:g7-accessibility-equality-01","phase5h:7:social-citizenship:g7-accessibility-equality-01","social-citizenship"
"pilot_slot_091","19","3","launch-candidate:phase5h:5:social-time-travel:g5-first-settlements-evidence-01","phase5h:5:social-time-travel:g5-first-settlements-evidence-01","social-time-travel"
"pilot_slot_091","19","3","launch-candidate:phase5h:6:speed-math:speed-percent-sale-01-y9orlf","phase5h:6:speed-math:speed-percent-sale-01-y9orlf","speed-math"
"pilot_slot_091","19","3","launch-candidate:phase5h:5:target-number:target-number-premium-03-287srg","phase5h:5:target-number:target-number-premium-03-287srg","target-number"
"pilot_slot_091","19","4","launch-candidate:phase5h:6:word-ladder:ladder-nar-kol-01-1ti8nxf","phase5h:6:word-ladder:ladder-nar-kol-01-1ti8nxf","word-ladder"
"pilot_slot_091","19","4","launch-candidate:phase5h:5:word-mine:word-mine-premium-05-scc0je","phase5h:5:word-mine:word-mine-premium-05-scc0je","word-mine"
"pilot_slot_091","19","4","launch-candidate:phase5h:7:religion-practice:g7-belief-behaviour-01","phase5h:7:religion-practice:g7-belief-behaviour-01","religion-practice"
"pilot_slot_091","19","4","launch-candidate:phase5h:8:science-reasoning:g8-photosynthesis-light-01","phase5h:8:science-reasoning:g8-photosynthesis-light-01","science-reasoning"
"pilot_slot_091","19","4","launch-candidate:phase5h:8:social-time-travel:g8-national-struggle-source-01","phase5h:8:social-time-travel:g8-national-struggle-source-01","social-time-travel"
"pilot_slot_091","19","4","launch-candidate:phase5h:8:religion-practice:religion-help-dignity-01-1sq4xqq","phase5h:8:religion-practice:religion-help-dignity-01-1sq4xqq","religion-practice"
"pilot_slot_092","19","1","launch-candidate:phase5h:7:english-sentence-builder:order-if-finish-01-11i74e","phase5h:7:english-sentence-builder:order-if-finish-01-11i74e","english-sentence-builder"
"pilot_slot_092","19","1","launch-candidate:phase5h:5:english-vocabulary:g35-en-vocab-protect-01-18is450","phase5h:5:english-vocabulary:g35-en-vocab-protect-01-18is450","english-vocabulary"
"pilot_slot_092","19","1","launch-candidate:phase5h:6:error-detective:math-equation-error-01-nl452y","phase5h:6:error-detective:math-equation-error-01-nl452y","error-detective"
"pilot_slot_092","19","1","launch-candidate:phase5h:7:forbidden-story:story-forbidden-u-01-1ujd3uf","phase5h:7:forbidden-story:story-forbidden-u-01-1ujd3uf","forbidden-story"
"pilot_slot_092","19","1","launch-candidate:phase5h:5:geometry-lab:g35-geometry-composite-area-01-8grgur","phase5h:5:geometry-lab:g35-geometry-composite-area-01-8grgur","geometry-lab"
"pilot_slot_092","19","1","launch-candidate:phase5h:8:lgs-foundation:lgs-probability-bag-01-10u5ryk","phase5h:8:lgs-foundation:lgs-probability-bag-01-10u5ryk","lgs-foundation"
"pilot_slot_092","19","2","launch-candidate:phase5h:8:logic-station:logic-schedule-possible-01-mssrym","phase5h:8:logic-station:logic-schedule-possible-01-mssrym","logic-station"
"pilot_slot_092","19","2","launch-candidate:phase5h:8:meaning-hunt:meaning-isik-tutmak-01-aq5911","phase5h:8:meaning-hunt:meaning-isik-tutmak-01-aq5911","meaning-hunt"
"pilot_slot_092","19","2","launch-candidate:phase5h:7:olympiad-ladder:olympiad-pigeonhole-remainder-01-144voa7","phase5h:7:olympiad-ladder:olympiad-pigeonhole-remainder-01-144voa7","olympiad-ladder"
"pilot_slot_092","19","2","launch-candidate:phase5h:8:paragraph-detective:tr-main-idea-01-122remb","phase5h:8:paragraph-detective:tr-main-idea-01-122remb","paragraph-detective"
"pilot_slot_092","19","2","launch-candidate:phase5h:8:problem-hunter:g8-linear-tank-01","phase5h:8:problem-hunter:g8-linear-tank-01","problem-hunter"
"pilot_slot_092","19","2","launch-candidate:phase5h:5:religion-practice:g5-ihlas-meaning-01","phase5h:5:religion-practice:g5-ihlas-meaning-01","religion-practice"
"pilot_slot_092","19","3","launch-candidate:phase5h:7:science-lab:science-ecosystem-chain-01-1gv13n3","phase5h:7:science-lab:science-ecosystem-chain-01-1gv13n3","science-lab"
"pilot_slot_092","19","3","launch-candidate:phase5h:6:science-reasoning:g6-bulb-brightness-variable-01","phase5h:6:science-reasoning:g6-bulb-brightness-variable-01","science-reasoning"
"pilot_slot_092","19","3","launch-candidate:phase5h:7:social-citizenship:g7-accessibility-equality-01","phase5h:7:social-citizenship:g7-accessibility-equality-01","social-citizenship"
"pilot_slot_092","19","3","launch-candidate:phase5h:6:social-map-skills:g6-relative-location-01","phase5h:6:social-map-skills:g6-relative-location-01","social-map-skills"
"pilot_slot_092","19","3","launch-candidate:phase5h:5:social-time-travel:g5-first-settlements-evidence-01","phase5h:5:social-time-travel:g5-first-settlements-evidence-01","social-time-travel"
"pilot_slot_092","19","3","launch-candidate:phase5h:6:speed-math:speed-percent-sale-01-y9orlf","phase5h:6:speed-math:speed-percent-sale-01-y9orlf","speed-math"
"pilot_slot_092","19","4","launch-candidate:phase5h:6:word-ladder:ladder-nar-kol-01-1ti8nxf","phase5h:6:word-ladder:ladder-nar-kol-01-1ti8nxf","word-ladder"
"pilot_slot_092","19","4","launch-candidate:phase5h:8:english-vocabulary:english-vocab-context-12-1jd1pbt","phase5h:8:english-vocabulary:english-vocab-context-12-1jd1pbt","english-vocabulary"
"pilot_slot_092","19","4","launch-candidate:phase5h:6:religion-practice:g6-truthfulness-01","phase5h:6:religion-practice:g6-truthfulness-01","religion-practice"
"pilot_slot_092","19","4","launch-candidate:phase5h:8:science-reasoning:g8-photosynthesis-light-01","phase5h:8:science-reasoning:g8-photosynthesis-light-01","science-reasoning"
"pilot_slot_092","19","4","launch-candidate:phase5h:8:social-time-travel:g8-national-struggle-source-01","phase5h:8:social-time-travel:g8-national-struggle-source-01","social-time-travel"
"pilot_slot_092","19","4","launch-candidate:phase5h:7:religion-practice:g7-belief-behaviour-01","phase5h:7:religion-practice:g7-belief-behaviour-01","religion-practice"
"pilot_slot_093","19","1","launch-candidate:phase5h:6:english-cloze:eng-cloze-cause-result-01-19phl4r","phase5h:6:english-cloze:eng-cloze-cause-result-01-19phl4r","english-cloze"
"pilot_slot_093","19","1","launch-candidate:phase5h:7:english-sentence-builder:order-if-finish-01-11i74e","phase5h:7:english-sentence-builder:order-if-finish-01-11i74e","english-sentence-builder"
"pilot_slot_093","19","1","launch-candidate:phase5h:5:english-vocabulary:g35-en-vocab-protect-01-18is450","phase5h:5:english-vocabulary:g35-en-vocab-protect-01-18is450","english-vocabulary"
"pilot_slot_093","19","1","launch-candidate:phase5h:7:forbidden-story:story-forbidden-u-01-1ujd3uf","phase5h:7:forbidden-story:story-forbidden-u-01-1ujd3uf","forbidden-story"
"pilot_slot_093","19","1","launch-candidate:phase5h:5:geometry-lab:g35-geometry-composite-area-01-8grgur","phase5h:5:geometry-lab:g35-geometry-composite-area-01-8grgur","geometry-lab"
"pilot_slot_093","19","1","launch-candidate:phase5h:8:lgs-foundation:lgs-probability-bag-01-10u5ryk","phase5h:8:lgs-foundation:lgs-probability-bag-01-10u5ryk","lgs-foundation"
"pilot_slot_093","19","2","launch-candidate:phase5h:7:olympiad-ladder:olympiad-pigeonhole-remainder-01-144voa7","phase5h:7:olympiad-ladder:olympiad-pigeonhole-remainder-01-144voa7","olympiad-ladder"
"pilot_slot_093","19","2","launch-candidate:phase5h:8:paragraph-detective:tr-main-idea-01-122remb","phase5h:8:paragraph-detective:tr-main-idea-01-122remb","paragraph-detective"
"pilot_slot_093","19","2","launch-candidate:phase5h:7:pattern-lab:pattern-matchsticks-01-jmob3w","phase5h:7:pattern-lab:pattern-matchsticks-01-jmob3w","pattern-lab"
"pilot_slot_093","19","2","launch-candidate:phase5h:8:problem-hunter:g8-linear-tank-01","phase5h:8:problem-hunter:g8-linear-tank-01","problem-hunter"
"pilot_slot_093","19","2","launch-candidate:phase5h:5:religion-practice:g5-ihlas-meaning-01","phase5h:5:religion-practice:g5-ihlas-meaning-01","religion-practice"
"pilot_slot_093","19","2","launch-candidate:phase5h:5:science-lab:g5-conductor-evidence-01","phase5h:5:science-lab:g5-conductor-evidence-01","science-lab"
"pilot_slot_093","19","3","launch-candidate:phase5h:6:science-reasoning:g6-bulb-brightness-variable-01","phase5h:6:science-reasoning:g6-bulb-brightness-variable-01","science-reasoning"
"pilot_slot_093","19","3","launch-candidate:phase5h:6:social-map-skills:g6-relative-location-01","phase5h:6:social-map-skills:g6-relative-location-01","social-map-skills"
"pilot_slot_093","19","3","launch-candidate:phase5h:8:social-time-travel:g8-national-struggle-source-01","phase5h:8:social-time-travel:g8-national-struggle-source-01","social-time-travel"
"pilot_slot_093","19","3","launch-candidate:phase5h:6:speed-math:speed-percent-sale-01-y9orlf","phase5h:6:speed-math:speed-percent-sale-01-y9orlf","speed-math"
"pilot_slot_093","19","3","launch-candidate:phase5h:5:target-number:target-number-premium-03-287srg","phase5h:5:target-number:target-number-premium-03-287srg","target-number"
"pilot_slot_093","19","3","launch-candidate:phase5h:6:word-ladder:ladder-nar-kol-01-1ti8nxf","phase5h:6:word-ladder:ladder-nar-kol-01-1ti8nxf","word-ladder"
"pilot_slot_093","19","4","launch-candidate:phase5h:5:word-mine:word-mine-premium-05-scc0je","phase5h:5:word-mine:word-mine-premium-05-scc0je","word-mine"
"pilot_slot_093","19","4","launch-candidate:phase5h:8:english-vocabulary:english-vocab-context-12-1jd1pbt","phase5h:8:english-vocabulary:english-vocab-context-12-1jd1pbt","english-vocabulary"
"pilot_slot_093","19","4","launch-candidate:phase5h:7:religion-practice:g7-belief-behaviour-01","phase5h:7:religion-practice:g7-belief-behaviour-01","religion-practice"
"pilot_slot_093","19","4","launch-candidate:phase5h:7:science-lab:science-ecosystem-chain-01-1gv13n3","phase5h:7:science-lab:science-ecosystem-chain-01-1gv13n3","science-lab"
"pilot_slot_093","19","4","launch-candidate:phase5h:8:science-reasoning:g8-photosynthesis-light-01","phase5h:8:science-reasoning:g8-photosynthesis-light-01","science-reasoning"
"pilot_slot_093","19","4","launch-candidate:phase5h:8:religion-practice:religion-help-dignity-01-1sq4xqq","phase5h:8:religion-practice:religion-help-dignity-01-1sq4xqq","religion-practice"
"pilot_slot_094","19","1","launch-candidate:phase5h:6:english-cloze:eng-cloze-cause-result-01-19phl4r","phase5h:6:english-cloze:eng-cloze-cause-result-01-19phl4r","english-cloze"
"pilot_slot_094","19","1","launch-candidate:phase5h:5:english-vocabulary:g35-en-vocab-protect-01-18is450","phase5h:5:english-vocabulary:g35-en-vocab-protect-01-18is450","english-vocabulary"
"pilot_slot_094","19","1","launch-candidate:phase5h:6:error-detective:math-equation-error-01-nl452y","phase5h:6:error-detective:math-equation-error-01-nl452y","error-detective"
"pilot_slot_094","19","1","launch-candidate:phase5h:7:forbidden-story:story-forbidden-u-01-1ujd3uf","phase5h:7:forbidden-story:story-forbidden-u-01-1ujd3uf","forbidden-story"
"pilot_slot_094","19","1","launch-candidate:phase5h:5:geometry-lab:g35-geometry-composite-area-01-8grgur","phase5h:5:geometry-lab:g35-geometry-composite-area-01-8grgur","geometry-lab"
"pilot_slot_094","19","1","launch-candidate:phase5h:8:logic-station:logic-schedule-possible-01-mssrym","phase5h:8:logic-station:logic-schedule-possible-01-mssrym","logic-station"
"pilot_slot_094","19","2","launch-candidate:phase5h:8:meaning-hunt:meaning-isik-tutmak-01-aq5911","phase5h:8:meaning-hunt:meaning-isik-tutmak-01-aq5911","meaning-hunt"
"pilot_slot_094","19","2","launch-candidate:phase5h:7:olympiad-ladder:olympiad-pigeonhole-remainder-01-144voa7","phase5h:7:olympiad-ladder:olympiad-pigeonhole-remainder-01-144voa7","olympiad-ladder"
"pilot_slot_094","19","2","launch-candidate:phase5h:8:paragraph-detective:tr-main-idea-01-122remb","phase5h:8:paragraph-detective:tr-main-idea-01-122remb","paragraph-detective"
"pilot_slot_094","19","2","launch-candidate:phase5h:7:pattern-lab:pattern-matchsticks-01-jmob3w","phase5h:7:pattern-lab:pattern-matchsticks-01-jmob3w","pattern-lab"
"pilot_slot_094","19","2","launch-candidate:phase5h:5:religion-practice:g5-ihlas-meaning-01","phase5h:5:religion-practice:g5-ihlas-meaning-01","religion-practice"
"pilot_slot_094","19","2","launch-candidate:phase5h:5:science-lab:g5-conductor-evidence-01","phase5h:5:science-lab:g5-conductor-evidence-01","science-lab"
"pilot_slot_094","19","3","launch-candidate:phase5h:7:social-citizenship:g7-accessibility-equality-01","phase5h:7:social-citizenship:g7-accessibility-equality-01","social-citizenship"
"pilot_slot_094","19","3","launch-candidate:phase5h:6:social-map-skills:g6-relative-location-01","phase5h:6:social-map-skills:g6-relative-location-01","social-map-skills"
"pilot_slot_094","19","3","launch-candidate:phase5h:5:social-time-travel:g5-first-settlements-evidence-01","phase5h:5:social-time-travel:g5-first-settlements-evidence-01","social-time-travel"
"pilot_slot_094","19","3","launch-candidate:phase5h:6:speed-math:speed-percent-sale-01-y9orlf","phase5h:6:speed-math:speed-percent-sale-01-y9orlf","speed-math"
"pilot_slot_094","19","3","launch-candidate:phase5h:5:target-number:target-number-premium-03-287srg","phase5h:5:target-number:target-number-premium-03-287srg","target-number"
"pilot_slot_094","19","3","launch-candidate:phase5h:5:word-mine:word-mine-premium-05-scc0je","phase5h:5:word-mine:word-mine-premium-05-scc0je","word-mine"
"pilot_slot_094","19","4","launch-candidate:phase5h:8:english-vocabulary:english-vocab-context-12-1jd1pbt","phase5h:8:english-vocabulary:english-vocab-context-12-1jd1pbt","english-vocabulary"
"pilot_slot_094","19","4","launch-candidate:phase5h:6:religion-practice:g6-truthfulness-01","phase5h:6:religion-practice:g6-truthfulness-01","religion-practice"
"pilot_slot_094","19","4","launch-candidate:phase5h:7:science-lab:science-ecosystem-chain-01-1gv13n3","phase5h:7:science-lab:science-ecosystem-chain-01-1gv13n3","science-lab"
"pilot_slot_094","19","4","launch-candidate:phase5h:8:social-time-travel:g8-national-struggle-source-01","phase5h:8:social-time-travel:g8-national-struggle-source-01","social-time-travel"
"pilot_slot_094","19","4","launch-candidate:phase5h:7:religion-practice:g7-belief-behaviour-01","phase5h:7:religion-practice:g7-belief-behaviour-01","religion-practice"
"pilot_slot_094","19","4","launch-candidate:phase5h:8:religion-practice:religion-help-dignity-01-1sq4xqq","phase5h:8:religion-practice:religion-help-dignity-01-1sq4xqq","religion-practice"
"pilot_slot_095","19","1","launch-candidate:phase5h:6:english-cloze:eng-cloze-cause-result-01-19phl4r","phase5h:6:english-cloze:eng-cloze-cause-result-01-19phl4r","english-cloze"
"pilot_slot_095","19","1","launch-candidate:phase5h:7:english-sentence-builder:order-if-finish-01-11i74e","phase5h:7:english-sentence-builder:order-if-finish-01-11i74e","english-sentence-builder"
"pilot_slot_095","19","1","launch-candidate:phase5h:8:english-vocabulary:english-vocab-context-12-1jd1pbt","phase5h:8:english-vocabulary:english-vocab-context-12-1jd1pbt","english-vocabulary"
"pilot_slot_095","19","1","launch-candidate:phase5h:6:error-detective:math-equation-error-01-nl452y","phase5h:6:error-detective:math-equation-error-01-nl452y","error-detective"
"pilot_slot_095","19","1","launch-candidate:phase5h:7:forbidden-story:story-forbidden-u-01-1ujd3uf","phase5h:7:forbidden-story:story-forbidden-u-01-1ujd3uf","forbidden-story"
"pilot_slot_095","19","1","launch-candidate:phase5h:5:geometry-lab:g35-geometry-composite-area-01-8grgur","phase5h:5:geometry-lab:g35-geometry-composite-area-01-8grgur","geometry-lab"
"pilot_slot_095","19","2","launch-candidate:phase5h:8:lgs-foundation:lgs-probability-bag-01-10u5ryk","phase5h:8:lgs-foundation:lgs-probability-bag-01-10u5ryk","lgs-foundation"
"pilot_slot_095","19","2","launch-candidate:phase5h:8:logic-station:logic-schedule-possible-01-mssrym","phase5h:8:logic-station:logic-schedule-possible-01-mssrym","logic-station"
"pilot_slot_095","19","2","launch-candidate:phase5h:8:meaning-hunt:meaning-isik-tutmak-01-aq5911","phase5h:8:meaning-hunt:meaning-isik-tutmak-01-aq5911","meaning-hunt"
"pilot_slot_095","19","2","launch-candidate:phase5h:7:pattern-lab:pattern-matchsticks-01-jmob3w","phase5h:7:pattern-lab:pattern-matchsticks-01-jmob3w","pattern-lab"
"pilot_slot_095","19","2","launch-candidate:phase5h:8:problem-hunter:g8-linear-tank-01","phase5h:8:problem-hunter:g8-linear-tank-01","problem-hunter"
"pilot_slot_095","19","2","launch-candidate:phase5h:5:religion-practice:g5-ihlas-meaning-01","phase5h:5:religion-practice:g5-ihlas-meaning-01","religion-practice"
"pilot_slot_095","19","3","launch-candidate:phase5h:5:science-lab:g5-conductor-evidence-01","phase5h:5:science-lab:g5-conductor-evidence-01","science-lab"
"pilot_slot_095","19","3","launch-candidate:phase5h:6:science-reasoning:g6-bulb-brightness-variable-01","phase5h:6:science-reasoning:g6-bulb-brightness-variable-01","science-reasoning"
"pilot_slot_095","19","3","launch-candidate:phase5h:7:social-citizenship:g7-accessibility-equality-01","phase5h:7:social-citizenship:g7-accessibility-equality-01","social-citizenship"
"pilot_slot_095","19","3","launch-candidate:phase5h:6:social-map-skills:g6-relative-location-01","phase5h:6:social-map-skills:g6-relative-location-01","social-map-skills"
"pilot_slot_095","19","3","launch-candidate:phase5h:5:social-time-travel:g5-first-settlements-evidence-01","phase5h:5:social-time-travel:g5-first-settlements-evidence-01","social-time-travel"
"pilot_slot_095","19","3","launch-candidate:phase5h:5:target-number:target-number-premium-03-287srg","phase5h:5:target-number:target-number-premium-03-287srg","target-number"
"pilot_slot_095","19","4","launch-candidate:phase5h:6:word-ladder:ladder-nar-kol-01-1ti8nxf","phase5h:6:word-ladder:ladder-nar-kol-01-1ti8nxf","word-ladder"
"pilot_slot_095","19","4","launch-candidate:phase5h:5:word-mine:word-mine-premium-05-scc0je","phase5h:5:word-mine:word-mine-premium-05-scc0je","word-mine"
"pilot_slot_095","19","4","launch-candidate:phase5h:6:religion-practice:g6-truthfulness-01","phase5h:6:religion-practice:g6-truthfulness-01","religion-practice"
"pilot_slot_095","19","4","launch-candidate:phase5h:7:science-lab:science-ecosystem-chain-01-1gv13n3","phase5h:7:science-lab:science-ecosystem-chain-01-1gv13n3","science-lab"
"pilot_slot_095","19","4","launch-candidate:phase5h:8:science-reasoning:g8-photosynthesis-light-01","phase5h:8:science-reasoning:g8-photosynthesis-light-01","science-reasoning"
"pilot_slot_095","19","4","launch-candidate:phase5h:8:religion-practice:religion-help-dignity-01-1sq4xqq","phase5h:8:religion-practice:religion-help-dignity-01-1sq4xqq","religion-practice"
"pilot_slot_096","20","1","launch-candidate:phase5h:6:english-cloze:eng-cloze-cause-result-01-19phl4r","phase5h:6:english-cloze:eng-cloze-cause-result-01-19phl4r","english-cloze"
"pilot_slot_096","20","1","launch-candidate:phase5h:7:english-sentence-builder:order-if-finish-01-11i74e","phase5h:7:english-sentence-builder:order-if-finish-01-11i74e","english-sentence-builder"
"pilot_slot_096","20","1","launch-candidate:phase5h:5:english-vocabulary:g35-en-vocab-protect-01-18is450","phase5h:5:english-vocabulary:g35-en-vocab-protect-01-18is450","english-vocabulary"
"pilot_slot_096","20","1","launch-candidate:phase5h:7:forbidden-story:story-forbidden-u-01-1ujd3uf","phase5h:7:forbidden-story:story-forbidden-u-01-1ujd3uf","forbidden-story"
"pilot_slot_096","20","1","launch-candidate:phase5h:5:geometry-lab:g35-geometry-composite-area-01-8grgur","phase5h:5:geometry-lab:g35-geometry-composite-area-01-8grgur","geometry-lab"
"pilot_slot_096","20","1","launch-candidate:phase5h:8:lgs-foundation:lgs-probability-bag-01-10u5ryk","phase5h:8:lgs-foundation:lgs-probability-bag-01-10u5ryk","lgs-foundation"
"pilot_slot_096","20","2","launch-candidate:phase5h:8:logic-station:logic-schedule-possible-01-mssrym","phase5h:8:logic-station:logic-schedule-possible-01-mssrym","logic-station"
"pilot_slot_096","20","2","launch-candidate:phase5h:7:olympiad-ladder:olympiad-pigeonhole-remainder-01-144voa7","phase5h:7:olympiad-ladder:olympiad-pigeonhole-remainder-01-144voa7","olympiad-ladder"
"pilot_slot_096","20","2","launch-candidate:phase5h:8:paragraph-detective:tr-main-idea-01-122remb","phase5h:8:paragraph-detective:tr-main-idea-01-122remb","paragraph-detective"
"pilot_slot_096","20","2","launch-candidate:phase5h:7:pattern-lab:pattern-matchsticks-01-jmob3w","phase5h:7:pattern-lab:pattern-matchsticks-01-jmob3w","pattern-lab"
"pilot_slot_096","20","2","launch-candidate:phase5h:8:problem-hunter:g8-linear-tank-01","phase5h:8:problem-hunter:g8-linear-tank-01","problem-hunter"
"pilot_slot_096","20","2","launch-candidate:phase5h:5:religion-practice:g5-ihlas-meaning-01","phase5h:5:religion-practice:g5-ihlas-meaning-01","religion-practice"
"pilot_slot_096","20","3","launch-candidate:phase5h:5:science-lab:g5-conductor-evidence-01","phase5h:5:science-lab:g5-conductor-evidence-01","science-lab"
"pilot_slot_096","20","3","launch-candidate:phase5h:6:science-reasoning:g6-bulb-brightness-variable-01","phase5h:6:science-reasoning:g6-bulb-brightness-variable-01","science-reasoning"
"pilot_slot_096","20","3","launch-candidate:phase5h:6:social-map-skills:g6-relative-location-01","phase5h:6:social-map-skills:g6-relative-location-01","social-map-skills"
"pilot_slot_096","20","3","launch-candidate:phase5h:8:social-time-travel:g8-national-struggle-source-01","phase5h:8:social-time-travel:g8-national-struggle-source-01","social-time-travel"
"pilot_slot_096","20","3","launch-candidate:phase5h:6:speed-math:speed-percent-sale-01-y9orlf","phase5h:6:speed-math:speed-percent-sale-01-y9orlf","speed-math"
"pilot_slot_096","20","3","launch-candidate:phase5h:5:target-number:target-number-premium-03-287srg","phase5h:5:target-number:target-number-premium-03-287srg","target-number"
"pilot_slot_096","20","4","launch-candidate:phase5h:6:word-ladder:ladder-nar-kol-01-1ti8nxf","phase5h:6:word-ladder:ladder-nar-kol-01-1ti8nxf","word-ladder"
"pilot_slot_096","20","4","launch-candidate:phase5h:5:word-mine:word-mine-premium-05-scc0je","phase5h:5:word-mine:word-mine-premium-05-scc0je","word-mine"
"pilot_slot_096","20","4","launch-candidate:phase5h:8:english-vocabulary:english-vocab-context-12-1jd1pbt","phase5h:8:english-vocabulary:english-vocab-context-12-1jd1pbt","english-vocabulary"
"pilot_slot_096","20","4","launch-candidate:phase5h:7:religion-practice:g7-belief-behaviour-01","phase5h:7:religion-practice:g7-belief-behaviour-01","religion-practice"
"pilot_slot_096","20","4","launch-candidate:phase5h:7:science-lab:science-ecosystem-chain-01-1gv13n3","phase5h:7:science-lab:science-ecosystem-chain-01-1gv13n3","science-lab"
"pilot_slot_096","20","4","launch-candidate:phase5h:8:religion-practice:religion-help-dignity-01-1sq4xqq","phase5h:8:religion-practice:religion-help-dignity-01-1sq4xqq","religion-practice"
"pilot_slot_097","20","1","launch-candidate:phase5h:6:english-cloze:eng-cloze-cause-result-01-19phl4r","phase5h:6:english-cloze:eng-cloze-cause-result-01-19phl4r","english-cloze"
"pilot_slot_097","20","1","launch-candidate:phase5h:5:english-vocabulary:g35-en-vocab-protect-01-18is450","phase5h:5:english-vocabulary:g35-en-vocab-protect-01-18is450","english-vocabulary"
"pilot_slot_097","20","1","launch-candidate:phase5h:6:error-detective:math-equation-error-01-nl452y","phase5h:6:error-detective:math-equation-error-01-nl452y","error-detective"
"pilot_slot_097","20","1","launch-candidate:phase5h:7:forbidden-story:story-forbidden-u-01-1ujd3uf","phase5h:7:forbidden-story:story-forbidden-u-01-1ujd3uf","forbidden-story"
"pilot_slot_097","20","1","launch-candidate:phase5h:5:geometry-lab:g35-geometry-composite-area-01-8grgur","phase5h:5:geometry-lab:g35-geometry-composite-area-01-8grgur","geometry-lab"
"pilot_slot_097","20","1","launch-candidate:phase5h:8:logic-station:logic-schedule-possible-01-mssrym","phase5h:8:logic-station:logic-schedule-possible-01-mssrym","logic-station"
"pilot_slot_097","20","2","launch-candidate:phase5h:8:meaning-hunt:meaning-isik-tutmak-01-aq5911","phase5h:8:meaning-hunt:meaning-isik-tutmak-01-aq5911","meaning-hunt"
"pilot_slot_097","20","2","launch-candidate:phase5h:7:olympiad-ladder:olympiad-pigeonhole-remainder-01-144voa7","phase5h:7:olympiad-ladder:olympiad-pigeonhole-remainder-01-144voa7","olympiad-ladder"
"pilot_slot_097","20","2","launch-candidate:phase5h:8:paragraph-detective:tr-main-idea-01-122remb","phase5h:8:paragraph-detective:tr-main-idea-01-122remb","paragraph-detective"
"pilot_slot_097","20","2","launch-candidate:phase5h:7:pattern-lab:pattern-matchsticks-01-jmob3w","phase5h:7:pattern-lab:pattern-matchsticks-01-jmob3w","pattern-lab"
"pilot_slot_097","20","2","launch-candidate:phase5h:5:religion-practice:g5-ihlas-meaning-01","phase5h:5:religion-practice:g5-ihlas-meaning-01","religion-practice"
"pilot_slot_097","20","2","launch-candidate:phase5h:5:science-lab:g5-conductor-evidence-01","phase5h:5:science-lab:g5-conductor-evidence-01","science-lab"
"pilot_slot_097","20","3","launch-candidate:phase5h:8:science-reasoning:g8-photosynthesis-light-01","phase5h:8:science-reasoning:g8-photosynthesis-light-01","science-reasoning"
"pilot_slot_097","20","3","launch-candidate:phase5h:7:social-citizenship:g7-accessibility-equality-01","phase5h:7:social-citizenship:g7-accessibility-equality-01","social-citizenship"
"pilot_slot_097","20","3","launch-candidate:phase5h:6:social-map-skills:g6-relative-location-01","phase5h:6:social-map-skills:g6-relative-location-01","social-map-skills"
"pilot_slot_097","20","3","launch-candidate:phase5h:5:social-time-travel:g5-first-settlements-evidence-01","phase5h:5:social-time-travel:g5-first-settlements-evidence-01","social-time-travel"
"pilot_slot_097","20","3","launch-candidate:phase5h:5:target-number:target-number-premium-03-287srg","phase5h:5:target-number:target-number-premium-03-287srg","target-number"
"pilot_slot_097","20","3","launch-candidate:phase5h:5:word-mine:word-mine-premium-05-scc0je","phase5h:5:word-mine:word-mine-premium-05-scc0je","word-mine"
"pilot_slot_097","20","4","launch-candidate:phase5h:8:english-vocabulary:english-vocab-context-12-1jd1pbt","phase5h:8:english-vocabulary:english-vocab-context-12-1jd1pbt","english-vocabulary"
"pilot_slot_097","20","4","launch-candidate:phase5h:6:religion-practice:g6-truthfulness-01","phase5h:6:religion-practice:g6-truthfulness-01","religion-practice"
"pilot_slot_097","20","4","launch-candidate:phase5h:7:science-lab:science-ecosystem-chain-01-1gv13n3","phase5h:7:science-lab:science-ecosystem-chain-01-1gv13n3","science-lab"
"pilot_slot_097","20","4","launch-candidate:phase5h:8:social-time-travel:g8-national-struggle-source-01","phase5h:8:social-time-travel:g8-national-struggle-source-01","social-time-travel"
"pilot_slot_097","20","4","launch-candidate:phase5h:7:religion-practice:g7-belief-behaviour-01","phase5h:7:religion-practice:g7-belief-behaviour-01","religion-practice"
"pilot_slot_097","20","4","launch-candidate:phase5h:8:religion-practice:religion-help-dignity-01-1sq4xqq","phase5h:8:religion-practice:religion-help-dignity-01-1sq4xqq","religion-practice"
"pilot_slot_098","20","1","launch-candidate:phase5h:6:english-cloze:eng-cloze-cause-result-01-19phl4r","phase5h:6:english-cloze:eng-cloze-cause-result-01-19phl4r","english-cloze"
"pilot_slot_098","20","1","launch-candidate:phase5h:7:english-sentence-builder:order-if-finish-01-11i74e","phase5h:7:english-sentence-builder:order-if-finish-01-11i74e","english-sentence-builder"
"pilot_slot_098","20","1","launch-candidate:phase5h:8:english-vocabulary:english-vocab-context-12-1jd1pbt","phase5h:8:english-vocabulary:english-vocab-context-12-1jd1pbt","english-vocabulary"
"pilot_slot_098","20","1","launch-candidate:phase5h:6:error-detective:math-equation-error-01-nl452y","phase5h:6:error-detective:math-equation-error-01-nl452y","error-detective"
"pilot_slot_098","20","1","launch-candidate:phase5h:7:forbidden-story:story-forbidden-u-01-1ujd3uf","phase5h:7:forbidden-story:story-forbidden-u-01-1ujd3uf","forbidden-story"
"pilot_slot_098","20","1","launch-candidate:phase5h:5:geometry-lab:g35-geometry-composite-area-01-8grgur","phase5h:5:geometry-lab:g35-geometry-composite-area-01-8grgur","geometry-lab"
"pilot_slot_098","20","2","launch-candidate:phase5h:8:lgs-foundation:lgs-probability-bag-01-10u5ryk","phase5h:8:lgs-foundation:lgs-probability-bag-01-10u5ryk","lgs-foundation"
"pilot_slot_098","20","2","launch-candidate:phase5h:8:logic-station:logic-schedule-possible-01-mssrym","phase5h:8:logic-station:logic-schedule-possible-01-mssrym","logic-station"
"pilot_slot_098","20","2","launch-candidate:phase5h:8:meaning-hunt:meaning-isik-tutmak-01-aq5911","phase5h:8:meaning-hunt:meaning-isik-tutmak-01-aq5911","meaning-hunt"
"pilot_slot_098","20","2","launch-candidate:phase5h:7:pattern-lab:pattern-matchsticks-01-jmob3w","phase5h:7:pattern-lab:pattern-matchsticks-01-jmob3w","pattern-lab"
"pilot_slot_098","20","2","launch-candidate:phase5h:8:problem-hunter:g8-linear-tank-01","phase5h:8:problem-hunter:g8-linear-tank-01","problem-hunter"
"pilot_slot_098","20","2","launch-candidate:phase5h:5:religion-practice:g5-ihlas-meaning-01","phase5h:5:religion-practice:g5-ihlas-meaning-01","religion-practice"
"pilot_slot_098","20","3","launch-candidate:phase5h:5:science-lab:g5-conductor-evidence-01","phase5h:5:science-lab:g5-conductor-evidence-01","science-lab"
"pilot_slot_098","20","3","launch-candidate:phase5h:6:science-reasoning:g6-bulb-brightness-variable-01","phase5h:6:science-reasoning:g6-bulb-brightness-variable-01","science-reasoning"
"pilot_slot_098","20","3","launch-candidate:phase5h:7:social-citizenship:g7-accessibility-equality-01","phase5h:7:social-citizenship:g7-accessibility-equality-01","social-citizenship"
"pilot_slot_098","20","3","launch-candidate:phase5h:5:social-time-travel:g5-first-settlements-evidence-01","phase5h:5:social-time-travel:g5-first-settlements-evidence-01","social-time-travel"
"pilot_slot_098","20","3","launch-candidate:phase5h:6:speed-math:speed-percent-sale-01-y9orlf","phase5h:6:speed-math:speed-percent-sale-01-y9orlf","speed-math"
"pilot_slot_098","20","3","launch-candidate:phase5h:5:target-number:target-number-premium-03-287srg","phase5h:5:target-number:target-number-premium-03-287srg","target-number"
"pilot_slot_098","20","4","launch-candidate:phase5h:6:word-ladder:ladder-nar-kol-01-1ti8nxf","phase5h:6:word-ladder:ladder-nar-kol-01-1ti8nxf","word-ladder"
"pilot_slot_098","20","4","launch-candidate:phase5h:5:word-mine:word-mine-premium-05-scc0je","phase5h:5:word-mine:word-mine-premium-05-scc0je","word-mine"
"pilot_slot_098","20","4","launch-candidate:phase5h:6:religion-practice:g6-truthfulness-01","phase5h:6:religion-practice:g6-truthfulness-01","religion-practice"
"pilot_slot_098","20","4","launch-candidate:phase5h:7:science-lab:science-ecosystem-chain-01-1gv13n3","phase5h:7:science-lab:science-ecosystem-chain-01-1gv13n3","science-lab"
"pilot_slot_098","20","4","launch-candidate:phase5h:8:science-reasoning:g8-photosynthesis-light-01","phase5h:8:science-reasoning:g8-photosynthesis-light-01","science-reasoning"
"pilot_slot_098","20","4","launch-candidate:phase5h:8:religion-practice:religion-help-dignity-01-1sq4xqq","phase5h:8:religion-practice:religion-help-dignity-01-1sq4xqq","religion-practice"
"pilot_slot_099","20","1","launch-candidate:phase5h:6:english-cloze:eng-cloze-cause-result-01-19phl4r","phase5h:6:english-cloze:eng-cloze-cause-result-01-19phl4r","english-cloze"
"pilot_slot_099","20","1","launch-candidate:phase5h:7:english-sentence-builder:order-if-finish-01-11i74e","phase5h:7:english-sentence-builder:order-if-finish-01-11i74e","english-sentence-builder"
"pilot_slot_099","20","1","launch-candidate:phase5h:5:english-vocabulary:g35-en-vocab-protect-01-18is450","phase5h:5:english-vocabulary:g35-en-vocab-protect-01-18is450","english-vocabulary"
"pilot_slot_099","20","1","launch-candidate:phase5h:6:error-detective:math-equation-error-01-nl452y","phase5h:6:error-detective:math-equation-error-01-nl452y","error-detective"
"pilot_slot_099","20","1","launch-candidate:phase5h:8:lgs-foundation:lgs-probability-bag-01-10u5ryk","phase5h:8:lgs-foundation:lgs-probability-bag-01-10u5ryk","lgs-foundation"
"pilot_slot_099","20","1","launch-candidate:phase5h:8:logic-station:logic-schedule-possible-01-mssrym","phase5h:8:logic-station:logic-schedule-possible-01-mssrym","logic-station"
"pilot_slot_099","20","2","launch-candidate:phase5h:8:meaning-hunt:meaning-isik-tutmak-01-aq5911","phase5h:8:meaning-hunt:meaning-isik-tutmak-01-aq5911","meaning-hunt"
"pilot_slot_099","20","2","launch-candidate:phase5h:7:olympiad-ladder:olympiad-pigeonhole-remainder-01-144voa7","phase5h:7:olympiad-ladder:olympiad-pigeonhole-remainder-01-144voa7","olympiad-ladder"
"pilot_slot_099","20","2","launch-candidate:phase5h:8:paragraph-detective:tr-main-idea-01-122remb","phase5h:8:paragraph-detective:tr-main-idea-01-122remb","paragraph-detective"
"pilot_slot_099","20","2","launch-candidate:phase5h:7:pattern-lab:pattern-matchsticks-01-jmob3w","phase5h:7:pattern-lab:pattern-matchsticks-01-jmob3w","pattern-lab"
"pilot_slot_099","20","2","launch-candidate:phase5h:8:problem-hunter:g8-linear-tank-01","phase5h:8:problem-hunter:g8-linear-tank-01","problem-hunter"
"pilot_slot_099","20","2","launch-candidate:phase5h:6:religion-practice:g6-truthfulness-01","phase5h:6:religion-practice:g6-truthfulness-01","religion-practice"
"pilot_slot_099","20","3","launch-candidate:phase5h:5:science-lab:g5-conductor-evidence-01","phase5h:5:science-lab:g5-conductor-evidence-01","science-lab"
"pilot_slot_099","20","3","launch-candidate:phase5h:6:science-reasoning:g6-bulb-brightness-variable-01","phase5h:6:science-reasoning:g6-bulb-brightness-variable-01","science-reasoning"
"pilot_slot_099","20","3","launch-candidate:phase5h:7:social-citizenship:g7-accessibility-equality-01","phase5h:7:social-citizenship:g7-accessibility-equality-01","social-citizenship"
"pilot_slot_099","20","3","launch-candidate:phase5h:6:social-map-skills:g6-relative-location-01","phase5h:6:social-map-skills:g6-relative-location-01","social-map-skills"
"pilot_slot_099","20","3","launch-candidate:phase5h:5:social-time-travel:g5-first-settlements-evidence-01","phase5h:5:social-time-travel:g5-first-settlements-evidence-01","social-time-travel"
"pilot_slot_099","20","3","launch-candidate:phase5h:6:speed-math:speed-percent-sale-01-y9orlf","phase5h:6:speed-math:speed-percent-sale-01-y9orlf","speed-math"
"pilot_slot_099","20","4","launch-candidate:phase5h:5:target-number:target-number-premium-03-287srg","phase5h:5:target-number:target-number-premium-03-287srg","target-number"
"pilot_slot_099","20","4","launch-candidate:phase5h:6:word-ladder:ladder-nar-kol-01-1ti8nxf","phase5h:6:word-ladder:ladder-nar-kol-01-1ti8nxf","word-ladder"
"pilot_slot_099","20","4","launch-candidate:phase5h:7:religion-practice:g7-belief-behaviour-01","phase5h:7:religion-practice:g7-belief-behaviour-01","religion-practice"
"pilot_slot_099","20","4","launch-candidate:phase5h:8:science-reasoning:g8-photosynthesis-light-01","phase5h:8:science-reasoning:g8-photosynthesis-light-01","science-reasoning"
"pilot_slot_099","20","4","launch-candidate:phase5h:8:social-time-travel:g8-national-struggle-source-01","phase5h:8:social-time-travel:g8-national-struggle-source-01","social-time-travel"
"pilot_slot_099","20","4","launch-candidate:phase5h:8:religion-practice:religion-help-dignity-01-1sq4xqq","phase5h:8:religion-practice:religion-help-dignity-01-1sq4xqq","religion-practice"
"pilot_slot_100","20","1","launch-candidate:phase5h:7:english-sentence-builder:order-if-finish-01-11i74e","phase5h:7:english-sentence-builder:order-if-finish-01-11i74e","english-sentence-builder"
"pilot_slot_100","20","1","launch-candidate:phase5h:5:english-vocabulary:g35-en-vocab-protect-01-18is450","phase5h:5:english-vocabulary:g35-en-vocab-protect-01-18is450","english-vocabulary"
"pilot_slot_100","20","1","launch-candidate:phase5h:6:error-detective:math-equation-error-01-nl452y","phase5h:6:error-detective:math-equation-error-01-nl452y","error-detective"
"pilot_slot_100","20","1","launch-candidate:phase5h:7:forbidden-story:story-forbidden-u-01-1ujd3uf","phase5h:7:forbidden-story:story-forbidden-u-01-1ujd3uf","forbidden-story"
"pilot_slot_100","20","1","launch-candidate:phase5h:5:geometry-lab:g35-geometry-composite-area-01-8grgur","phase5h:5:geometry-lab:g35-geometry-composite-area-01-8grgur","geometry-lab"
"pilot_slot_100","20","1","launch-candidate:phase5h:8:lgs-foundation:lgs-probability-bag-01-10u5ryk","phase5h:8:lgs-foundation:lgs-probability-bag-01-10u5ryk","lgs-foundation"
"pilot_slot_100","20","2","launch-candidate:phase5h:8:meaning-hunt:meaning-isik-tutmak-01-aq5911","phase5h:8:meaning-hunt:meaning-isik-tutmak-01-aq5911","meaning-hunt"
"pilot_slot_100","20","2","launch-candidate:phase5h:7:olympiad-ladder:olympiad-pigeonhole-remainder-01-144voa7","phase5h:7:olympiad-ladder:olympiad-pigeonhole-remainder-01-144voa7","olympiad-ladder"
"pilot_slot_100","20","2","launch-candidate:phase5h:8:paragraph-detective:tr-main-idea-01-122remb","phase5h:8:paragraph-detective:tr-main-idea-01-122remb","paragraph-detective"
"pilot_slot_100","20","2","launch-candidate:phase5h:8:problem-hunter:g8-linear-tank-01","phase5h:8:problem-hunter:g8-linear-tank-01","problem-hunter"
"pilot_slot_100","20","2","launch-candidate:phase5h:5:religion-practice:g5-ihlas-meaning-01","phase5h:5:religion-practice:g5-ihlas-meaning-01","religion-practice"
"pilot_slot_100","20","2","launch-candidate:phase5h:7:science-lab:science-ecosystem-chain-01-1gv13n3","phase5h:7:science-lab:science-ecosystem-chain-01-1gv13n3","science-lab"
"pilot_slot_100","20","3","launch-candidate:phase5h:6:science-reasoning:g6-bulb-brightness-variable-01","phase5h:6:science-reasoning:g6-bulb-brightness-variable-01","science-reasoning"
"pilot_slot_100","20","3","launch-candidate:phase5h:7:social-citizenship:g7-accessibility-equality-01","phase5h:7:social-citizenship:g7-accessibility-equality-01","social-citizenship"
"pilot_slot_100","20","3","launch-candidate:phase5h:6:social-map-skills:g6-relative-location-01","phase5h:6:social-map-skills:g6-relative-location-01","social-map-skills"
"pilot_slot_100","20","3","launch-candidate:phase5h:5:social-time-travel:g5-first-settlements-evidence-01","phase5h:5:social-time-travel:g5-first-settlements-evidence-01","social-time-travel"
"pilot_slot_100","20","3","launch-candidate:phase5h:6:speed-math:speed-percent-sale-01-y9orlf","phase5h:6:speed-math:speed-percent-sale-01-y9orlf","speed-math"
"pilot_slot_100","20","3","launch-candidate:phase5h:6:word-ladder:ladder-nar-kol-01-1ti8nxf","phase5h:6:word-ladder:ladder-nar-kol-01-1ti8nxf","word-ladder"
"pilot_slot_100","20","4","launch-candidate:phase5h:5:word-mine:word-mine-premium-05-scc0je","phase5h:5:word-mine:word-mine-premium-05-scc0je","word-mine"
"pilot_slot_100","20","4","launch-candidate:phase5h:8:english-vocabulary:english-vocab-context-12-1jd1pbt","phase5h:8:english-vocabulary:english-vocab-context-12-1jd1pbt","english-vocabulary"
"pilot_slot_100","20","4","launch-candidate:phase5h:6:religion-practice:g6-truthfulness-01","phase5h:6:religion-practice:g6-truthfulness-01","religion-practice"
"pilot_slot_100","20","4","launch-candidate:phase5h:8:science-reasoning:g8-photosynthesis-light-01","phase5h:8:science-reasoning:g8-photosynthesis-light-01","science-reasoning"
"pilot_slot_100","20","4","launch-candidate:phase5h:8:social-time-travel:g8-national-struggle-source-01","phase5h:8:social-time-travel:g8-national-struggle-source-01","social-time-travel"
"pilot_slot_100","20","4","launch-candidate:phase5h:7:religion-practice:g7-belief-behaviour-01","phase5h:7:religion-practice:g7-belief-behaviour-01","religion-practice"
